cd_utc,cd_bj,weekday,utc_hour,class,matched_events,xau_tr,xau_ret60_pct,xau_close,spx_ret60_pct,wti_ret60_pct
2024-09-16 14:07,2024-09-16 22:07,Mon,14,FP,,2.67,-0.11,2.67,0.217,0.974
2024-09-18 13:50,2024-09-18 21:50,Wed,13,FP,,3.36,-0.17,3.36,-0.144,0.151
2024-09-18 17:50,2024-09-19 01:50,Wed,17,FP,,2.58,-0.207,2.58,-0.021,0.223
2024-09-18 19:00,2024-09-19 03:00,Wed,19,FP,,2.95,-0.208,2.95,-0.72,-1.21
2024-09-18 20:00,2024-09-19 04:00,Wed,20,FP,,3.76,-0.895,3.76,-0.362,-0.57
2024-09-20 09:56,2024-09-20 17:56,Fri,9,FP,,2.72,-0.179,2.72,0.001,-0.19
2024-09-20 13:13,2024-09-20 21:13,Fri,13,FP,,2.7,-0.113,2.7,-0.074,0.311
2024-09-20 14:13,2024-09-20 22:13,Fri,14,FP,,2.73,-0.149,2.73,-0.272,-0.529
2024-09-22 22:00,2024-09-23 06:00,Sun,22,FP,,3.2,-0.08,3.2,0.088,0.138
2024-09-24 05:57,2024-09-24 13:57,Tue,5,FP,,2.71,-0.386,2.71,0.085,0.028
2024-09-25 14:51,2024-09-25 22:51,Wed,14,FP,,3.61,-0.24,3.61,0.026,-0.276
2024-09-26 12:12,2024-09-26 20:12,Thu,12,FP,,2.9,-0.143,2.9,-0.061,-0.103
2024-09-26 13:15,2024-09-26 21:15,Thu,13,FP,,4.24,-0.336,4.24,0.098,-0.547
2024-09-27 13:39,2024-09-27 21:39,Fri,13,FP,,2.81,-0.095,2.81,-0.113,-0.067
2024-09-27 14:39,2024-09-27 22:39,Fri,14,FP,,2.52,-0.302,2.52,0.13,0.525
2024-09-27 15:46,2024-09-27 23:46,Fri,15,FP,,2.83,-0.465,2.83,-0.129,-0.059
2024-09-30 01:47,2024-09-30 09:47,Mon,1,FP,,2.62,-0.424,2.62,-0.165,0.073
2024-09-30 11:03,2024-09-30 19:03,Mon,11,FP,,2.71,-0.477,2.71,-0.101,0.007
2024-09-30 13:44,2024-09-30 21:44,Mon,13,FP,,2.96,-0.133,2.96,0.177,-0.505
2024-09-30 18:07,2024-10-01 02:07,Mon,18,FP,,2.61,-0.195,2.61,-0.06,-0.46
2024-10-01 13:10,2024-10-01 21:10,Tue,13,FP,,2.68,-0.105,2.68,-0.002,-0.634
2024-10-01 15:06,2024-10-01 23:06,Tue,15,FP,,4.54,-0.343,4.54,-0.246,0.678
2024-10-02 05:28,2024-10-02 13:28,Wed,5,FP,,6.26,-0.25,6.26,-0.214,0.289
2024-10-02 12:16,2024-10-02 20:16,Wed,12,FP,,2.55,-0.144,2.55,0.007,-0.249
2024-10-02 15:07,2024-10-02 23:07,Wed,15,FP,,2.57,-0.668,2.57,0.192,-1.963
2024-10-03 14:03,2024-10-03 22:03,Thu,14,FP,,3.19,-0.137,3.19,0.248,0.195
2024-10-04 12:30,2024-10-04 20:30,Fri,12,FP,,16.7,-0.713,16.7,0.155,-0.763
2024-10-04 14:33,2024-10-04 22:33,Fri,14,FP,,2.67,-0.101,2.67,-0.558,-0.457
2024-10-04 15:41,2024-10-04 23:41,Fri,15,FP,,2.66,-0.077,2.66,0.088,0.58
2024-10-06 22:00,2024-10-07 06:00,Sun,22,FP,,2.87,-0.097,2.87,0.066,-0.554
2024-10-07 12:20,2024-10-07 20:20,Mon,12,FP,,3.13,-0.187,3.13,0.102,-0.773
2024-10-08 01:04,2024-10-08 09:04,Tue,1,FP,,2.64,-0.104,2.64,0.047,-0.817
2024-10-08 07:30,2024-10-08 15:30,Tue,7,FP,,2.7,-0.168,2.7,-0.008,-0.053
2024-10-08 12:30,2024-10-08 20:30,Tue,12,FP,,3.38,-0.122,3.38,-0.053,0.0
2024-10-08 13:30,2024-10-08 21:30,Tue,13,FP,,2.58,-0.354,2.58,0.099,-0.978
2024-10-08 14:30,2024-10-08 22:30,Tue,14,FP,,3.1,-0.425,3.1,0.147,-2.003
2024-10-08 15:32,2024-10-08 23:32,Tue,15,FP,,2.7,-0.679,2.7,0.187,-0.15
2024-10-08 17:09,2024-10-09 01:09,Tue,17,FP,,3.22,-0.088,3.22,-0.158,1.172
2024-10-09 12:20,2024-10-09 20:20,Wed,12,FP,,2.7,-0.073,2.7,-0.001,0.843
2024-10-09 13:30,2024-10-09 21:30,Wed,13,FP,,2.64,-0.204,2.64,-0.031,-1.851
2024-10-09 14:30,2024-10-09 22:30,Wed,14,FP,,3.5,-0.224,3.5,0.246,-0.069
2024-10-10 13:35,2024-10-10 21:35,Thu,13,FP,,2.64,-0.164,2.64,-0.045,0.047
2024-10-11 06:26,2024-10-11 14:26,Fri,6,FP,,2.63,-0.111,2.63,0.017,-0.496
2024-10-13 22:00,2024-10-14 06:00,Sun,22,FP,,4.98,-0.176,4.98,0.0,-0.904
2024-10-15 19:53,2024-10-16 03:53,Tue,19,FP,,2.58,-0.105,2.58,-0.075,0.056
2024-10-16 13:50,2024-10-16 21:50,Wed,13,FP,,3.17,-0.064,3.17,-0.177,-0.621
2024-10-16 14:51,2024-10-16 22:51,Wed,14,FP,,2.63,-0.228,2.63,0.215,0.064
2024-10-17 12:30,2024-10-17 20:30,Thu,12,FP,,4.02,-0.445,4.02,0.022,0.057
2024-10-18 06:31,2024-10-18 14:31,Fri,6,FP,,2.7,-0.215,2.7,0.045,0.256
2024-10-18 13:42,2024-10-18 21:42,Fri,13,FP,,2.72,-0.135,2.72,-0.056,-0.96
2024-10-21 14:00,2024-10-21 22:00,Mon,14,FP,,2.83,-0.079,2.83,0.145,-0.257
2024-10-21 15:05,2024-10-21 23:05,Mon,15,FP,,3.41,-0.502,3.41,-0.479,-0.509
2024-10-23 13:02,2024-10-23 21:02,Wed,13,FP,,2.83,-0.352,2.83,-0.089,0.398
2024-10-23 14:08,2024-10-23 22:08,Wed,14,FP,,2.54,-0.179,2.54,-0.106,0.748
2024-10-23 15:09,2024-10-23 23:09,Wed,15,FP,,2.56,-0.636,2.56,-0.075,-1.205
2024-10-24 13:45,2024-10-24 21:45,Thu,13,FP,,3.7,-0.111,3.7,-0.372,0.281
2024-10-27 22:00,2024-10-28 06:00,Sun,22,FP,,6.56,-0.53,6.56,0.38,-5.09
2024-10-28 01:10,2024-10-28 09:10,Mon,1,FP,,2.63,-0.275,2.63,0.047,-0.531
2024-10-30 12:15,2024-10-30 20:15,Wed,12,FP,,4.35,-0.116,4.35,-0.084,0.236
2024-10-30 13:31,2024-10-30 21:31,Wed,13,FP,,4.4,-0.14,4.4,-0.07,-0.773
2024-10-31 12:30,2024-10-31 20:30,Thu,12,FP,,3.4,-0.075,3.4,0.115,0.377
2024-10-31 13:42,2024-10-31 21:42,Thu,13,FP,,2.57,-0.47,2.57,-0.217,0.181
2024-10-31 14:44,2024-10-31 22:44,Thu,14,FP,,3.41,-0.759,3.41,-0.554,0.173
2024-11-01 13:31,2024-11-01 21:31,Fri,13,FP,,3.02,-0.12,3.02,0.035,-0.225
2024-11-01 14:40,2024-11-01 22:40,Fri,14,FP,,2.83,-0.529,2.83,0.265,-1.547
2024-11-03 23:01,2024-11-04 07:01,Sun,23,FP,,5.1,-0.126,5.1,-0.324,1.489
2024-11-04 08:53,2024-11-04 16:53,Mon,8,FP,,2.65,-0.124,2.65,0.009,0.551
2024-11-04 14:36,2024-11-04 22:36,Mon,14,FP,,3.08,-0.117,3.08,-0.458,-0.336
2024-11-05 02:35,2024-11-05 10:35,Tue,2,FP,,4.02,-0.25,4.02,0.236,0.28
2024-11-05 15:00,2024-11-05 23:00,Tue,15,FP,,5.41,-0.154,5.41,0.635,0.264
2024-11-06 00:22,2024-11-06 08:22,Wed,0,FP,,3.04,-0.163,3.04,0.196,-0.049
2024-11-06 02:52,2024-11-06 10:52,Wed,2,FP,,3.71,-0.306,3.71,0.672,0.035
2024-11-06 06:24,2024-11-06 14:24,Wed,6,FP,,3.04,-0.419,3.04,0.307,-0.844
2024-11-06 09:18,2024-11-06 17:18,Wed,9,FP,,2.54,-0.31,2.54,0.232,-0.537
2024-11-06 11:21,2024-11-06 19:21,Wed,11,FP,,3.07,-0.248,3.07,0.021,0.381
2024-11-06 12:21,2024-11-06 20:21,Wed,12,FP,,2.67,-0.474,2.67,-0.148,-0.26
2024-11-06 13:22,2024-11-06 21:22,Wed,13,FP,,2.85,-0.843,2.85,0.169,-1.256
2024-11-06 14:30,2024-11-06 22:30,Wed,14,FP,,2.65,-0.55,2.65,-0.275,1.051
2024-11-06 16:20,2024-11-07 00:20,Wed,16,FP,,3.05,-0.087,3.05,-0.134,0.46
2024-11-07 01:10,2024-11-07 09:10,Thu,1,FP,,3.15,-0.104,3.15,-0.001,0.272
2024-11-08 01:02,2024-11-08 09:02,Fri,1,FP,,2.74,-0.15,2.74,-0.074,-0.076
2024-11-08 14:45,2024-11-08 22:45,Fri,14,FP,,3.56,-0.26,3.56,0.159,-0.099
2024-11-08 16:59,2024-11-09 00:59,Fri,16,FP,,2.64,-0.156,2.64,0.013,-0.341
2024-11-11 01:05,2024-11-11 09:05,Mon,1,FP,,3.4,-0.248,3.4,-0.075,-0.228
2024-11-11 02:36,2024-11-11 10:36,Mon,2,FP,,3.6,-0.384,3.6,-0.022,-0.143
2024-11-11 05:22,2024-11-11 13:22,Mon,5,FP,,3.97,-0.063,3.97,0.017,0.079
2024-11-11 11:05,2024-11-11 19:05,Mon,11,FP,,2.79,-0.268,2.79,-0.012,-0.274
2024-11-11 13:00,2024-11-11 21:00,Mon,13,FP,,4.0,-0.345,4.0,0.141,-0.513
2024-11-11 14:00,2024-11-11 22:00,Mon,14,FP,,3.48,-0.788,3.48,-0.166,-0.421
2024-11-11 15:28,2024-11-11 23:28,Mon,15,FP,,2.74,-0.262,2.74,-0.136,-0.431
2024-11-12 05:30,2024-11-12 13:30,Tue,5,FP,,4.88,-0.345,4.88,-0.062,0.07
2024-11-13 14:37,2024-11-13 22:37,Wed,14,FP,,2.82,-0.282,2.82,-0.185,-1.499
2024-11-13 15:41,2024-11-13 23:41,Wed,15,FP,,3.22,-0.249,3.22,-0.139,0.609
2024-11-13 16:55,2024-11-14 00:55,Wed,16,FP,,3.38,-0.769,3.38,0.103,0.206
2024-11-13 23:46,2024-11-14 07:46,Wed,23,FP,,2.66,-0.111,2.66,0.008,0.063
2024-11-14 01:00,2024-11-14 09:00,Thu,1,FP,,2.85,-0.052,2.85,-0.078,0.323
2024-11-14 05:37,2024-11-14 13:37,Thu,5,FP,,2.82,-0.171,2.82,-0.094,-0.191
2024-11-14 09:30,2024-11-14 17:30,Thu,9,FP,,5.82,-0.381,5.82,0.017,-0.388
2024-11-14 13:30,2024-11-14 21:30,Thu,13,FP,,3.57,-0.076,3.57,-0.037,0.363
2024-11-14 20:12,2024-11-15 04:12,Thu,20,FP,,3.66,-0.257,3.66,-0.169,-0.08
2024-11-15 13:32,2024-11-15 21:32,Fri,13,FP,,3.89,-0.174,3.89,-0.053,-0.372
2024-11-19 14:06,2024-11-19 22:06,Tue,14,FP,,2.93,-0.215,2.93,-0.637,0.451
2024-11-19 15:31,2024-11-19 23:31,Tue,15,FP,,3.52,-0.151,3.52,0.266,-1.116
2024-11-21 10:11,2024-11-21 18:11,Thu,10,FP,,3.62,-0.057,3.62,0.072,0.576
2024-11-21 13:00,2024-11-21 21:00,Thu,13,FP,,2.85,-0.394,2.85,0.181,-0.128
2024-11-22 03:51,2024-11-22 11:51,Fri,3,FP,,2.57,-0.075,2.57,-0.134,-0.305
2024-11-22 09:14,2024-11-22 17:14,Fri,9,FP,,2.85,-0.074,2.85,-0.212,-1.025
2024-11-22 11:42,2024-11-22 19:42,Fri,11,FP,,2.56,-0.255,2.56,0.004,-0.592
2024-11-22 13:27,2024-11-22 21:27,Fri,13,FP,,3.7,-0.218,3.7,0.063,0.173
2024-11-22 14:27,2024-11-22 22:27,Fri,14,FP,,2.88,-0.194,2.88,-0.037,0.798
2024-11-24 23:00,2024-11-25 07:00,Sun,23,FP,,23.55,-0.317,23.55,0.337,-0.066
2024-11-25 01:00,2024-11-25 09:00,Mon,1,FP,,4.16,-0.389,4.16,0.067,0.042
2024-11-25 02:13,2024-11-25 10:13,Mon,2,FP,,2.78,-0.063,2.78,0.0,-0.371
2024-11-25 03:22,2024-11-25 11:22,Mon,3,FP,,2.71,-0.432,2.71,0.008,-0.211
2024-11-25 05:30,2024-11-25 13:30,Mon,5,FP,,3.07,-0.054,3.07,-0.013,-0.261
2024-11-25 13:00,2024-11-25 21:00,Mon,13,FP,,4.55,-0.297,4.55,-0.017,-0.091
2024-11-25 14:01,2024-11-25 22:01,Mon,14,FP,,3.41,-0.127,3.41,0.184,-0.492
2024-11-25 15:03,2024-11-25 23:03,Mon,15,FP,,3.2,-1.407,3.2,-0.158,-1.113
2024-11-25 17:20,2024-11-26 01:20,Mon,17,FP,,3.43,-0.289,3.43,-0.309,0.138
2024-11-25 18:21,2024-11-26 02:21,Mon,18,FP,,2.8,-0.298,2.8,0.155,-0.318
2024-11-25 23:36,2024-11-26 07:36,Mon,23,FP,,2.97,-0.179,2.97,0.1,-0.242
2024-11-26 08:05,2024-11-26 16:05,Tue,8,FP,,2.73,-0.206,2.73,-0.065,-0.014
2024-11-26 13:30,2024-11-26 21:30,Tue,13,FP,,3.7,-0.057,3.7,-0.029,-0.022
2024-11-26 14:32,2024-11-26 22:32,Tue,14,FP,,4.0,-0.321,4.0,0.068,-0.137
2024-11-27 11:12,2024-11-27 19:12,Wed,11,FP,,4.06,-0.158,4.06,0.017,-0.405
2024-11-27 13:13,2024-11-27 21:13,Wed,13,FP,,2.56,-0.18,2.56,0.061,0.421
2024-11-27 15:00,2024-11-27 23:00,Wed,15,FP,,2.82,-0.201,2.82,-0.079,0.014
2024-11-27 16:03,2024-11-28 00:03,Wed,16,FP,,2.55,-0.072,2.55,-0.255,-0.275
2024-11-28 01:01,2024-11-28 09:01,Thu,1,FP,,3.0,-0.156,3.0,0.025,-0.145
2024-11-29 14:45,2024-11-29 22:45,Fri,14,FP,,3.91,-0.174,3.91,0.142,0.311
2024-11-29 18:29,2024-11-30 02:29,Fri,18,FP,,3.61,-0.136,3.61,-0.073,-0.08
2024-12-02 00:35,2024-12-02 08:35,Mon,0,FP,,3.4,-0.132,3.4,-0.037,0.059
2024-12-02 02:36,2024-12-02 10:36,Mon,2,FP,,3.1,-0.119,3.1,-0.075,0.529
2024-12-02 14:45,2024-12-02 22:45,Mon,14,FP,,3.42,-0.117,3.42,0.112,-0.906
2024-12-02 15:45,2024-12-02 23:45,Mon,15,FP,,2.58,-0.054,2.58,0.06,-0.051
2024-12-03 12:23,2024-12-03 20:23,Tue,12,FP,,2.6,-0.225,2.6,0.038,0.313
2024-12-03 15:00,2024-12-03 23:00,Tue,15,FP,,3.89,-0.376,3.89,-0.047,-0.239
2024-12-04 01:00,2024-12-04 09:00,Wed,1,FP,,2.83,-0.157,2.83,-0.048,-0.107
2024-12-04 12:47,2024-12-04 20:47,Wed,12,FP,,2.54,-0.128,2.54,0.038,-0.014
2024-12-05 14:31,2024-12-05 22:31,Thu,14,FP,,2.52,-0.088,2.52,0.05,0.525
2024-12-05 17:12,2024-12-06 01:12,Thu,17,FP,,4.12,-0.43,4.12,0.171,-0.299
2024-12-06 01:05,2024-12-06 09:05,Fri,1,FP,,2.86,-0.251,2.86,-0.013,-0.153
2024-12-06 06:37,2024-12-06 14:37,Fri,6,FP,,2.87,-0.101,2.87,0.02,-0.029
2024-12-06 13:18,2024-12-06 21:18,Fri,13,FP,,2.91,-0.233,2.91,-0.004,-0.074
2024-12-06 14:18,2024-12-06 22:18,Fri,14,FP,,3.41,-0.235,3.41,0.193,-0.074
2024-12-09 00:00,2024-12-09 08:00,Mon,0,FP,,5.09,-0.476,5.09,0.076,0.25
2024-12-09 01:00,2024-12-09 09:00,Mon,1,FP,,2.72,-0.087,2.72,-0.038,-0.171
2024-12-09 03:22,2024-12-09 11:22,Mon,3,FP,,2.86,-0.167,2.86,-0.028,-0.148
2024-12-10 16:00,2024-12-11 00:00,Tue,16,FP,,2.69,-0.157,2.69,-0.022,0.629
2024-12-11 03:44,2024-12-11 11:44,Wed,3,FP,,5.63,-0.227,5.63,0.005,-0.029
2024-12-11 04:52,2024-12-11 12:52,Wed,4,FP,,3.05,-0.507,3.05,-0.024,-0.065
2024-12-11 09:07,2024-12-11 17:07,Wed,9,FP,,2.94,-0.155,2.94,0.042,0.262
2024-12-11 13:24,2024-12-11 21:24,Wed,13,FP,,2.89,-0.155,2.89,0.038,-0.122
2024-12-12 01:30,2024-12-12 09:30,Thu,1,FP,,16.2,-0.815,16.2,0.021,-0.114
2024-12-12 09:38,2024-12-12 17:38,Thu,9,FP,,2.51,-0.077,2.51,-0.007,-0.085
2024-12-12 13:03,2024-12-12 21:03,Thu,13,FP,,2.59,-0.169,2.59,-0.052,-0.255
2024-12-12 14:10,2024-12-12 22:10,Thu,14,FP,,3.62,-0.483,3.62,0.001,-0.576
2024-12-12 15:20,2024-12-12 23:20,Thu,15,FP,,2.97,-0.078,2.97,-0.043,-0.929
2024-12-13 02:16,2024-12-13 10:16,Fri,2,FP,,3.39,-0.072,3.39,-0.049,-0.014
2024-12-13 08:57,2024-12-13 16:57,Fri,8,FP,,2.82,-0.313,2.82,0.064,-0.384
2024-12-13 13:26,2024-12-13 21:26,Fri,13,FP,,3.4,-0.137,3.4,0.034,-0.227
2024-12-13 14:26,2024-12-13 22:26,Fri,14,FP,,3.07,-0.161,3.07,-0.154,0.142
2024-12-13 18:41,2024-12-14 02:41,Fri,18,FP,,2.51,-0.193,2.51,0.156,0.091
2024-12-16 02:55,2024-12-16 10:55,Mon,2,FP,,2.68,-0.071,2.68,0.042,-0.141
2024-12-16 14:45,2024-12-16 22:45,Mon,14,FP,,2.9,-0.168,2.9,-0.078,0.347
2024-12-17 06:23,2024-12-17 14:23,Tue,6,FP,,2.55,-0.121,2.55,-0.064,0.363
2024-12-17 08:57,2024-12-17 16:57,Tue,8,FP,,4.23,-0.422,4.23,-0.067,-0.854
2024-12-17 13:36,2024-12-17 21:36,Tue,13,FP,,2.53,-0.136,2.53,-0.113,-0.029
2024-12-18 19:00,2024-12-19 03:00,Wed,19,FP,,9.28,-0.156,9.28,-0.268,0.2
2024-12-18 20:00,2024-12-19 04:00,Wed,20,FP,,3.17,-0.971,3.17,-1.22,-0.839
2024-12-18 21:09,2024-12-19 05:09,Wed,21,FP,,3.42,-0.444,3.42,-2.081,-0.263
2024-12-19 13:02,2024-12-19 21:02,Thu,13,FP,,2.61,-0.482,2.61,0.359,0.086
2024-12-19 14:07,2024-12-19 22:07,Thu,14,FP,,2.68,-0.217,2.68,-0.026,0.895
2024-12-25 23:01,2024-12-26 07:01,Wed,23,FP,,2.56,-0.076,2.56,0.062,0.135
2024-12-27 13:07,2024-12-27 21:07,Fri,13,FP,,2.87,-0.28,2.87,-0.083,0.086
2024-12-30 13:58,2024-12-30 21:58,Mon,13,FP,,3.03,-0.548,3.03,-0.347,0.283
2024-12-30 15:07,2024-12-30 23:07,Mon,15,FP,,3.03,-0.276,3.03,-0.335,-0.07
2025-01-02 13:27,2025-01-02 21:27,Thu,13,FP,,2.63,-0.086,2.63,-0.25,-0.124
2025-01-03 13:23,2025-01-03 21:23,Fri,13,FP,,4.31,-0.331,4.31,0.115,0.301
2025-01-03 15:00,2025-01-03 23:00,Fri,15,FP,,2.55,-0.085,2.55,0.248,0.191
2025-01-06 04:22,2025-01-06 12:22,Mon,4,FP,,2.61,-0.187,2.61,0.02,-0.102
2025-01-06 13:33,2025-01-06 21:33,Mon,13,FP,,2.52,-0.161,2.52,0.086,-0.188
2025-01-06 14:37,2025-01-06 22:37,Mon,14,FP,,3.06,-0.171,3.06,0.037,0.41
2025-01-08 17:36,2025-01-09 01:36,Wed,17,FP,,5.22,-0.347,5.22,-0.556,-0.082
2025-01-10 13:30,2025-01-10 21:30,Fri,13,FP,,12.11,-0.293,12.11,-0.544,0.736
2025-01-10 16:21,2025-01-11 00:21,Fri,16,FP,,3.27,-0.09,3.27,-0.028,-1.081
2025-01-13 10:03,2025-01-13 18:03,Mon,10,FP,,2.52,-0.176,2.52,-0.052,-0.709
2025-01-13 12:00,2025-01-13 20:00,Mon,12,FP,,4.26,-0.252,4.26,0.095,0.019
2025-01-13 13:37,2025-01-13 21:37,Mon,13,FP,,3.16,-0.156,3.16,0.075,-0.422
2025-01-14 13:20,2025-01-14 21:20,Tue,13,FP,,2.66,-0.144,2.66,-0.093,-0.452
2025-01-14 14:40,2025-01-14 22:40,Tue,14,FP,,2.67,-0.117,2.67,0.036,-0.064
2025-01-15 14:32,2025-01-15 22:32,Wed,14,FP,,2.86,-0.217,2.86,0.243,0.326
2025-01-21 00:50,2025-01-21 08:50,Tue,0,FP,,2.63,-0.146,2.63,-0.386,-1.567
2025-01-21 09:02,2025-01-21 17:02,Tue,9,FP,,2.51,-0.267,2.51,0.135,-0.562
2025-01-22 06:25,2025-01-22 14:25,Wed,6,FP,,2.54,-0.213,2.54,-0.024,-0.37
2025-01-22 13:35,2025-01-22 21:35,Wed,13,FP,,2.51,-0.077,2.51,0.079,-0.145
2025-01-23 09:20,2025-01-23 17:20,Thu,9,FP,,3.03,-0.206,3.03,-0.085,0.279
2025-01-23 12:14,2025-01-23 20:14,Thu,12,FP,,2.7,-0.084,2.7,0.019,0.205
2025-01-23 13:19,2025-01-23 21:19,Thu,13,FP,,2.66,-0.189,2.66,0.033,-0.35
2025-01-24 14:21,2025-01-24 22:21,Fri,14,FP,,2.57,-0.227,2.57,0.082,-0.173
2025-01-26 23:00,2025-01-27 07:00,Sun,23,FP,,5.57,-0.083,5.57,-0.461,-0.11
2025-01-27 07:28,2025-01-27 15:28,Mon,7,FP,,2.95,-0.146,2.95,-0.232,0.372
2025-01-27 13:20,2025-01-27 21:20,Mon,13,FP,,3.1,-0.127,3.1,0.399,-0.034
2025-01-27 14:30,2025-01-27 22:30,Mon,14,FP,,3.11,-0.326,3.11,0.075,0.189
2025-01-27 16:49,2025-01-28 00:49,Mon,16,FP,,2.51,-0.24,2.51,-0.248,-1.087
2025-01-30 21:16,2025-01-31 05:16,Thu,21,FP,,5.42,-0.14,5.42,-0.233,-0.059
2025-01-31 13:29,2025-01-31 21:29,Fri,13,FP,,2.68,-0.058,2.68,-0.007,0.316
2025-01-31 17:09,2025-02-01 01:09,Fri,17,FP,,3.53,-0.101,3.53,-0.164,-0.344
2025-01-31 18:18,2025-02-01 02:18,Fri,18,FP,,2.89,-0.342,2.89,-0.005,-0.138
2025-01-31 19:44,2025-02-01 03:44,Fri,19,FP,,2.67,-0.202,2.67,-0.524,-0.754
2025-02-02 23:21,2025-02-03 07:21,Sun,23,FP,,3.91,-0.158,3.91,-1.91,0.587
2025-02-03 01:07,2025-02-03 09:07,Mon,1,FP,,4.43,-0.26,4.43,-0.215,0.302
2025-02-03 02:29,2025-02-03 10:29,Mon,2,FP,,2.72,-0.152,2.72,-0.277,0.302
2025-02-04 05:05,2025-02-04 13:05,Tue,5,FP,,2.67,-0.126,2.67,-0.315,-0.249
2025-02-04 07:00,2025-02-04 15:00,Tue,7,FP,,2.64,-0.115,2.64,0.082,0.118
2025-02-04 10:31,2025-02-04 18:31,Tue,10,FP,,2.62,-0.102,2.62,0.034,0.224
2025-02-04 15:39,2025-02-04 23:39,Tue,15,FP,,3.68,-0.117,3.68,0.465,2.537
2025-02-05 13:20,2025-02-05 21:20,Wed,13,FP,,2.86,-0.09,2.86,0.05,0.007
2025-02-05 16:09,2025-02-06 00:09,Wed,16,FP,,4.86,-0.143,4.86,0.301,-0.286
2025-02-05 18:15,2025-02-06 02:15,Wed,18,FP,,5.03,-0.164,5.03,-0.001,-0.007
2025-02-06 06:48,2025-02-06 14:48,Thu,6,FP,,3.22,-0.128,3.22,-0.032,0.056
2025-02-06 08:21,2025-02-06 16:21,Thu,8,FP,,2.58,-0.296,2.58,-0.07,-0.126
2025-02-06 13:20,2025-02-06 21:20,Thu,13,FP,,2.97,-0.059,2.97,0.144,0.028
2025-02-06 14:46,2025-02-06 22:46,Thu,14,FP,,2.52,-0.199,2.52,0.093,-0.196
2025-02-07 13:30,2025-02-07 21:30,Fri,13,FP,,10.48,-0.108,10.48,-0.217,-0.049
2025-02-07 16:02,2025-02-08 00:02,Fri,16,FP,,2.69,-0.129,2.69,-0.576,-0.542
2025-02-07 17:12,2025-02-08 01:12,Fri,17,FP,,2.65,-0.535,2.65,-0.168,0.0
2025-02-09 23:00,2025-02-10 07:00,Sun,23,FP,,3.62,-0.155,3.62,-0.298,-0.108
2025-02-10 10:33,2025-02-10 18:33,Mon,10,FP,,3.18,-0.075,3.18,0.012,0.153
2025-02-10 14:13,2025-02-10 22:13,Mon,14,FP,,2.63,-0.208,2.63,0.033,-0.222
2025-02-10 17:35,2025-02-11 01:35,Mon,17,FP,,2.73,-0.174,2.73,-0.033,0.035
2025-02-11 02:36,2025-02-11 10:36,Tue,2,FP,,7.21,-0.184,7.21,-0.115,0.055
2025-02-11 07:03,2025-02-11 15:03,Tue,7,FP,,2.59,-0.434,2.59,-0.062,0.069
2025-02-11 08:22,2025-02-11 16:22,Tue,8,FP,,3.16,-0.175,3.16,-0.0,0.213
2025-02-11 12:09,2025-02-11 20:09,Tue,12,FP,,2.77,-0.22,2.77,0.027,0.314
2025-02-11 13:09,2025-02-11 21:09,Tue,13,FP,,2.51,-0.477,2.51,0.023,-0.014
2025-02-11 15:03,2025-02-11 23:03,Tue,15,FP,,3.43,-0.159,3.43,0.175,-0.552
2025-02-12 01:00,2025-02-12 09:00,Wed,1,FP,,2.9,-0.149,2.9,0.021,-0.021
2025-02-12 04:32,2025-02-12 12:32,Wed,4,FP,,2.81,-0.134,2.81,-0.02,-0.041
2025-02-12 10:32,2025-02-12 18:32,Wed,10,FP,,3.1,-0.232,3.1,0.054,-0.124
2025-02-12 13:14,2025-02-12 21:14,Wed,13,FP,,4.02,-0.111,4.02,0.1,-0.131
2025-02-14 13:30,2025-02-14 21:30,Fri,13,FP,,4.19,-0.11,4.19,0.033,0.146
2025-02-14 14:31,2025-02-14 22:31,Fri,14,FP,,2.78,-0.148,2.78,0.067,-0.473
2025-02-14 15:31,2025-02-14 23:31,Fri,15,FP,,2.52,-1.021,2.52,0.053,-0.853
2025-02-14 16:43,2025-02-15 00:43,Fri,16,FP,,3.56,-0.467,3.56,0.006,-0.155
2025-02-14 17:43,2025-02-15 01:43,Fri,17,FP,,2.98,-0.206,2.98,-0.128,-0.113
2025-02-14 20:42,2025-02-15 04:42,Fri,20,FP,,2.71,-0.103,2.71,-0.067,-0.049
2025-02-16 23:27,2025-02-17 07:27,Sun,23,FP,,4.82,-0.054,4.82,-0.023,-0.421
2025-02-17 06:03,2025-02-17 14:03,Mon,6,FP,,4.36,-0.288,4.36,0.006,0.113
2025-02-17 12:05,2025-02-17 20:05,Mon,12,FP,,2.66,-0.179,2.66,-0.033,-0.296
2025-02-18 01:33,2025-02-18 09:33,Tue,1,FP,,2.71,-0.218,2.71,0.043,-0.168
2025-02-19 02:49,2025-02-19 10:49,Wed,2,FP,,3.02,-0.384,3.02,0.028,-0.188
2025-02-19 12:00,2025-02-19 20:00,Wed,12,FP,,3.52,-0.447,3.52,-0.036,0.194
2025-02-19 14:18,2025-02-19 22:18,Wed,14,FP,,3.32,-0.054,3.32,-0.093,0.31
2025-02-19 15:58,2025-02-19 23:58,Wed,15,FP,,2.97,-0.338,2.97,0.009,-0.824
2025-02-20 12:11,2025-02-20 20:11,Thu,12,FP,,4.15,-0.108,4.15,-0.134,-0.055
2025-02-20 13:21,2025-02-20 21:21,Thu,13,FP,,2.66,-0.149,2.66,0.014,0.014
2025-02-20 14:30,2025-02-20 22:30,Thu,14,FP,,2.97,-0.381,2.97,0.054,0.145
2025-02-21 01:49,2025-02-21 09:49,Fri,1,FP,,2.7,-0.3,2.7,-0.02,-0.344
2025-02-21 03:10,2025-02-21 11:10,Fri,3,FP,,2.58,-0.12,2.58,-0.002,-0.014
2025-02-21 05:33,2025-02-21 13:33,Fri,5,FP,,2.67,-0.197,2.67,-0.029,-0.166
2025-02-21 08:21,2025-02-21 16:21,Fri,8,FP,,3.43,-0.49,3.43,-0.086,-0.18
2025-02-21 13:30,2025-02-21 21:30,Fri,13,FP,,2.77,-0.111,2.77,0.0,0.23
2025-02-21 15:01,2025-02-21 23:01,Fri,15,FP,,3.73,-0.058,3.73,-0.474,-0.759
2025-02-24 01:00,2025-02-24 09:00,Mon,1,FP,,3.61,-0.319,3.61,0.026,-0.142
2025-02-24 04:02,2025-02-24 12:02,Mon,4,FP,,2.59,-0.126,2.59,0.05,-0.128
2025-02-24 14:26,2025-02-24 22:26,Mon,14,FP,,3.89,-0.17,3.89,-0.136,0.356
2025-02-25 12:31,2025-02-25 20:31,Tue,12,FP,,3.09,-0.316,3.09,0.199,-0.34
2025-02-25 14:58,2025-02-25 22:58,Tue,14,FP,,2.61,-0.114,2.61,-0.407,0.014
2025-02-25 16:06,2025-02-26 00:06,Tue,16,FP,,3.68,-1.109,3.68,-0.386,-0.849
2025-02-26 01:57,2025-02-26 09:57,Wed,1,FP,,3.48,-0.226,3.48,-0.096,0.065
2025-02-26 04:11,2025-02-26 12:11,Wed,4,FP,,2.76,-0.149,2.76,-0.045,-0.01
2025-02-26 06:10,2025-02-26 14:10,Wed,6,FP,,4.11,-0.21,4.11,0.038,-0.116
2025-02-26 14:00,2025-02-26 22:00,Wed,14,FP,,2.66,-0.3,2.66,-0.072,-0.015
2025-02-27 02:48,2025-02-27 10:48,Thu,2,FP,,3.35,-0.257,3.35,0.114,-0.007
2025-02-27 05:27,2025-02-27 13:27,Thu,5,FP,,2.64,-0.394,2.64,0.222,0.058
2025-02-27 07:34,2025-02-27 15:34,Thu,7,FP,,2.59,-0.149,2.59,0.121,-0.102
2025-02-27 08:37,2025-02-27 16:37,Thu,8,FP,,2.67,-0.287,2.67,-0.034,0.225
2025-02-27 13:33,2025-02-27 21:33,Thu,13,FP,,4.12,-0.097,4.12,-0.143,-0.144
2025-02-27 14:39,2025-02-27 22:39,Thu,14,FP,,2.56,-0.064,2.56,-0.092,0.714
2025-02-28 02:01,2025-02-28 10:01,Fri,2,FP,,2.58,-0.18,2.58,0.013,-0.157
2025-02-28 03:42,2025-02-28 11:42,Fri,3,FP,,3.48,-0.332,3.48,-0.128,-0.128
2025-02-28 08:45,2025-02-28 16:45,Fri,8,FP,,2.66,-0.167,2.66,0.166,-0.237
2025-02-28 13:31,2025-02-28 21:31,Fri,13,FP,,3.11,-0.235,3.11,0.204,0.253
2025-02-28 14:32,2025-02-28 22:32,Fri,14,FP,,3.52,-0.221,3.52,-0.533,-0.359
2025-02-28 15:36,2025-02-28 23:36,Fri,15,FP,,3.62,-0.14,3.62,0.334,0.295
2025-02-28 17:05,2025-03-01 01:05,Fri,17,FP,,2.55,-0.136,2.55,-0.384,-0.25
2025-02-28 18:17,2025-03-01 02:17,Fri,18,FP,,2.64,-0.115,2.64,-0.778,0.172
2025-03-03 03:22,2025-03-03 11:22,Mon,3,FP,,3.12,-0.356,3.12,-0.109,0.362
2025-03-04 01:12,2025-03-04 09:12,Tue,1,FP,,3.15,-0.316,3.15,0.088,-0.286
2025-03-04 14:39,2025-03-04 22:39,Tue,14,FP,,3.28,-0.41,3.28,-0.167,0.081
2025-03-04 15:39,2025-03-04 23:39,Tue,15,FP,,2.53,-0.163,2.53,-0.769,-0.207
2025-03-05 01:11,2025-03-05 09:11,Wed,1,FP,,3.97,-0.19,3.97,-0.161,-0.049
2025-03-05 02:29,2025-03-05 10:29,Wed,2,FP,,3.45,-0.123,3.45,-0.172,-0.243
2025-03-05 10:56,2025-03-05 18:56,Wed,10,FP,,2.89,-0.324,2.89,-0.273,-0.564
2025-03-05 13:15,2025-03-05 21:15,Wed,13,FP,,3.43,-0.124,3.43,-0.164,-0.074
2025-03-05 14:19,2025-03-05 22:19,Wed,14,FP,,2.75,-0.395,2.75,0.042,-0.672
2025-03-05 17:10,2025-03-06 01:10,Wed,17,FP,,2.69,-0.071,2.69,0.272,-0.015
2025-03-06 07:23,2025-03-06 15:23,Thu,7,FP,,3.45,-0.175,3.45,0.0,0.3
2025-03-06 08:24,2025-03-06 16:24,Thu,8,FP,,2.77,-0.397,2.77,-0.463,-0.479
2025-03-06 09:42,2025-03-06 17:42,Thu,9,FP,,2.54,-0.247,2.54,-0.263,0.407
2025-03-06 12:32,2025-03-06 20:32,Thu,12,FP,,2.75,-0.175,2.75,-0.011,0.165
2025-03-06 17:52,2025-03-07 01:52,Thu,17,FP,,2.69,-0.054,2.69,-0.694,0.349
2025-03-07 00:09,2025-03-07 08:09,Fri,0,FP,,2.59,-0.269,2.59,-0.043,-0.008
2025-03-07 13:30,2025-03-07 21:30,Fri,13,FP,,10.29,-0.085,10.29,0.384,0.082
2025-03-07 15:38,2025-03-07 23:38,Fri,15,FP,,3.11,-0.09,3.11,-0.646,0.236
2025-03-07 17:13,2025-03-08 01:13,Fri,17,FP,,3.22,-0.233,3.22,-0.656,-0.69
2025-03-07 18:15,2025-03-08 02:15,Fri,18,FP,,2.51,-0.224,2.51,1.165,0.119
2025-03-10 07:54,2025-03-10 15:54,Mon,7,FP,,2.66,-0.184,2.66,-0.046,0.374
2025-03-10 09:01,2025-03-10 17:01,Mon,9,FP,,2.79,-0.277,2.79,-0.631,-0.402
2025-03-10 10:18,2025-03-10 18:18,Mon,10,FP,,2.89,-0.223,2.89,-0.044,0.142
2025-03-10 13:45,2025-03-10 21:45,Mon,13,FP,,3.42,-0.236,3.42,0.184,-1.036
2025-03-10 15:18,2025-03-10 23:18,Mon,15,FP,,3.22,-0.212,3.22,-0.246,-0.307
2025-03-10 16:47,2025-03-11 00:47,Mon,16,FP,,2.72,-0.334,2.72,-0.275,-0.255
2025-03-10 18:11,2025-03-11 02:11,Mon,18,FP,,2.94,-0.213,2.94,-0.152,-0.204
2025-03-11 01:10,2025-03-11 09:10,Tue,1,FP,,2.8,-0.101,2.8,-0.161,-0.465
2025-03-12 13:19,2025-03-12 21:19,Wed,13,FP,,2.55,-0.075,2.55,0.109,0.209
2025-03-13 06:10,2025-03-13 14:10,Thu,6,FP,,2.63,-0.219,2.63,-0.15,-0.192
2025-03-13 12:32,2025-03-13 20:32,Thu,12,FP,,2.52,-0.077,2.52,-0.069,-0.17
2025-03-13 22:02,2025-03-14 06:02,Thu,22,FP,,5.01,-0.121,5.01,-0.062,-0.018
2025-03-14 10:37,2025-03-14 18:37,Fri,10,FP,,2.69,-0.071,2.69,-0.166,-0.089
2025-03-14 13:32,2025-03-14 21:32,Fri,13,FP,,2.54,-0.278,2.54,-0.316,-0.566
2025-03-14 15:00,2025-03-14 23:00,Fri,15,FP,,4.42,-0.126,4.42,0.635,0.112
2025-03-17 12:15,2025-03-17 20:15,Mon,12,FP,,3.04,-0.373,3.04,-0.213,-0.103
2025-03-17 13:37,2025-03-17 21:37,Mon,13,FP,,2.82,-0.124,2.82,0.453,-0.14
2025-03-18 13:39,2025-03-18 21:39,Tue,13,FP,,4.89,-0.158,4.89,-0.457,-0.587
2025-03-18 15:00,2025-03-18 23:00,Tue,15,FP,,2.91,-0.149,2.91,-0.031,-0.281
2025-03-19 06:20,2025-03-19 14:20,Wed,6,FP,,3.62,-0.119,3.62,-0.049,-0.188
2025-03-19 09:04,2025-03-19 17:04,Wed,9,FP,,2.9,-0.379,2.9,0.102,-0.422
2025-03-19 13:33,2025-03-19 21:33,Wed,13,FP,,3.06,-0.253,3.06,0.207,0.008
2025-03-20 13:11,2025-03-20 21:11,Thu,13,FP,,3.08,-0.054,3.08,-0.19,-0.439
2025-03-20 14:11,2025-03-20 22:11,Thu,14,FP,,2.78,-0.075,2.78,0.789,0.868
2025-03-21 05:42,2025-03-21 13:42,Fri,5,FP,,4.45,-0.275,4.45,-0.012,-0.007
2025-03-24 14:31,2025-03-24 22:31,Mon,14,FP,,3.04,-0.377,3.04,0.463,0.716
2025-03-25 08:11,2025-03-25 16:11,Tue,8,FP,,3.16,-0.069,3.16,-0.105,0.195
2025-03-25 12:22,2025-03-25 20:22,Tue,12,FP,,2.82,-0.348,2.82,0.152,0.23
2025-03-25 15:30,2025-03-25 23:30,Tue,15,FP,,3.22,-0.277,3.22,-0.039,-0.562
2025-03-26 05:07,2025-03-26 13:07,Wed,5,FP,,2.52,-0.076,2.52,0.03,-0.029
2025-03-26 14:02,2025-03-26 22:02,Wed,14,FP,,2.81,-0.315,2.81,-0.273,0.575
2025-03-27 12:38,2025-03-27 20:38,Thu,12,FP,,2.94,-0.083,2.94,0.11,0.317
2025-03-27 13:40,2025-03-27 21:40,Thu,13,FP,,4.31,-0.416,4.31,-0.53,-0.524
2025-03-28 08:24,2025-03-28 16:24,Fri,8,FP,,2.95,-0.438,2.95,-0.228,0.0
2025-03-28 13:33,2025-03-28 21:33,Fri,13,FP,,3.18,-0.119,3.18,-0.159,-0.407
2025-03-28 14:34,2025-03-28 22:34,Fri,14,FP,,3.54,-0.053,3.54,-1.052,-0.588
2025-03-31 00:55,2025-03-31 08:55,Mon,0,FP,,2.99,-0.366,2.99,-0.171,-0.67
2025-03-31 10:12,2025-03-31 18:12,Mon,10,FP,,2.67,-0.215,2.67,0.004,-0.473
2025-03-31 11:35,2025-03-31 19:35,Mon,11,FP,,2.66,-0.125,2.66,-0.291,-0.115
2025-03-31 13:04,2025-03-31 21:04,Mon,13,FP,,3.31,-0.106,3.31,0.219,0.244
2025-03-31 14:06,2025-03-31 22:06,Mon,14,FP,,2.85,-0.059,2.85,0.03,1.047
2025-03-31 16:12,2025-04-01 00:12,Mon,16,FP,,3.04,-0.388,3.04,0.098,0.535
2025-04-01 00:06,2025-04-01 08:06,Tue,0,FP,,2.91,-0.12,2.91,-0.165,-0.063
2025-04-01 05:02,2025-04-01 13:02,Tue,5,FP,,2.82,-0.137,2.82,0.107,0.028
2025-04-01 06:02,2025-04-01 14:02,Tue,6,FP,,2.56,-0.387,2.56,-0.058,-0.098
2025-04-01 07:28,2025-04-01 15:28,Tue,7,FP,,3.65,-0.173,3.65,0.154,-0.237
2025-04-01 11:21,2025-04-01 19:21,Tue,11,FP,,3.03,-0.201,3.03,-0.242,-0.73
2025-04-01 13:31,2025-04-01 21:31,Tue,13,FP,,3.62,-0.09,3.62,-0.047,0.441
2025-04-01 14:32,2025-04-01 22:32,Tue,14,FP,,2.91,-0.182,2.91,-0.286,-0.237
2025-04-01 15:42,2025-04-01 23:42,Tue,15,FP,,3.45,-0.252,3.45,0.454,-0.202
2025-04-02 04:49,2025-04-02 12:49,Wed,4,FP,,3.04,-0.302,3.04,0.009,0.021
2025-04-02 10:46,2025-04-02 18:46,Wed,10,FP,,3.51,-0.506,3.51,-0.27,-0.569
2025-04-02 13:46,2025-04-02 21:46,Wed,13,FP,,4.02,-0.087,4.02,0.596,0.467
2025-04-02 15:22,2025-04-02 23:22,Wed,15,FP,,5.13,-0.089,5.13,0.518,-0.056
2025-04-02 20:13,2025-04-03 04:13,Wed,20,FP,,13.61,-0.406,13.61,0.98,0.107
2025-04-02 22:04,2025-04-03 06:04,Wed,22,FP,,9.09,-0.063,9.09,-3.949,-0.845
2025-04-03 00:10,2025-04-03 08:10,Thu,0,FP,,7.05,-0.123,7.05,-0.018,-0.409
2025-04-03 01:11,2025-04-03 09:11,Thu,1,FP,,4.58,-0.099,4.58,0.397,0.316
2025-04-03 02:31,2025-04-03 10:31,Thu,2,FP,,2.77,-0.202,2.77,0.136,-0.057
2025-04-03 04:49,2025-04-03 12:49,Thu,4,FP,,2.87,-0.237,2.87,0.087,-0.164
2025-04-03 05:49,2025-04-03 13:49,Thu,5,FP,,2.9,-0.481,2.9,-0.213,-0.179
2025-04-03 06:51,2025-04-03 14:51,Thu,6,FP,,3.0,-0.051,3.0,-0.035,-0.279
2025-04-03 09:21,2025-04-03 17:21,Thu,9,FP,,2.81,-0.143,2.81,-0.232,-0.562
2025-04-03 10:22,2025-04-03 18:22,Thu,10,FP,,2.86,-0.437,2.86,-0.426,-1.014
2025-04-03 11:24,2025-04-03 19:24,Thu,11,FP,,2.66,-0.509,2.66,-0.028,-0.615
2025-04-03 12:24,2025-04-03 20:24,Thu,12,FP,,3.68,-0.468,3.68,0.085,-1.48
2025-04-03 13:25,2025-04-03 21:25,Thu,13,FP,,2.69,-0.45,2.69,-0.349,-0.493
2025-04-03 15:14,2025-04-03 23:14,Thu,15,FP,,3.88,-0.093,3.88,-0.232,-0.541
2025-04-03 16:23,2025-04-04 00:23,Thu,16,FP,,4.53,-0.277,4.53,0.661,0.347
2025-04-03 17:32,2025-04-04 01:32,Thu,17,FP,,2.91,-0.074,2.91,-0.617,0.225
2025-04-03 22:45,2025-04-04 06:45,Thu,22,FP,,3.19,-0.063,3.19,-0.218,-0.026
2025-04-04 02:25,2025-04-04 10:25,Fri,2,FP,,2.71,-0.244,2.71,-0.193,-0.083
2025-04-04 07:01,2025-04-04 15:01,Fri,7,FP,,2.53,-0.286,2.53,-0.315,-0.783
2025-04-04 08:05,2025-04-04 16:05,Fri,8,FP,,2.62,-0.163,2.62,-0.254,-0.548
2025-04-04 11:41,2025-04-04 19:41,Fri,11,FP,,3.8,-0.084,3.8,-0.955,-1.243
2025-04-04 12:41,2025-04-04 20:41,Fri,12,FP,,6.28,-1.139,6.28,0.48,0.577
2025-04-04 13:42,2025-04-04 21:42,Fri,13,FP,,3.27,-0.059,3.27,-0.698,-0.911
2025-04-04 14:42,2025-04-04 22:42,Fri,14,FP,,3.2,-1.043,3.2,-0.689,-0.846
2025-04-04 15:42,2025-04-04 23:42,Fri,15,FP,,3.63,-0.652,3.63,0.16,1.732
2025-04-04 17:18,2025-04-05 01:18,Fri,17,FP,,3.36,-0.101,3.36,-0.83,-0.307
2025-04-04 18:45,2025-04-05 02:45,Fri,18,FP,,2.77,-0.134,2.77,-1.301,0.162
2025-04-08 03:11,2025-04-08 11:11,Tue,3,FP,,3.56,-0.284,3.56,-0.03,-0.163
2025-04-08 07:42,2025-04-08 15:42,Tue,7,FP,,2.82,-0.346,2.82,0.234,-1.458
2025-04-08 09:14,2025-04-08 17:14,Tue,9,FP,,3.14,-0.14,3.14,0.311,0.638
2025-04-08 12:21,2025-04-08 20:21,Tue,12,FP,,3.45,-0.153,3.45,0.794,0.246
2025-04-08 13:37,2025-04-08 21:37,Tue,13,FP,,3.79,-0.161,3.79,0.147,0.074
2025-04-08 15:00,2025-04-08 23:00,Tue,15,FP,,2.95,-0.215,2.95,-0.967,-0.604
2025-04-08 16:04,2025-04-09 00:04,Tue,16,FP,,2.78,-0.274,2.78,-0.479,0.271
2025-04-08 17:07,2025-04-09 01:07,Tue,17,FP,,3.22,-0.458,3.22,-1.896,-2.24
2025-04-08 19:26,2025-04-09 03:26,Tue,19,FP,,2.59,-0.14,2.59,-1.286,-1.817
2025-04-08 23:24,2025-04-09 07:24,Tue,23,FP,,2.8,-0.154,2.8,-0.421,-0.888
2025-04-09 00:57,2025-04-09 08:57,Wed,0,FP,,2.68,-0.081,2.68,-0.467,-1.174
2025-04-09 02:48,2025-04-09 10:48,Wed,2,FP,,4.6,-0.06,4.6,0.177,0.367
2025-04-09 04:02,2025-04-09 12:02,Wed,4,FP,,3.42,-0.088,3.42,-0.656,-1.255
2025-04-09 08:03,2025-04-09 16:03,Wed,8,FP,,2.59,-0.075,2.59,0.06,-0.026
2025-04-09 10:18,2025-04-09 18:18,Wed,10,FP,,3.33,-0.168,3.33,-0.736,-1.807
2025-04-09 12:20,2025-04-09 20:20,Wed,12,FP,,4.77,-0.062,4.77,-0.776,0.339
2025-04-09 14:51,2025-04-09 22:51,Wed,14,FP,,5.1,-0.067,5.1,-0.851,-1.866
2025-04-09 17:24,2025-04-10 01:24,Wed,17,FP,,16.0,-0.424,16.0,4.777,5.021
2025-04-09 18:24,2025-04-10 02:24,Wed,18,FP,,2.82,-0.272,2.82,2.735,3.868
2025-04-09 20:24,2025-04-10 04:24,Wed,20,FP,,2.59,-0.148,2.59,0.469,0.083
2025-04-09 22:00,2025-04-10 06:00,Wed,22,FP,,2.88,-0.055,2.88,0.213,0.523
2025-04-10 01:19,2025-04-10 09:19,Thu,1,FP,,2.88,-0.18,2.88,-0.469,-1.706
2025-04-10 05:38,2025-04-10 13:38,Thu,5,FP,,2.72,-0.166,2.72,-0.027,0.138
2025-04-10 07:30,2025-04-10 15:30,Thu,7,FP,,5.45,-0.286,5.45,-0.555,-1.298
2025-04-10 08:31,2025-04-10 16:31,Thu,8,FP,,5.07,-0.145,5.07,-0.781,-0.964
2025-04-10 12:36,2025-04-10 20:36,Thu,12,FP,,4.66,-0.15,4.66,-0.34,-0.082
2025-04-10 13:51,2025-04-10 21:51,Thu,13,FP,,2.69,-0.094,2.69,-0.024,-1.433
2025-04-10 16:01,2025-04-11 00:01,Thu,16,FP,,2.64,-0.066,2.64,-1.755,0.346
2025-04-10 17:02,2025-04-11 01:02,Thu,17,FP,,2.63,-0.089,2.63,0.961,0.369
2025-04-10 20:00,2025-04-11 04:00,Thu,20,FP,,2.62,-0.064,2.62,-0.624,-0.137
2025-04-11 01:57,2025-04-11 09:57,Fri,1,FP,,3.54,-0.059,3.54,0.606,-0.217
2025-04-11 04:15,2025-04-11 12:15,Fri,4,FP,,3.04,-0.103,3.04,0.638,-0.367
2025-04-11 05:16,2025-04-11 13:16,Fri,5,FP,,3.07,-0.072,3.07,-0.057,0.729
2025-04-11 06:24,2025-04-11 14:24,Fri,6,FP,,3.06,-0.569,3.06,0.852,0.556
2025-04-11 09:16,2025-04-11 17:16,Fri,9,FP,,3.04,-0.073,3.04,-0.379,-0.1
2025-04-11 10:43,2025-04-11 18:43,Fri,10,FP,,3.14,-0.167,3.14,0.726,0.316
2025-04-11 12:00,2025-04-11 20:00,Fri,12,FP,,3.08,-0.07,3.08,-0.343,-0.141
2025-04-11 13:51,2025-04-11 21:51,Fri,13,FP,,4.55,-0.112,4.55,-0.071,0.308
2025-04-11 15:00,2025-04-11 23:00,Fri,15,FP,,2.99,-0.071,2.99,0.003,0.474
2025-04-11 16:26,2025-04-12 00:26,Fri,16,FP,,2.7,-0.057,2.7,1.029,0.59
2025-04-11 17:29,2025-04-12 01:29,Fri,17,FP,,3.03,-0.2,3.03,0.471,1.122
2025-04-11 19:05,2025-04-12 03:05,Fri,19,FP,,4.17,-0.164,4.17,-0.195,0.171
2025-04-13 22:00,2025-04-14 06:00,Sun,22,FP,,10.72,-0.539,10.72,1.094,1.039
2025-04-13 23:03,2025-04-14 07:03,Sun,23,FP,,2.65,-0.102,2.65,-0.31,-0.916
2025-04-14 01:00,2025-04-14 09:00,Mon,1,FP,,2.87,-0.153,2.87,-0.102,0.114
2025-04-14 02:35,2025-04-14 10:35,Mon,2,FP,,2.95,-0.113,2.95,0.132,-0.326
2025-04-14 05:32,2025-04-14 13:32,Mon,5,FP,,3.61,-0.14,3.61,0.106,0.18
2025-04-14 07:38,2025-04-14 15:38,Mon,7,FP,,2.56,-0.076,2.56,-0.037,0.105
2025-04-14 08:40,2025-04-14 16:40,Mon,8,FP,,3.31,-0.21,3.31,0.152,0.057
2025-04-14 10:20,2025-04-14 18:20,Mon,10,FP,,6.36,-0.398,6.36,-0.219,0.291
2025-04-14 12:23,2025-04-14 20:23,Mon,12,FP,,3.59,-0.103,3.59,-0.076,-0.008
2025-04-14 13:24,2025-04-14 21:24,Mon,13,FP,,2.95,-0.586,2.95,0.414,-0.585
2025-04-14 15:37,2025-04-14 23:37,Mon,15,FP,,3.25,-0.141,3.25,-0.727,-0.898
2025-04-14 18:55,2025-04-15 02:55,Mon,18,FP,,3.93,-0.165,3.93,0.338,0.671
2025-04-15 05:48,2025-04-15 13:48,Tue,5,FP,,2.61,-0.212,2.61,0.005,-0.154
2025-04-15 07:37,2025-04-15 15:37,Tue,7,FP,,2.59,-0.266,2.59,0.402,0.057
2025-04-15 11:48,2025-04-15 19:48,Tue,11,FP,,2.55,-0.16,2.55,-0.257,-0.318
2025-04-15 13:45,2025-04-15 21:45,Tue,13,FP,,2.78,-0.136,2.78,0.675,0.843
2025-04-16 01:30,2025-04-16 09:30,Wed,1,FP,,6.63,-0.104,6.63,-0.061,-0.057
2025-04-16 03:17,2025-04-16 11:17,Wed,3,FP,,4.78,-0.116,4.78,-0.061,-0.22
2025-04-17 00:03,2025-04-17 08:03,Thu,0,FP,,3.22,-0.16,3.22,-1.337,0.008
2025-04-17 01:30,2025-04-17 09:30,Thu,1,FP,,10.2,-0.334,10.2,0.218,-0.016
2025-04-17 02:30,2025-04-17 10:30,Thu,2,FP,,2.84,-0.057,2.84,0.097,0.483
2025-04-17 05:07,2025-04-17 13:07,Thu,5,FP,,6.11,-0.137,6.11,-0.021,0.176
2025-04-17 06:23,2025-04-17 14:23,Thu,6,FP,,2.8,-0.308,2.8,0.24,-0.351
2025-04-17 07:23,2025-04-17 15:23,Thu,7,FP,,5.83,-0.439,5.83,0.066,-0.264
2025-04-17 08:35,2025-04-17 16:35,Thu,8,FP,,2.71,-0.238,2.71,-0.136,0.096
2025-04-17 11:38,2025-04-17 19:38,Thu,11,FP,,2.99,-0.134,2.99,-0.127,0.032
2025-04-17 13:02,2025-04-17 21:02,Thu,13,FP,,3.03,-0.052,3.03,-0.179,0.248
2025-04-17 14:02,2025-04-17 22:02,Thu,14,FP,,4.66,-0.629,4.66,0.123,-0.128
2025-04-17 15:02,2025-04-17 23:02,Thu,15,FP,,2.68,-0.314,2.68,-0.599,0.551
2025-04-21 04:01,2025-04-21 12:01,Mon,4,FP,,2.69,-0.091,2.69,-0.016,0.151
2025-04-21 07:45,2025-04-21 15:45,Mon,7,FP,,2.72,-0.052,2.72,-0.141,-0.214
2025-04-21 11:11,2025-04-21 19:11,Mon,11,FP,,4.58,-0.144,4.58,0.108,0.402
2025-04-21 14:47,2025-04-21 22:47,Mon,14,FP,,3.7,-0.153,3.7,-0.749,0.088
2025-04-21 16:38,2025-04-22 00:38,Mon,16,FP,,2.65,-0.337,2.65,0.09,-0.128
2025-04-21 19:31,2025-04-22 03:31,Mon,19,FP,,2.91,-0.088,2.91,0.049,0.368
2025-04-22 00:01,2025-04-22 08:01,Tue,0,FP,,5.05,-0.123,5.05,0.541,0.358
2025-04-22 04:29,2025-04-22 12:29,Tue,4,FP,,3.18,-0.153,3.18,-0.058,0.072
2025-04-22 05:31,2025-04-22 13:31,Tue,5,FP,,7.16,-0.215,7.16,0.005,0.183
2025-04-22 06:37,2025-04-22 14:37,Tue,6,FP,,4.38,-0.053,4.38,0.319,0.199
2025-04-22 07:38,2025-04-22 15:38,Tue,7,FP,,3.07,-0.1,3.07,0.196,0.294
2025-04-22 08:38,2025-04-22 16:38,Tue,8,FP,,4.16,-0.626,4.16,0.113,0.016
2025-04-22 09:39,2025-04-22 17:39,Tue,9,FP,,2.78,-0.051,2.78,-0.043,0.332
2025-04-22 10:46,2025-04-22 18:46,Tue,10,FP,,3.75,-0.058,3.75,-0.019,-0.228
2025-04-22 12:39,2025-04-22 20:39,Tue,12,FP,,3.82,-0.147,3.82,0.09,-0.379
2025-04-22 13:39,2025-04-22 21:39,Tue,13,FP,,4.41,-0.663,4.41,0.413,-0.174
2025-04-22 14:50,2025-04-22 22:50,Tue,14,FP,,2.7,-0.057,2.7,0.435,0.016
2025-04-22 15:50,2025-04-22 23:50,Tue,15,FP,,3.04,-0.051,3.04,0.09,1.251
2025-04-22 16:50,2025-04-23 00:50,Tue,16,FP,,3.7,-1.18,3.7,0.64,0.501
2025-04-22 18:21,2025-04-23 02:21,Tue,18,FP,,2.55,-0.449,2.55,0.235,-0.407
2025-04-22 19:29,2025-04-23 03:29,Tue,19,FP,,2.58,-0.384,2.58,-0.133,-0.33
2025-04-22 22:00,2025-04-23 06:00,Tue,22,FP,,36.89,-1.782,36.89,1.42,0.454
2025-04-22 23:01,2025-04-23 07:01,Tue,23,FP,,3.52,-0.286,3.52,0.372,0.492
2025-04-23 00:20,2025-04-23 08:20,Wed,0,FP,,3.75,-0.265,3.75,-0.135,-0.257
2025-04-23 02:21,2025-04-23 10:21,Wed,2,FP,,2.75,-0.111,2.75,-0.279,-0.218
2025-04-23 03:21,2025-04-23 11:21,Wed,3,FP,,2.53,-1.016,2.53,0.03,-0.172
2025-04-23 05:36,2025-04-23 13:36,Wed,5,FP,,4.04,-0.098,4.04,0.012,0.093
2025-04-23 06:38,2025-04-23 14:38,Wed,6,FP,,3.41,-0.213,3.41,-0.009,0.638
2025-04-23 07:40,2025-04-23 15:40,Wed,7,FP,,2.75,-0.177,2.75,0.112,0.015
2025-04-23 09:59,2025-04-23 17:59,Wed,9,FP,,2.81,-0.118,2.81,0.044,-0.324
2025-04-23 11:30,2025-04-23 19:30,Wed,11,FP,,3.83,-0.058,3.83,0.099,-0.349
2025-04-23 12:30,2025-04-23 20:30,Wed,12,FP,,2.66,-0.168,2.66,-0.001,-2.158
2025-04-23 13:30,2025-04-23 21:30,Wed,13,FP,,3.69,-0.867,3.69,0.157,0.486
2025-04-23 14:30,2025-04-23 22:30,Wed,14,FP,,3.24,-0.71,3.24,0.726,-1.125
2025-04-23 15:34,2025-04-23 23:34,Wed,15,FP,,9.08,-0.158,9.08,-1.136,-1.087
2025-04-23 17:15,2025-04-24 01:15,Wed,17,FP,,6.14,-0.146,6.14,0.58,0.291
2025-04-23 18:20,2025-04-24 02:20,Wed,18,FP,,2.62,-0.086,2.62,-0.134,0.622
2025-04-23 20:32,2025-04-24 04:32,Wed,20,FP,,3.08,-0.188,3.08,0.05,0.188
2025-04-24 02:22,2025-04-24 10:22,Thu,2,FP,,4.0,-0.223,4.0,-0.102,-0.048
2025-04-24 03:22,2025-04-24 11:22,Thu,3,FP,,2.87,-0.522,2.87,-0.223,-0.177
2025-04-24 05:23,2025-04-24 13:23,Thu,5,FP,,2.73,-0.12,2.73,0.002,0.128
2025-04-24 06:27,2025-04-24 14:27,Thu,6,FP,,2.73,-0.125,2.73,0.056,0.265
2025-04-24 08:07,2025-04-24 16:07,Thu,8,FP,,3.72,-0.099,3.72,-0.215,-0.08
2025-04-24 09:46,2025-04-24 17:46,Thu,9,FP,,4.57,-0.347,4.57,0.357,-0.534
2025-04-24 10:56,2025-04-24 18:56,Thu,10,FP,,5.47,-0.138,5.47,0.587,0.624
2025-04-24 12:26,2025-04-24 20:26,Thu,12,FP,,2.6,-0.098,2.6,0.048,-0.056
2025-04-24 13:30,2025-04-24 21:30,Thu,13,FP,,3.68,-0.225,3.68,0.291,-0.198
2025-04-24 14:31,2025-04-24 22:31,Thu,14,FP,,4.04,-0.093,4.04,0.97,-0.549
2025-04-24 15:49,2025-04-24 23:49,Thu,15,FP,,3.8,-0.101,3.8,0.175,-0.152
2025-04-24 22:24,2025-04-25 06:24,Thu,22,FP,,11.85,-0.111,11.85,0.155,0.18
2025-04-24 23:30,2025-04-25 07:30,Thu,23,FP,,2.76,-0.517,2.76,0.025,-0.056
2025-04-25 01:16,2025-04-25 09:16,Fri,1,FP,,2.64,-0.206,2.64,0.208,0.067
2025-04-25 02:20,2025-04-25 10:20,Fri,2,FP,,2.93,-0.061,2.93,-0.177,0.067
2025-04-25 03:44,2025-04-25 11:44,Fri,3,FP,,3.1,-0.129,3.1,0.209,0.067
2025-04-25 04:44,2025-04-25 12:44,Fri,4,FP,,2.77,-0.57,2.77,0.08,0.067
2025-04-25 05:44,2025-04-25 13:44,Fri,5,FP,,2.8,-0.413,2.8,-0.009,0.067
2025-04-27 22:30,2025-04-28 06:30,Sun,22,FP,,8.2,-0.276,8.2,-0.21,0.179
2025-04-27 23:46,2025-04-28 07:46,Sun,23,FP,,3.11,-0.291,3.11,-0.085,-0.394
2025-04-28 01:05,2025-04-28 09:05,Mon,1,FP,,5.8,-0.068,5.8,-0.164,-0.016
2025-04-28 02:05,2025-04-28 10:05,Mon,2,FP,,3.27,-1.01,3.27,0.04,-0.451
2025-04-28 04:45,2025-04-28 12:45,Mon,4,FP,,2.84,-0.077,2.84,0.064,0.142
2025-04-28 06:14,2025-04-28 14:14,Mon,6,FP,,3.14,-0.133,3.14,0.077,0.221
2025-04-28 07:19,2025-04-28 15:19,Mon,7,FP,,2.93,-0.43,2.93,0.214,-0.395
2025-04-28 09:27,2025-04-28 17:27,Mon,9,FP,,3.1,-0.161,3.1,0.225,-0.27
2025-04-28 13:02,2025-04-28 21:02,Mon,13,FP,,3.62,-0.113,3.62,0.212,0.016
2025-04-28 15:38,2025-04-28 23:38,Mon,15,FP,,3.55,-0.103,3.55,-0.634,-1.024
2025-04-28 20:48,2025-04-29 04:48,Mon,20,FP,,2.96,-0.218,2.96,-0.147,-0.263
2025-04-28 22:06,2025-04-29 06:06,Mon,22,FP,,4.02,-0.074,4.02,-0.005,0.167
2025-04-28 23:08,2025-04-29 07:08,Mon,23,FP,,4.01,-0.155,4.01,0.024,-0.084
2025-04-29 00:21,2025-04-29 08:21,Tue,0,FP,,4.79,-0.128,4.79,0.024,-0.102
2025-04-29 01:43,2025-04-29 09:43,Tue,1,FP,,3.5,-0.104,3.5,0.173,-0.081
2025-04-29 02:55,2025-04-29 10:55,Tue,2,FP,,3.05,-0.073,3.05,-0.101,-0.283
2025-04-29 03:56,2025-04-29 11:56,Tue,3,FP,,3.27,-0.367,3.27,0.01,-0.113
2025-04-29 04:56,2025-04-29 12:56,Tue,4,FP,,2.86,-0.074,2.86,-0.068,-0.26
2025-04-29 07:11,2025-04-29 15:11,Tue,7,FP,,2.72,-0.063,2.72,0.161,0.106
2025-04-29 09:18,2025-04-29 17:18,Tue,9,FP,,2.6,-0.29,2.6,-0.009,-0.748
2025-04-29 10:18,2025-04-29 18:18,Tue,10,FP,,3.1,-0.165,3.1,0.009,0.246
2025-04-29 11:51,2025-04-29 19:51,Tue,11,FP,,3.06,-0.074,3.06,0.16,0.123
2025-04-29 13:47,2025-04-29 21:47,Tue,13,FP,,3.38,-0.16,3.38,0.068,-0.107
2025-04-29 15:26,2025-04-29 23:26,Tue,15,FP,,3.2,-0.117,3.2,0.401,0.536
2025-04-29 17:58,2025-04-30 01:58,Tue,17,FP,,2.95,-0.327,2.95,0.713,0.522
2025-04-29 23:07,2025-04-30 07:07,Tue,23,FP,,3.19,-0.272,3.19,-0.14,0.017
2025-04-30 01:00,2025-04-30 09:00,Wed,1,FP,,2.72,-0.103,2.72,-0.167,-0.158
2025-04-30 02:01,2025-04-30 10:01,Wed,2,FP,,2.62,-0.18,2.62,-0.041,0.0
2025-04-30 03:33,2025-04-30 11:33,Wed,3,FP,,3.31,-0.079,3.31,-0.026,-0.649
2025-04-30 06:24,2025-04-30 14:24,Wed,6,FP,,2.55,-0.146,2.55,0.206,0.134
2025-04-30 08:08,2025-04-30 16:08,Wed,8,FP,,2.85,-0.058,2.85,0.066,-0.336
2025-04-30 09:08,2025-04-30 17:08,Wed,9,FP,,2.65,-0.569,2.65,0.004,0.725
2025-04-30 10:20,2025-04-30 18:20,Wed,10,FP,,2.56,-0.303,2.56,-0.052,0.377
2025-04-30 12:04,2025-04-30 20:04,Wed,12,FP,,3.56,-0.083,3.56,-0.203,0.092
2025-04-30 14:30,2025-04-30 22:30,Wed,14,FP,,3.59,-0.116,3.59,0.172,-0.05
2025-04-30 15:55,2025-04-30 23:55,Wed,15,FP,,2.64,-0.137,2.64,0.552,-1.694
2025-04-30 17:59,2025-05-01 01:59,Wed,17,FP,,3.9,-0.164,3.9,0.172,0.448
2025-04-30 19:29,2025-05-01 03:29,Wed,19,FP,,2.52,-0.062,2.52,-0.128,-0.241
2025-04-30 20:32,2025-05-01 04:32,Wed,20,FP,,2.95,-0.366,2.95,1.167,0.132
2025-04-30 22:03,2025-05-01 06:03,Wed,22,FP,,3.48,-0.084,3.48,0.352,0.177
2025-04-30 23:12,2025-05-01 07:12,Wed,23,FP,,4.44,-0.079,4.44,-0.094,-0.077
2025-05-01 00:17,2025-05-01 08:17,Thu,0,FP,,4.09,-0.172,4.09,0.172,0.026
2025-05-01 01:18,2025-05-01 09:18,Thu,1,FP,,3.15,-0.892,3.15,0.027,-0.24
2025-05-01 02:21,2025-05-01 10:21,Thu,2,FP,,3.9,-0.104,3.9,-0.005,-0.017
2025-05-01 03:21,2025-05-01 11:21,Thu,3,FP,,3.87,-0.311,3.87,-0.014,0.0
2025-05-01 04:21,2025-05-01 12:21,Thu,4,FP,,3.63,-0.145,3.63,0.097,-0.129
2025-05-01 07:00,2025-05-01 15:00,Thu,7,FP,,3.04,-0.099,3.04,-0.06,-0.74
2025-05-01 08:00,2025-05-01 16:00,Thu,8,FP,,3.3,-0.052,3.3,0.089,-0.468
2025-05-01 09:14,2025-05-01 17:14,Thu,9,FP,,2.83,-0.075,2.83,0.233,-0.997
2025-05-01 10:19,2025-05-01 18:19,Thu,10,FP,,2.54,-0.438,2.54,0.116,-1.052
2025-05-01 11:44,2025-05-01 19:44,Thu,11,FP,,2.51,-0.306,2.51,0.02,0.522
2025-05-01 13:30,2025-05-01 21:30,Thu,13,FP,,6.44,-0.059,6.44,0.088,1.901
2025-05-01 14:31,2025-05-01 22:31,Thu,14,FP,,5.22,-0.12,5.22,0.383,1.127
2025-05-01 15:31,2025-05-01 23:31,Thu,15,FP,,2.91,-0.304,2.91,0.237,-0.374
2025-05-01 17:42,2025-05-02 01:42,Thu,17,FP,,3.2,-0.182,3.2,0.043,0.49
2025-05-01 22:09,2025-05-02 06:09,Thu,22,FP,,5.31,-0.104,5.31,-0.045,-0.278
2025-05-02 00:46,2025-05-02 08:46,Fri,0,FP,,4.93,-0.091,4.93,0.72,0.858
2025-05-02 04:40,2025-05-02 12:40,Fri,4,FP,,2.94,-0.083,2.94,0.038,-0.192
2025-05-02 06:39,2025-05-02 14:39,Fri,6,FP,,2.88,-0.072,2.88,-0.14,0.101
2025-05-02 09:04,2025-05-02 17:04,Fri,9,FP,,2.89,-0.067,2.89,-0.196,-0.733
2025-05-02 12:25,2025-05-02 20:25,Fri,12,FP,,2.62,-0.176,2.62,0.016,-0.349
2025-05-02 13:31,2025-05-02 21:31,Fri,13,FP,,2.53,-0.07,2.53,0.394,0.229
2025-05-02 15:25,2025-05-02 23:25,Fri,15,FP,,3.48,-0.194,3.48,-0.13,-0.649
2025-05-02 16:30,2025-05-03 00:30,Fri,16,FP,,3.1,-0.46,3.1,0.467,-0.137
2025-05-02 17:45,2025-05-03 01:45,Fri,17,FP,,3.08,-0.148,3.08,-0.095,-0.017
2025-05-02 19:00,2025-05-03 03:00,Fri,19,FP,,2.61,-0.101,2.61,-0.134,-0.12
2025-05-05 00:46,2025-05-05 08:46,Mon,0,FP,,3.05,-0.139,3.05,0.135,-0.071
2025-05-05 03:10,2025-05-05 11:10,Mon,3,TP,2025-05-05 03:32 UP↑(B) gap=+22min,4.84,-0.074,4.84,0.111,-0.071
2025-05-05 04:13,2025-05-05 12:13,Mon,4,FP,,2.51,-0.122,2.51,-0.007,-0.268
2025-05-05 11:21,2025-05-05 19:21,Mon,11,FP,,2.51,-0.133,2.51,0.015,0.209
2025-05-05 13:30,2025-05-05 21:30,Mon,13,FP,,2.62,-0.067,2.62,0.044,0.78
2025-05-05 14:51,2025-05-05 22:51,Mon,14,FP,,3.45,-0.081,3.45,0.453,-1.296
2025-05-05 16:08,2025-05-06 00:08,Mon,16,FP,,3.89,-0.165,3.89,0.093,0.627
2025-05-05 22:12,2025-05-06 06:12,Mon,22,FP,,2.58,-0.065,2.58,0.045,-0.182
2025-05-06 00:20,2025-05-06 08:20,Tue,0,FP,,2.58,-0.085,2.58,-0.073,-0.175
2025-05-06 02:36,2025-05-06 10:36,Tue,2,FP,,9.06,-0.1,9.06,-0.058,-0.121
2025-05-06 03:46,2025-05-06 11:46,Tue,3,FP,,3.06,-0.223,3.06,0.075,0.017
2025-05-06 04:52,2025-05-06 12:52,Tue,4,FP,,5.39,-0.061,5.39,-0.08,0.138
2025-05-06 06:04,2025-05-06 14:04,Tue,6,FP,,2.68,-0.064,2.68,-0.115,-0.112
2025-05-06 09:18,2025-05-06 17:18,Tue,9,FP,,3.59,-0.275,3.59,-0.147,0.885
2025-05-06 11:35,2025-05-06 19:35,Tue,11,FP,,3.0,-0.067,3.0,-0.085,-0.512
2025-05-06 14:16,2025-05-06 22:16,Tue,14,TP,2025-05-06 14:42 UP↑(A) gap=+26min,2.74,-0.068,2.74,0.226,0.54
2025-05-06 22:00,2025-05-07 06:00,Tue,22,FP,,12.73,-0.173,12.73,0.393,0.4
2025-05-06 23:00,2025-05-07 07:00,Tue,23,FP,,4.69,-1.354,4.69,0.429,0.431
2025-05-07 00:15,2025-05-07 08:15,Wed,0,FP,,3.12,-0.096,3.12,-0.017,0.151
2025-05-07 01:15,2025-05-07 09:15,Wed,1,FP,,3.52,-0.471,3.52,0.204,0.151
2025-05-07 03:27,2025-05-07 11:27,Wed,3,FP,,4.95,-0.163,4.95,0.053,0.151
2025-05-07 05:35,2025-05-07 13:35,Wed,5,FP,,2.89,-0.063,2.89,-0.022,0.151
2025-05-08 03:10,2025-05-08 11:10,Thu,3,TP,2025-05-08 03:09 DN↓(A) gap=-1min,3.99,-0.149,3.99,0.203,0.146
2025-05-08 04:10,2025-05-08 12:10,Thu,4,FP,,4.66,-0.46,4.66,0.243,0.197
2025-05-08 05:12,2025-05-08 13:12,Thu,5,FP,,3.6,-0.526,3.6,-0.026,-0.273
2025-05-08 06:12,2025-05-08 14:12,Thu,6,FP,,4.05,-0.546,4.05,-0.149,0.248
2025-05-08 07:13,2025-05-08 15:13,Thu,7,FP,,3.12,-0.423,3.12,0.097,-0.427
2025-05-08 09:00,2025-05-08 17:00,Thu,9,FP,,2.52,-0.097,2.52,0.26,0.496
2025-05-08 10:06,2025-05-08 18:06,Thu,10,FP,,2.66,-0.185,2.66,0.108,-0.17
2025-05-08 14:00,2025-05-08 22:00,Thu,14,FP,,3.22,-0.065,3.22,-0.255,1.096
2025-05-08 15:04,2025-05-08 23:04,Thu,15,FP,,2.56,-0.074,2.56,-0.377,0.067
2025-05-08 16:04,2025-05-09 00:04,Thu,16,FP,,3.07,-0.805,3.07,1.17,0.655
2025-05-08 17:04,2025-05-09 01:04,Thu,17,FP,,3.02,-0.697,3.02,0.137,-0.067
2025-05-08 19:05,2025-05-09 03:05,Thu,19,FP,,3.17,-0.166,3.17,0.058,-0.075
2025-05-08 23:59,2025-05-09 07:59,Thu,23,FP,,2.73,-0.219,2.73,-0.11,-0.042
2025-05-09 01:16,2025-05-09 09:16,Fri,1,FP,,3.38,-0.092,3.38,0.079,-0.092
2025-05-09 02:17,2025-05-09 10:17,Fri,2,FP,,2.92,-1.017,2.92,0.195,0.275
2025-05-09 06:01,2025-05-09 14:01,Fri,6,FP,,2.8,-0.148,2.8,0.045,0.116
2025-05-09 08:08,2025-05-09 16:08,Fri,8,FP,,2.64,-0.211,2.64,-0.009,0.597
2025-05-09 13:10,2025-05-09 21:10,Fri,13,FP,,2.77,-0.122,2.77,0.18,-0.753
2025-05-09 14:10,2025-05-09 22:10,Fri,14,FP,,4.29,-0.26,4.29,-0.031,-0.214
2025-05-11 22:01,2025-05-12 06:01,Sun,22,FP,,12.59,-1.095,12.59,1.339,0.644
2025-05-11 23:04,2025-05-12 07:04,Sun,23,FP,,3.09,-0.485,3.09,-0.084,0.057
2025-05-12 00:40,2025-05-12 08:40,Mon,0,FP,,2.8,-0.085,2.8,0.144,-0.44
2025-05-12 01:40,2025-05-12 09:40,Mon,1,FP,,4.72,-0.141,4.72,0.005,-0.025
2025-05-12 05:30,2025-05-12 13:30,Mon,5,FP,,3.41,-0.129,3.41,-0.015,0.114
2025-05-12 07:00,2025-05-12 15:00,Mon,7,FP,,19.89,-0.614,19.89,1.005,0.792
2025-05-12 08:00,2025-05-12 16:00,Mon,8,FP,,5.65,-0.969,5.65,-0.009,0.577
2025-05-12 09:30,2025-05-12 17:30,Mon,9,FP,,2.95,-0.055,2.95,0.241,1.108
2025-05-12 10:30,2025-05-12 18:30,Mon,10,FP,,2.71,-0.264,2.71,0.193,-0.206
2025-05-12 14:05,2025-05-12 22:05,Mon,14,FP,,2.67,-0.21,2.67,-0.264,-0.364
2025-05-12 15:20,2025-05-12 23:20,Mon,15,FP,,3.26,-0.187,3.26,-0.108,-0.738
2025-05-12 17:20,2025-05-13 01:20,Mon,17,FP,,3.78,-0.073,3.78,0.371,0.113
2025-05-13 01:08,2025-05-13 09:08,Tue,1,FP,,2.62,-0.051,2.62,-0.103,0.0
2025-05-13 06:12,2025-05-13 14:12,Tue,6,FP,,2.62,-0.232,2.62,0.114,-0.194
2025-05-13 08:55,2025-05-13 16:55,Tue,8,FP,,4.53,-0.228,4.53,-0.039,0.516
2025-05-13 11:16,2025-05-13 19:16,Tue,11,FP,,2.94,-0.085,2.94,0.06,0.096
2025-05-13 12:17,2025-05-13 20:17,Tue,12,FP,,2.53,-0.41,2.53,0.11,0.545
2025-05-13 13:34,2025-05-13 21:34,Tue,13,FP,,3.26,-0.057,3.26,-0.03,-0.207
2025-05-13 17:27,2025-05-14 01:27,Tue,17,FP,,2.89,-0.315,2.89,0.115,0.0
2025-05-14 00:01,2025-05-14 08:01,Wed,0,FP,,2.89,-0.139,2.89,0.048,0.063
2025-05-14 01:01,2025-05-14 09:01,Wed,1,FP,,3.67,-0.303,3.67,-0.09,-0.291
2025-05-14 02:31,2025-05-14 10:31,Wed,2,FP,,4.89,-0.417,4.89,0.013,-0.331
2025-05-14 03:32,2025-05-14 11:32,Wed,3,FP,,2.86,-0.264,2.86,0.064,0.174
2025-05-14 08:41,2025-05-14 16:41,Wed,8,FP,,2.61,-0.138,2.61,-0.034,-0.464
2025-05-14 11:55,2025-05-14 19:55,Wed,11,FP,,2.53,-0.323,2.53,0.208,0.064
2025-05-14 12:55,2025-05-14 20:55,Wed,12,FP,,4.21,-1.051,4.21,0.008,0.167
2025-05-14 14:26,2025-05-14 22:26,Wed,14,FP,,2.96,-0.077,2.96,-0.072,0.19
2025-05-14 16:40,2025-05-15 00:40,Wed,16,FP,,7.41,-0.179,7.41,-0.133,0.524
2025-05-14 19:02,2025-05-15 03:02,Wed,19,FP,,3.78,-0.323,3.78,0.012,-0.553
2025-05-15 00:11,2025-05-15 08:11,Thu,0,FP,,2.66,-0.128,2.66,0.034,0.557
2025-05-15 01:44,2025-05-15 09:44,Thu,1,FP,,3.42,-0.15,3.42,-0.068,-0.675
2025-05-15 02:45,2025-05-15 10:45,Thu,2,FP,,3.14,-0.764,3.14,0.093,-0.113
2025-05-15 04:30,2025-05-15 12:30,Thu,4,FP,,3.14,-0.176,3.14,0.0,-0.008
2025-05-15 05:30,2025-05-15 13:30,Thu,5,FP,,2.9,-0.275,2.9,-0.123,-0.364
2025-05-15 07:36,2025-05-15 15:36,Thu,7,TP,2025-05-15 07:41 UP↑(A) gap=+5min,3.28,-0.162,3.28,-0.149,-0.982
2025-05-15 11:33,2025-05-15 19:33,Thu,11,FP,,2.66,-0.113,2.66,0.132,0.131
2025-05-15 22:01,2025-05-16 06:01,Thu,22,FP,,2.62,-0.073,2.62,-0.066,-0.765
2025-05-15 23:17,2025-05-16 07:17,Thu,23,FP,,2.51,-0.065,2.51,-0.055,0.049
2025-05-16 00:38,2025-05-16 08:38,Fri,0,FP,,2.56,-0.133,2.56,0.007,0.09
2025-05-16 01:38,2025-05-16 09:38,Fri,1,FP,,2.67,-0.352,2.67,-0.084,-0.302
2025-05-16 03:01,2025-05-16 11:01,Fri,3,FP,,2.69,-0.293,2.69,0.115,0.049
2025-05-16 05:25,2025-05-16 13:25,Fri,5,FP,,2.91,-0.101,2.91,-0.003,0.073
2025-05-16 06:54,2025-05-16 14:54,Fri,6,FP,,2.51,-0.117,2.51,-0.051,-0.45
2025-05-16 07:54,2025-05-16 15:54,Fri,7,FP,,2.67,-0.189,2.67,0.254,0.386
2025-05-16 10:13,2025-05-16 18:13,Fri,10,FP,,3.37,-0.129,3.37,-0.052,-0.229
2025-05-16 11:18,2025-05-16 19:18,Fri,11,FP,,2.6,-0.919,2.6,0.063,0.409
2025-05-16 12:20,2025-05-16 20:20,Fri,12,FP,,3.95,-0.112,3.95,0.11,-0.261
2025-05-16 14:26,2025-05-16 22:26,Fri,14,FP,,2.74,-0.054,2.74,0.095,-0.293
2025-05-18 23:41,2025-05-19 07:41,Sun,23,FP,,5.07,-0.176,5.07,0.207,0.17
2025-05-19 01:07,2025-05-19 09:07,Mon,1,FP,,5.79,-0.198,5.79,-0.07,-0.065
2025-05-19 02:28,2025-05-19 10:28,Mon,2,FP,,2.95,-0.093,2.95,-0.013,0.008
2025-05-19 03:43,2025-05-19 11:43,Mon,3,FP,,2.72,-0.092,2.72,-0.311,-0.121
2025-05-19 09:18,2025-05-19 17:18,Mon,9,FP,,3.24,-0.078,3.24,-0.038,0.057
2025-05-19 12:48,2025-05-19 20:48,Mon,12,FP,,2.66,-0.21,2.66,0.03,0.701
2025-05-19 13:50,2025-05-19 21:50,Mon,13,FP,,3.48,-0.287,3.48,0.428,-0.194
2025-05-19 15:59,2025-05-19 23:59,Mon,15,FP,,3.16,-0.074,3.16,0.179,1.215
2025-05-19 17:34,2025-05-20 01:34,Mon,17,FP,,3.03,-0.063,3.03,0.291,-1.038
2025-05-19 23:08,2025-05-20 07:08,Mon,23,FP,,3.16,-0.206,3.16,0.019,0.04
2025-05-20 00:40,2025-05-20 08:40,Tue,0,FP,,2.94,-0.09,2.94,-0.025,0.024
2025-05-20 02:01,2025-05-20 10:01,Tue,2,FP,,2.89,-0.164,2.89,-0.137,0.201
2025-05-20 03:02,2025-05-20 11:02,Tue,3,FP,,2.88,-0.54,2.88,-0.022,-0.201
2025-05-20 13:00,2025-05-20 21:00,Tue,13,FP,,5.51,-0.114,5.51,-0.057,0.404
2025-05-20 15:23,2025-05-20 23:23,Tue,15,FP,,2.74,-0.152,2.74,0.0,-0.049
2025-05-20 23:30,2025-05-21 07:30,Tue,23,FP,,4.08,-0.179,4.08,0.12,-0.401
2025-05-21 01:24,2025-05-21 09:24,Wed,1,FP,,6.57,-0.227,6.57,-0.124,-0.198
2025-05-21 04:41,2025-05-21 12:41,Wed,4,FP,,3.35,-0.1,3.35,-0.063,0.349
2025-05-21 07:19,2025-05-21 15:19,Wed,7,FP,,2.56,-0.145,2.56,-0.004,0.024
2025-05-21 12:02,2025-05-21 20:02,Wed,12,FP,,3.43,-0.158,3.43,0.157,0.176
2025-05-21 13:05,2025-05-21 21:05,Wed,13,FP,,3.44,-0.246,3.44,-0.064,-0.207
2025-05-21 14:05,2025-05-21 22:05,Wed,14,FP,,4.39,-0.066,4.39,0.281,-0.495
2025-05-21 16:30,2025-05-22 00:30,Wed,16,FP,,2.71,-0.076,2.71,0.046,-0.316
2025-05-21 20:14,2025-05-22 04:14,Wed,20,FP,,2.9,-0.199,2.9,-0.206,-0.23
2025-05-22 04:01,2025-05-22 12:01,Thu,4,FP,,2.65,-0.151,2.65,0.017,-0.016
2025-05-22 05:47,2025-05-22 13:47,Thu,5,FP,,2.75,-0.126,2.75,0.107,0.049
2025-05-22 07:19,2025-05-22 15:19,Thu,7,FP,,2.98,-0.168,2.98,-0.004,-1.568
2025-05-22 08:25,2025-05-22 16:25,Thu,8,FP,,2.67,-0.297,2.67,0.082,0.651
2025-05-22 09:48,2025-05-22 17:48,Thu,9,FP,,2.51,-0.142,2.51,-0.119,-0.148
2025-05-22 10:56,2025-05-22 18:56,Thu,10,FP,,3.78,-0.469,3.78,0.011,-0.542
2025-05-22 12:53,2025-05-22 20:53,Thu,12,FP,,2.68,-0.101,2.68,0.073,0.264
2025-05-22 13:53,2025-05-22 21:53,Thu,13,FP,,2.92,-0.257,2.92,0.222,0.165
2025-05-22 15:07,2025-05-22 23:07,Thu,15,FP,,6.19,-0.286,6.19,-0.281,0.247
2025-05-22 17:25,2025-05-23 01:25,Thu,17,FP,,4.38,-0.108,4.38,-0.029,0.164
2025-05-23 00:48,2025-05-23 08:48,Fri,0,FP,,3.05,-0.077,3.05,0.09,0.189
2025-05-23 02:30,2025-05-23 10:30,Fri,2,FP,,3.22,-0.378,3.22,0.124,-0.386
2025-05-23 10:37,2025-05-23 18:37,Fri,10,FP,,2.55,-0.053,2.55,-0.026,0.336
2025-05-23 13:26,2025-05-23 21:26,Fri,13,FP,,3.76,-0.106,3.76,0.126,0.141
2025-05-23 17:17,2025-05-24 01:17,Fri,17,FP,,2.61,-0.079,2.61,0.434,0.367
2025-05-25 22:00,2025-05-26 06:00,Sun,22,FP,,4.15,-0.105,4.15,0.055,-0.028
2025-05-25 23:00,2025-05-26 07:00,Sun,23,FP,,4.6,-0.137,4.6,0.804,0.389
2025-05-26 00:11,2025-05-26 08:11,Mon,0,FP,,3.6,-0.351,3.6,0.041,-0.016
2025-05-26 05:35,2025-05-26 13:35,Mon,5,FP,,2.6,-0.062,2.6,-0.014,-0.016
2025-05-26 07:01,2025-05-26 15:01,Mon,7,FP,,2.54,-0.351,2.54,0.128,-0.008
2025-05-26 08:41,2025-05-26 16:41,Mon,8,FP,,2.61,-0.064,2.61,0.085,0.364
2025-05-26 12:24,2025-05-26 20:24,Mon,12,FP,,3.47,-0.098,3.47,0.047,0.147
2025-05-27 01:02,2025-05-27 09:02,Tue,1,FP,,2.6,-0.054,2.6,-0.004,0.179
2025-05-27 05:33,2025-05-27 13:33,Tue,5,FP,,2.83,-0.354,2.83,0.057,-0.286
2025-05-27 06:33,2025-05-27 14:33,Tue,6,FP,,3.38,-0.216,3.38,0.171,0.9
2025-05-27 07:49,2025-05-27 15:49,Tue,7,FP,,2.51,-0.215,2.51,0.421,-0.358
2025-05-27 09:10,2025-05-27 17:10,Tue,9,FP,,4.25,-0.1,4.25,-0.007,0.619
2025-05-27 10:16,2025-05-27 18:16,Tue,10,FP,,5.67,-0.415,5.67,-0.023,-0.243
2025-05-27 11:51,2025-05-27 19:51,Tue,11,FP,,2.69,-0.204,2.69,-0.034,-0.803
2025-05-27 14:00,2025-05-27 22:00,Tue,14,FP,,11.06,-0.291,11.06,0.02,-0.359
2025-05-27 15:38,2025-05-27 23:38,Tue,15,FP,,2.95,-0.267,2.95,0.153,-0.936
2025-05-27 23:06,2025-05-28 07:06,Tue,23,FP,,7.21,-0.064,7.21,0.017,0.049
2025-05-28 01:09,2025-05-28 09:09,Wed,1,FP,,2.53,-0.241,2.53,0.044,0.033
2025-05-28 03:19,2025-05-28 11:19,Wed,3,FP,,3.43,-0.29,3.43,0.021,0.082
2025-05-28 06:27,2025-05-28 14:27,Wed,6,FP,,3.76,-0.121,3.76,0.026,-0.245
2025-05-28 11:38,2025-05-28 19:38,Wed,11,FP,,2.61,-0.142,2.61,0.008,-0.114
2025-05-28 13:17,2025-05-28 21:17,Wed,13,FP,,3.13,-0.055,3.13,-0.066,0.456
2025-05-28 14:37,2025-05-28 22:37,Wed,14,FP,,3.5,-0.073,3.5,-0.403,-0.484
2025-05-28 16:37,2025-05-29 00:37,Wed,16,FP,,3.53,-0.138,3.53,0.174,0.048
2025-05-28 20:50,2025-05-29 04:50,Wed,20,FP,,3.64,-0.226,3.64,-0.064,0.527
2025-05-28 22:22,2025-05-29 06:22,Wed,22,FP,,5.03,-0.112,5.03,0.356,0.07
2025-05-28 23:22,2025-05-29 07:22,Wed,23,FP,,3.34,-0.551,3.34,1.013,0.396
2025-05-29 00:30,2025-05-29 08:30,Thu,0,FP,,2.57,-0.181,2.57,0.113,-0.088
2025-05-29 01:31,2025-05-29 09:31,Thu,1,FP,,3.8,-0.192,3.8,0.105,0.225
2025-05-29 13:59,2025-05-29 21:59,Thu,13,FP,,2.76,-0.123,2.76,-0.17,-1.022
2025-05-29 15:10,2025-05-29 23:10,Thu,15,FP,,2.51,-0.102,2.51,0.183,0.411
2025-05-30 01:05,2025-05-30 09:05,Fri,1,FP,,3.23,-0.092,3.23,-0.182,-0.526
2025-05-30 02:10,2025-05-30 10:10,Fri,2,FP,,2.68,-0.264,2.68,0.09,0.099
2025-05-30 03:45,2025-05-30 11:45,Fri,3,FP,,2.91,-0.254,2.91,-0.065,-0.115
2025-05-30 06:30,2025-05-30 14:30,Fri,6,FP,,2.6,-0.159,2.6,-0.134,-0.097
2025-05-30 09:30,2025-05-30 17:30,Fri,9,FP,,2.78,-0.14,2.78,0.047,0.229
2025-05-30 11:53,2025-05-30 19:53,Fri,11,FP,,2.56,-0.106,2.56,0.055,0.13
2025-05-30 13:16,2025-05-30 21:16,Fri,13,FP,,5.85,-0.094,5.85,0.158,0.68
2025-05-30 14:17,2025-05-30 22:17,Fri,14,FP,,2.74,-0.419,2.74,0.158,-0.659
2025-05-30 16:33,2025-05-31 00:33,Fri,16,FP,,3.86,-0.056,3.86,-0.828,-0.405
2025-06-02 00:42,2025-06-02 08:42,Mon,0,FP,,2.53,-0.177,2.53,-0.004,0.17
2025-06-03 00:05,2025-06-03 08:05,Tue,0,FP,,2.66,-0.195,2.66,-0.122,2.045
2025-06-03 01:08,2025-06-03 09:08,Tue,1,FP,,3.08,-0.34,3.08,-0.006,0.048
2025-06-03 02:44,2025-06-03 10:44,Tue,2,FP,,3.54,-0.157,3.54,-0.127,-0.079
2025-06-03 04:32,2025-06-03 12:32,Tue,4,FP,,2.64,-0.092,2.64,-0.014,-0.159
2025-06-03 06:42,2025-06-03 14:42,Tue,6,FP,,3.47,-0.153,3.47,0.003,-0.112
2025-06-03 12:11,2025-06-03 20:11,Tue,12,FP,,2.86,-0.067,2.86,0.127,0.764
2025-06-03 13:38,2025-06-03 21:38,Tue,13,FP,,3.2,-0.087,3.2,0.059,-0.852
2025-06-04 00:08,2025-06-04 08:08,Wed,0,FP,,2.56,-0.133,2.56,0.026,-0.15
2025-06-04 04:40,2025-06-04 12:40,Wed,4,FP,,2.58,-0.129,2.58,0.008,-0.079
2025-06-04 05:40,2025-06-04 13:40,Wed,5,FP,,2.58,-0.179,2.58,0.043,-0.048
2025-06-04 10:46,2025-06-04 18:46,Wed,10,FP,,4.17,-0.299,4.17,-0.05,-0.291
2025-06-04 13:35,2025-06-04 21:35,Wed,13,FP,,2.92,-0.058,2.92,0.22,0.634
2025-06-05 00:45,2025-06-05 08:45,Thu,0,FP,,4.25,-0.096,4.25,0.068,-0.056
2025-06-05 04:16,2025-06-05 12:16,Thu,4,FP,,4.38,-0.176,4.38,0.017,-0.08
2025-06-05 11:39,2025-06-05 19:39,Thu,11,FP,,3.09,-0.109,3.09,-0.102,-0.293
2025-06-05 12:47,2025-06-05 20:47,Thu,12,FP,,2.81,-0.088,2.81,0.001,0.429
2025-06-05 13:47,2025-06-05 21:47,Thu,13,FP,,4.3,-0.29,4.3,-0.292,0.727
2025-06-05 14:47,2025-06-05 22:47,Thu,14,FP,,4.24,-0.402,4.24,0.41,0.063
2025-06-05 15:47,2025-06-05 23:47,Thu,15,FP,,6.22,-0.737,6.22,0.219,-0.51
2025-06-06 00:48,2025-06-06 08:48,Fri,0,FP,,2.66,-0.073,2.66,0.042,-0.146
2025-06-06 07:00,2025-06-06 15:00,Fri,7,FP,,2.65,-0.227,2.65,0.109,0.016
2025-06-06 09:29,2025-06-06 17:29,Fri,9,FP,,2.83,-0.247,2.83,0.079,-0.079
2025-06-06 12:21,2025-06-06 20:21,Fri,12,FP,,3.1,-0.067,3.1,0.021,-0.055
2025-06-06 13:25,2025-06-06 21:25,Fri,13,FP,,2.75,-0.148,2.75,0.488,0.679
2025-06-06 14:25,2025-06-06 22:25,Fri,14,FP,,2.93,-0.912,2.93,0.202,0.738
2025-06-06 16:29,2025-06-07 00:29,Fri,16,FP,,2.77,-0.208,2.77,0.021,0.326
2025-06-09 00:15,2025-06-09 08:15,Mon,0,FP,,4.09,-0.261,4.09,0.088,-0.124
2025-06-09 01:33,2025-06-09 09:33,Mon,1,FP,,2.52,-0.235,2.52,0.088,-0.07
2025-06-10 00:35,2025-06-10 08:35,Tue,0,FP,,2.6,-0.218,2.6,0.284,0.054
2025-06-10 01:55,2025-06-10 09:55,Tue,1,FP,,2.84,-0.294,2.84,0.316,0.054
2025-06-10 03:59,2025-06-10 11:59,Tue,3,FP,,2.53,-0.056,2.53,-0.039,0.054
2025-06-11 06:30,2025-06-11 14:30,Wed,6,FP,,2.66,-0.172,2.66,0.016,-0.146
2025-06-11 09:07,2025-06-11 17:07,Wed,9,FP,,4.85,-0.267,4.85,0.06,-0.422
2025-06-11 10:44,2025-06-11 18:44,Wed,10,FP,,2.52,-0.156,2.52,0.027,1.407
2025-06-11 13:27,2025-06-11 21:27,Wed,13,FP,,3.29,-0.057,3.29,0.294,0.121
2025-06-11 15:45,2025-06-11 23:45,Wed,15,FP,,2.95,-0.241,2.95,-0.167,0.226
2025-06-11 17:04,2025-06-12 01:04,Wed,17,FP,,2.62,-0.1,2.62,0.113,-0.075
2025-06-11 23:53,2025-06-12 07:53,Wed,23,FP,,2.58,-0.154,2.58,-0.038,-0.718
2025-06-12 01:02,2025-06-12 09:02,Thu,1,FP,,3.11,-0.083,3.11,-0.15,-0.256
2025-06-12 05:00,2025-06-12 13:00,Thu,5,FP,,2.75,-0.111,2.75,0.054,0.0
2025-06-12 06:17,2025-06-12 14:17,Thu,6,FP,,2.65,-0.178,2.65,0.013,-0.398
2025-06-12 07:32,2025-06-12 15:32,Thu,7,FP,,4.69,-0.214,4.69,-0.062,-0.34
2025-06-12 11:37,2025-06-12 19:37,Thu,11,FP,,3.25,-0.29,3.25,-0.067,-0.352
2025-06-12 13:25,2025-06-12 21:25,Thu,13,FP,,3.65,-0.078,3.65,0.292,-0.03
2025-06-12 14:34,2025-06-12 22:34,Thu,14,FP,,3.06,-0.066,3.06,0.471,1.007
2025-06-12 16:40,2025-06-13 00:40,Thu,16,FP,,3.52,-0.071,3.52,0.174,-0.286
2025-06-13 03:15,2025-06-13 11:15,Fri,3,FP,,4.99,-0.062,4.99,-0.019,0.276
2025-06-13 04:29,2025-06-13 12:29,Fri,4,FP,,2.99,-0.087,2.99,-0.076,0.054
2025-06-13 05:31,2025-06-13 13:31,Fri,5,FP,,3.21,-0.145,3.21,0.124,-1.122
2025-06-13 06:41,2025-06-13 14:41,Fri,6,FP,,3.28,-0.071,3.28,0.057,-1.014
2025-06-13 09:30,2025-06-13 17:30,Fri,9,FP,,2.95,-0.097,2.95,0.05,0.207
2025-06-13 10:35,2025-06-13 18:35,Fri,10,FP,,3.11,-0.228,3.11,0.062,1.348
2025-06-13 13:54,2025-06-13 21:54,Fri,13,FP,,3.81,-0.073,3.81,0.086,-1.887
2025-06-13 14:54,2025-06-13 22:54,Fri,14,FP,,4.09,-0.126,4.09,0.083,-0.731
2025-06-13 16:09,2025-06-14 00:09,Fri,16,FP,,2.82,-0.191,2.82,0.323,-0.458
2025-06-15 23:16,2025-06-16 07:16,Sun,23,FP,,3.76,-0.132,3.76,0.071,-0.49
2025-06-16 00:38,2025-06-16 08:38,Mon,0,FP,,2.67,-0.104,2.67,0.038,-0.845
2025-06-16 03:04,2025-06-16 11:04,Mon,3,FP,,2.72,-0.147,2.72,0.063,-0.208
2025-06-16 05:03,2025-06-16 13:03,Mon,5,FP,,3.65,-0.273,3.65,0.013,0.056
2025-06-16 06:05,2025-06-16 14:05,Mon,6,FP,,3.1,-0.225,3.1,0.102,-0.382
2025-06-16 07:11,2025-06-16 15:11,Mon,7,FP,,3.14,-0.168,3.14,0.234,0.153
2025-06-16 11:49,2025-06-16 19:49,Mon,11,FP,,2.98,-0.157,2.98,0.178,-0.333
2025-06-16 13:16,2025-06-16 21:16,Mon,13,FP,,7.51,-0.206,7.51,0.013,-0.383
2025-06-16 14:16,2025-06-16 22:16,Mon,14,FP,,3.11,-0.282,3.11,0.453,-1.928
2025-06-16 18:56,2025-06-17 02:56,Mon,18,FP,,3.24,-0.219,3.24,0.013,-0.3
2025-06-17 00:55,2025-06-17 08:55,Tue,0,FP,,3.98,-0.228,3.98,0.212,-1.387
2025-06-17 02:05,2025-06-17 10:05,Tue,2,FP,,2.85,-0.206,2.85,-0.12,0.283
2025-06-17 03:07,2025-06-17 11:07,Tue,3,FP,,2.59,-0.145,2.59,0.091,-0.023
2025-06-17 06:42,2025-06-17 14:42,Tue,6,FP,,2.9,-0.231,2.9,0.05,-1.185
2025-06-17 08:54,2025-06-17 16:54,Tue,8,FP,,3.98,-0.172,3.98,0.042,0.034
2025-06-17 11:51,2025-06-17 19:51,Tue,11,FP,,2.91,-0.134,2.91,0.149,0.308
2025-06-17 12:57,2025-06-17 20:57,Tue,12,FP,,3.5,-0.149,3.5,-0.117,-0.495
2025-06-17 14:05,2025-06-17 22:05,Tue,14,FP,,5.26,-0.104,5.26,0.198,0.545
2025-06-17 15:20,2025-06-17 23:20,Tue,15,FP,,2.95,-0.085,2.95,-0.048,0.257
2025-06-17 18:49,2025-06-18 02:49,Tue,18,FP,,3.04,-0.134,3.04,-0.132,0.85
2025-06-17 23:41,2025-06-18 07:41,Tue,23,FP,,3.12,-0.16,3.12,-0.005,-0.331
2025-06-18 05:30,2025-06-18 13:30,Wed,5,FP,,2.56,-0.131,2.56,0.125,-0.925
2025-06-18 14:06,2025-06-18 22:06,Wed,14,FP,,2.51,-0.075,2.51,0.175,-0.327
2025-06-18 18:00,2025-06-19 02:00,Wed,18,FP,,8.66,-0.068,8.66,0.172,0.412
2025-06-18 19:00,2025-06-19 03:00,Wed,19,FP,,3.29,-0.356,3.29,-0.613,0.609
2025-06-18 20:40,2025-06-19 04:40,Wed,20,FP,,2.82,-0.172,2.82,-0.055,-0.154
2025-06-19 01:45,2025-06-19 09:45,Thu,1,FP,,3.03,-0.075,3.03,-0.201,-0.075
2025-06-19 05:47,2025-06-19 13:47,Thu,5,FP,,2.53,-0.231,2.53,-0.117,-0.075
2025-06-20 01:15,2025-06-20 09:15,Fri,1,FP,,2.56,-0.218,2.56,-0.213,0.291
2025-06-20 02:37,2025-06-20 10:37,Fri,2,FP,,3.3,-0.226,3.3,0.164,-0.433
2025-06-20 05:30,2025-06-20 13:30,Fri,5,FP,,2.57,-0.279,2.57,-0.038,0.074
2025-06-20 11:45,2025-06-20 19:45,Fri,11,FP,,5.08,-0.113,5.08,0.289,-0.564
2025-06-22 23:00,2025-06-23 07:00,Sun,23,FP,,2.75,-0.409,2.75,0.422,-1.697
2025-06-23 00:08,2025-06-23 08:08,Mon,0,FP,,2.91,-0.12,2.91,0.009,0.53
2025-06-23 01:21,2025-06-23 09:21,Mon,1,FP,,3.57,-0.215,3.57,0.029,-0.217
2025-06-23 04:07,2025-06-23 12:07,Mon,4,FP,,2.57,-0.084,2.57,0.008,0.2
2025-06-23 05:33,2025-06-23 13:33,Mon,5,FP,,3.57,-0.261,3.57,0.08,-0.851
2025-06-23 07:04,2025-06-23 15:04,Mon,7,FP,,2.62,-0.153,2.62,0.055,-0.626
2025-06-23 12:16,2025-06-23 20:16,Mon,12,FP,,4.82,-0.302,4.82,0.059,-0.788
2025-06-23 16:42,2025-06-24 00:42,Mon,16,FP,,6.17,-0.141,6.17,-0.237,-2.287
2025-06-23 18:11,2025-06-24 02:11,Mon,18,FP,,2.81,-0.071,2.81,0.508,-2.558
2025-06-23 20:30,2025-06-24 04:30,Mon,20,FP,,2.58,-0.311,2.58,0.147,-2.273
2025-06-23 22:01,2025-06-24 06:01,Mon,22,FP,,3.33,-0.066,3.33,0.003,0.533
2025-06-23 23:01,2025-06-24 07:01,Mon,23,FP,,3.56,-0.364,3.56,0.511,-2.902
2025-06-24 00:01,2025-06-24 08:01,Tue,0,FP,,6.4,-0.483,6.4,0.037,-0.229
2025-06-24 01:36,2025-06-24 09:36,Tue,1,FP,,2.92,-0.176,2.92,0.074,0.606
2025-06-24 04:02,2025-06-24 12:02,Tue,4,FP,,2.6,-0.101,2.6,0.067,-0.17
2025-06-24 05:05,2025-06-24 13:05,Tue,5,FP,,3.71,-0.169,3.71,-0.004,-0.404
2025-06-24 06:08,2025-06-24 14:08,Tue,6,FP,,2.54,-0.467,2.54,0.264,-1.149
2025-06-24 07:10,2025-06-24 15:10,Tue,7,FP,,2.71,-0.227,2.71,0.144,0.068
2025-06-24 09:21,2025-06-24 17:21,Tue,9,FP,,2.53,-0.232,2.53,0.024,-0.458
2025-06-24 12:12,2025-06-24 20:12,Tue,12,FP,,2.62,-0.258,2.62,0.016,-1.076
2025-06-24 13:25,2025-06-24 21:25,Tue,13,FP,,2.76,-0.118,2.76,0.037,-0.87
2025-06-24 14:26,2025-06-24 22:26,Tue,14,FP,,4.21,-0.127,4.21,0.02,-0.438
2025-06-25 12:44,2025-06-25 20:44,Wed,12,FP,,2.7,-0.161,2.7,0.066,-0.169
2025-06-25 14:01,2025-06-25 22:01,Wed,14,FP,,3.12,-0.177,3.12,-0.029,-0.185
2025-06-25 17:34,2025-06-26 01:34,Wed,17,FP,,3.35,-0.111,3.35,-0.047,-0.591
2025-06-26 01:00,2025-06-26 09:00,Thu,1,FP,,2.68,-0.183,2.68,0.037,-0.322
2025-06-27 03:26,2025-06-27 11:26,Fri,3,FP,,3.4,-0.404,3.4,0.041,-0.168
2025-06-27 05:13,2025-06-27 13:13,Fri,5,FP,,2.7,-0.065,2.7,0.021,0.061
2025-06-27 06:20,2025-06-27 14:20,Fri,6,FP,,2.61,-0.1,2.61,0.09,-0.038
2025-06-27 07:20,2025-06-27 15:20,Fri,7,FP,,2.95,-0.157,2.95,0.09,0.198
2025-06-27 08:22,2025-06-27 16:22,Fri,8,FP,,2.51,-0.124,2.51,-0.082,-0.091
2025-06-27 10:00,2025-06-27 18:00,Fri,10,FP,,2.7,-0.144,2.7,-0.037,-0.319
2025-06-27 11:51,2025-06-27 19:51,Fri,11,FP,,3.23,-0.207,3.23,0.134,0.443
2025-06-27 12:51,2025-06-27 20:51,Fri,12,FP,,3.59,-0.098,3.59,-0.142,-0.357
2025-06-27 14:48,2025-06-27 22:48,Fri,14,FP,,2.76,-0.159,2.76,0.263,0.379
2025-06-29 22:10,2025-06-30 06:10,Sun,22,FP,,2.72,-0.121,2.72,0.155,-0.188
2025-06-30 00:00,2025-06-30 08:00,Mon,0,FP,,2.65,-0.064,2.65,-0.02,-0.031
2025-06-30 01:04,2025-06-30 09:04,Mon,1,FP,,3.68,-0.159,3.68,0.019,-0.147
2025-06-30 09:30,2025-06-30 17:30,Mon,9,FP,,3.08,-0.335,3.08,0.081,-0.699
2025-06-30 13:38,2025-06-30 21:38,Mon,13,FP,,3.17,-0.286,3.17,-0.033,-0.382
2025-07-01 13:35,2025-07-01 21:35,Tue,13,FP,,2.51,-0.21,2.51,0.045,-0.426
2025-07-01 15:15,2025-07-01 23:15,Tue,15,FP,,3.42,-0.249,3.42,-0.372,0.107
2025-07-02 02:06,2025-07-02 10:06,Wed,2,FP,,3.12,-0.261,3.12,-0.101,0.13
2025-07-02 06:16,2025-07-02 14:16,Wed,6,FP,,2.74,-0.154,2.74,0.036,-0.107
2025-07-02 13:31,2025-07-02 21:31,Wed,13,FP,,2.94,-0.088,2.94,-0.061,-0.212
2025-07-02 14:44,2025-07-02 22:44,Wed,14,FP,,2.66,-0.103,2.66,0.214,-0.394
2025-07-02 23:15,2025-07-03 07:15,Wed,23,FP,,3.03,-0.269,3.03,0.06,-0.148
2025-07-03 09:38,2025-07-03 17:38,Thu,9,FP,,2.71,-0.255,2.71,-0.064,-0.106
2025-07-03 12:30,2025-07-03 20:30,Thu,12,FP,,19.64,-0.325,19.64,0.161,0.163
2025-07-03 14:39,2025-07-03 22:39,Thu,14,FP,,2.69,-0.067,2.69,0.309,-0.521
2025-07-04 07:15,2025-07-04 15:15,Fri,7,FP,,2.55,-0.18,2.55,-0.091,-0.03
2025-07-04 09:31,2025-07-04 17:31,Fri,9,FP,,2.66,-0.259,2.66,-0.112,-0.586
2025-07-07 00:00,2025-07-07 08:00,Mon,0,FP,,2.56,-0.207,2.56,-0.004,-0.401
2025-07-07 01:00,2025-07-07 09:00,Mon,1,FP,,3.14,-0.076,3.14,0.004,-0.228
2025-07-07 02:05,2025-07-07 10:05,Mon,2,FP,,2.93,-0.229,2.93,0.027,0.152
2025-07-07 07:14,2025-07-07 15:14,Mon,7,FP,,2.7,-0.1,2.7,0.032,0.167
2025-07-07 10:40,2025-07-07 18:40,Mon,10,FP,,3.69,-0.225,3.69,0.124,0.337
2025-07-07 23:04,2025-07-08 07:04,Mon,23,FP,,2.86,-0.121,2.86,0.028,-0.147
2025-07-08 08:07,2025-07-08 16:07,Tue,8,FP,,3.36,-0.28,3.36,0.028,-0.303
2025-07-08 09:30,2025-07-08 17:30,Tue,9,FP,,3.45,-0.189,3.45,-0.016,0.111
2025-07-08 13:13,2025-07-08 21:13,Tue,13,FP,,3.26,-0.249,3.26,-0.004,-0.192
2025-07-08 14:13,2025-07-08 22:13,Tue,14,FP,,2.85,-0.435,2.85,-0.176,0.34
2025-07-08 15:16,2025-07-08 23:16,Tue,15,FP,,4.96,-0.346,4.96,0.02,0.0
2025-07-09 02:49,2025-07-09 10:49,Wed,2,FP,,2.77,-0.289,2.77,-0.048,0.015
2025-07-09 05:20,2025-07-09 13:20,Wed,5,FP,,2.66,-0.055,2.66,-0.048,-0.191
2025-07-10 12:21,2025-07-10 20:21,Thu,12,FP,,3.49,-0.21,3.49,0.016,-0.11
2025-07-10 13:47,2025-07-10 21:47,Thu,13,FP,,2.53,-0.204,2.53,0.072,-1.607
2025-07-11 08:50,2025-07-11 16:50,Fri,8,FP,,2.9,-0.052,2.9,-0.009,-0.366
2025-07-11 13:48,2025-07-11 21:48,Fri,13,FP,,3.62,-0.064,3.62,-0.036,0.654
2025-07-14 00:00,2025-07-14 08:00,Mon,0,FP,,3.01,-0.125,3.01,-0.331,0.175
2025-07-14 01:41,2025-07-14 09:41,Mon,1,FP,,2.83,-0.33,2.83,-0.08,-0.175
2025-07-14 12:20,2025-07-14 20:20,Mon,12,FP,,3.55,-0.367,3.55,0.08,-0.101
2025-07-14 14:25,2025-07-14 22:25,Mon,14,FP,,2.58,-0.127,2.58,0.105,-0.744
2025-07-15 08:58,2025-07-15 16:58,Tue,8,FP,,2.96,-0.115,2.96,-0.007,0.256
2025-07-15 11:45,2025-07-15 19:45,Tue,11,FP,,2.93,-0.23,2.93,-0.072,0.586
2025-07-15 13:01,2025-07-15 21:01,Tue,13,FP,,3.61,-0.202,3.61,0.033,-0.135
2025-07-15 14:01,2025-07-15 22:01,Tue,14,FP,,2.6,-0.07,2.6,-0.242,-0.052
2025-07-15 15:28,2025-07-15 23:28,Tue,15,FP,,3.24,-0.349,3.24,-0.08,0.06
2025-07-16 12:31,2025-07-16 20:31,Wed,12,FP,,2.5,-0.069,2.5,0.189,-0.136
2025-07-16 13:42,2025-07-16 21:42,Wed,13,FP,,3.0,-0.257,3.0,-0.048,0.061
2025-07-16 16:03,2025-07-17 00:03,Wed,16,FP,,2.8,-0.131,2.8,-0.132,0.282
2025-07-17 06:13,2025-07-17 14:13,Thu,6,FP,,3.5,-0.25,3.5,0.211,-0.168
2025-07-17 12:30,2025-07-17 20:30,Thu,12,FP,,11.84,-0.252,11.84,0.068,0.475
2025-07-18 01:06,2025-07-18 09:06,Fri,1,FP,,2.96,-0.097,2.96,-0.033,0.151
2025-07-18 13:33,2025-07-18 21:33,Fri,13,FP,,2.97,-0.133,2.97,0.066,-0.505
2025-07-20 22:02,2025-07-21 06:02,Sun,22,FP,,2.74,-0.065,2.74,-0.02,0.156
2025-07-21 23:39,2025-07-22 07:39,Mon,23,FP,,3.88,-0.191,3.88,0.015,-0.094
2025-07-22 01:41,2025-07-22 09:41,Tue,1,FP,,3.19,-0.237,3.19,0.012,-0.305
2025-07-23 01:03,2025-07-23 09:03,Wed,1,FP,,3.55,-0.103,3.55,-0.126,0.0
2025-07-23 08:22,2025-07-23 16:22,Wed,8,FP,,2.67,-0.053,2.67,0.028,-0.535
2025-07-23 12:48,2025-07-23 20:48,Wed,12,FP,,2.88,-0.13,2.88,0.012,0.224
2025-07-23 15:54,2025-07-23 23:54,Wed,15,FP,,3.73,-0.209,3.73,0.187,0.216
2025-07-23 16:55,2025-07-24 00:55,Wed,16,FP,,2.88,-0.53,2.88,-0.041,0.108
2025-07-24 01:06,2025-07-24 09:06,Thu,1,FP,,2.9,-0.128,2.9,0.051,0.061
2025-07-24 02:11,2025-07-24 10:11,Thu,2,FP,,2.62,-0.128,2.62,0.016,-0.122
2025-07-24 03:12,2025-07-24 11:12,Thu,3,FP,,2.84,-0.13,2.84,-0.023,0.222
2025-07-24 05:44,2025-07-24 13:44,Thu,5,FP,,3.25,-0.162,3.25,-0.012,-0.107
2025-07-24 07:53,2025-07-24 15:53,Thu,7,FP,,2.61,-0.205,2.61,-0.039,-0.349
2025-07-24 12:01,2025-07-24 20:01,Thu,12,FP,,2.71,-0.217,2.71,0.071,-0.379
2025-07-24 13:02,2025-07-24 21:02,Thu,13,FP,,4.19,-0.265,4.19,-0.076,0.487
2025-07-25 13:06,2025-07-25 21:06,Fri,13,FP,,3.07,-0.098,3.07,-0.024,-0.098
2025-07-25 14:17,2025-07-25 22:17,Fri,14,FP,,3.75,-0.069,3.75,0.042,-1.132
2025-07-27 22:00,2025-07-28 06:00,Sun,22,FP,,7.47,-0.359,7.47,0.391,0.205
2025-07-28 01:01,2025-07-28 09:01,Mon,1,FP,,2.86,-0.155,2.86,0.031,0.061
2025-07-28 12:21,2025-07-28 20:21,Mon,12,FP,,2.85,-0.108,2.85,-0.012,0.576
2025-07-28 13:32,2025-07-28 21:32,Mon,13,FP,,2.64,-0.114,2.64,-0.105,0.422
2025-07-28 14:39,2025-07-28 22:39,Mon,14,FP,,2.73,-0.451,2.73,0.059,-0.112
2025-07-28 17:29,2025-07-29 01:29,Mon,17,FP,,2.6,-0.099,2.6,-0.171,-0.195
2025-07-28 20:59,2025-07-29 04:59,Mon,20,FP,,2.79,-0.149,2.79,0.009,-0.236
2025-07-29 01:00,2025-07-29 09:00,Tue,1,FP,,3.25,-0.069,3.25,0.017,-0.135
2025-07-29 07:13,2025-07-29 15:13,Tue,7,FP,,2.66,-0.222,2.66,-0.031,0.03
2025-07-29 13:31,2025-07-29 21:31,Tue,13,FP,,5.18,-0.134,5.18,-0.005,0.425
2025-07-30 05:29,2025-07-30 13:29,Wed,5,FP,,2.54,-0.079,2.54,-0.008,-0.144
2025-07-31 10:54,2025-07-31 18:54,Thu,10,FP,,2.58,-0.365,2.58,-0.028,0.209
2025-07-31 13:38,2025-07-31 21:38,Thu,13,FP,,2.65,-0.07,2.65,-0.292,-0.474
2025-07-31 14:39,2025-07-31 22:39,Thu,14,FP,,2.71,-0.312,2.71,0.011,0.274
2025-08-01 02:00,2025-08-01 10:00,Fri,2,FP,,2.64,-0.164,2.64,0.154,0.195
2025-08-01 14:16,2025-08-01 22:16,Fri,14,FP,,3.64,-0.071,3.64,-0.502,-2.302
2025-08-03 22:12,2025-08-04 06:12,Sun,22,FP,,2.82,-0.077,2.82,-0.225,-0.591
2025-08-03 23:20,2025-08-04 07:20,Sun,23,FP,,2.87,-0.138,2.87,0.148,0.03
2025-08-05 10:11,2025-08-05 18:11,Tue,10,FP,,2.7,-0.298,2.7,0.106,-0.403
2025-08-05 16:16,2025-08-06 00:16,Tue,16,FP,,3.14,-0.099,3.14,0.11,0.367
2025-08-07 06:02,2025-08-07 14:02,Thu,6,FP,,2.56,-0.065,2.56,0.086,0.077
2025-08-07 08:07,2025-08-07 16:07,Thu,8,FP,,3.6,-0.144,3.6,0.2,-1.071
2025-08-07 09:12,2025-08-07 17:12,Thu,9,FP,,2.54,-0.064,2.54,0.121,0.833
2025-08-07 10:52,2025-08-07 18:52,Thu,10,FP,,3.16,-0.142,3.16,-0.047,0.495
2025-08-07 14:08,2025-08-07 22:08,Thu,14,FP,,11.32,-0.244,11.32,-0.203,-0.186
2025-08-07 20:48,2025-08-08 04:48,Thu,20,FP,,3.16,-0.069,3.16,0.271,0.121
2025-08-07 22:11,2025-08-08 06:11,Thu,22,FP,,2.62,-0.051,2.62,0.077,0.099
2025-08-08 00:01,2025-08-08 08:01,Fri,0,FP,,3.41,-0.238,3.41,-0.043,-0.055
2025-08-08 01:02,2025-08-08 09:02,Fri,1,FP,,2.62,-0.271,2.62,0.15,0.063
2025-08-08 09:01,2025-08-08 17:01,Fri,9,FP,,2.59,-0.106,2.59,0.047,0.243
2025-08-08 10:20,2025-08-08 18:20,Fri,10,FP,,2.9,-0.297,2.9,-0.0,0.297
2025-08-08 11:32,2025-08-08 19:32,Fri,11,FP,,2.84,-0.124,2.84,0.051,0.156
2025-08-08 13:24,2025-08-08 21:24,Fri,13,FP,,3.08,-0.126,3.08,0.024,0.039
2025-08-08 14:27,2025-08-08 22:27,Fri,14,FP,,4.05,-0.189,4.05,0.384,-1.403
2025-08-08 17:59,2025-08-09 01:59,Fri,17,FP,,22.97,-0.486,22.97,0.099,-0.288
2025-08-08 19:09,2025-08-09 03:09,Fri,19,FP,,2.94,-0.113,2.94,-0.041,-0.516
2025-08-10 22:06,2025-08-11 06:06,Sun,22,FP,,3.85,-0.066,3.85,-0.105,0.352
2025-08-11 00:01,2025-08-11 08:01,Mon,0,FP,,2.75,-0.153,2.75,-0.09,-0.33
2025-08-11 01:03,2025-08-11 09:03,Mon,1,FP,,2.8,-0.163,2.8,0.09,-0.047
2025-08-11 02:05,2025-08-11 10:05,Mon,2,FP,,2.66,-0.138,2.66,0.09,0.268
2025-08-11 06:30,2025-08-11 14:30,Mon,6,FP,,2.52,-0.253,2.52,0.019,-0.473
2025-08-11 07:43,2025-08-11 15:43,Mon,7,FP,,2.61,-0.088,2.61,-0.074,0.269
2025-08-11 09:30,2025-08-11 17:30,Mon,9,FP,,2.75,-0.096,2.75,0.098,0.64
2025-08-11 11:50,2025-08-11 19:50,Mon,11,FP,,2.51,-0.192,2.51,0.098,0.336
2025-08-11 14:41,2025-08-11 22:41,Mon,14,FP,,3.93,-0.326,3.93,0.007,-0.413
2025-08-11 17:34,2025-08-12 01:34,Mon,17,FP,,3.62,-0.051,3.62,-0.175,-0.094
2025-08-11 20:45,2025-08-12 04:45,Mon,20,FP,,4.11,-0.307,4.11,-0.051,-0.208
2025-08-12 06:15,2025-08-12 14:15,Tue,6,FP,,2.73,-0.242,2.73,-0.035,-0.218
2025-08-12 11:35,2025-08-12 19:35,Tue,11,FP,,2.76,-0.272,2.76,-0.035,-0.812
2025-08-12 13:12,2025-08-12 21:12,Tue,13,FP,,2.62,-0.056,2.62,0.376,-0.126
2025-08-12 14:15,2025-08-12 22:15,Tue,14,FP,,2.84,-0.268,2.84,0.128,0.047
2025-08-13 12:30,2025-08-13 20:30,Wed,12,FP,,3.19,-0.129,3.19,0.027,0.518
2025-08-13 15:12,2025-08-13 23:12,Wed,15,FP,,2.65,-0.32,2.65,-0.284,-0.844
2025-08-14 07:45,2025-08-14 15:45,Thu,7,FP,,2.75,-0.22,2.75,0.078,-0.095
2025-08-14 11:20,2025-08-14 19:20,Thu,11,FP,,2.84,-0.064,2.84,0.028,-0.087
2025-08-14 12:30,2025-08-14 20:30,Thu,12,FP,,11.46,-0.322,11.46,-0.324,0.159
2025-08-14 13:43,2025-08-14 21:43,Thu,13,FP,,2.56,-0.105,2.56,0.047,0.81
2025-08-14 16:16,2025-08-15 00:16,Thu,16,FP,,4.22,-0.258,4.22,-0.213,0.362
2025-08-15 12:31,2025-08-15 20:31,Fri,12,FP,,2.6,-0.166,2.6,-0.05,0.126
2025-08-15 13:55,2025-08-15 21:55,Fri,13,FP,,2.74,-0.138,2.74,-0.308,-0.339
2025-08-17 23:17,2025-08-18 07:17,Sun,23,FP,,5.16,-0.28,5.16,0.047,-0.097
2025-08-19 00:00,2025-08-19 08:00,Tue,0,FP,,3.9,-0.164,3.9,-0.066,1.246
2025-08-19 13:10,2025-08-19 21:10,Tue,13,FP,,4.99,-0.352,4.99,-0.027,-0.756
2025-08-19 14:47,2025-08-19 22:47,Tue,14,FP,,2.72,-0.372,2.72,-0.026,0.129
2025-08-21 13:45,2025-08-21 21:45,Thu,13,FP,,9.06,-0.052,9.06,-0.098,-0.604
2025-08-21 15:29,2025-08-21 23:29,Thu,15,FP,,5.11,-0.059,5.11,-0.187,0.214
2025-08-22 12:32,2025-08-22 20:32,Fri,12,FP,,3.39,-0.225,3.39,0.038,-0.094
2025-08-22 15:46,2025-08-22 23:46,Fri,15,FP,,3.07,-0.068,3.07,0.018,-0.33
2025-08-25 23:21,2025-08-26 07:21,Mon,23,FP,,3.59,-0.218,3.59,0.0,-0.158
2025-08-26 01:22,2025-08-26 09:22,Tue,1,FP,,3.1,-0.094,3.1,-0.124,-0.201
2025-08-26 09:30,2025-08-26 17:30,Tue,9,FP,,2.95,-0.181,2.95,0.086,-0.343
2025-08-26 13:02,2025-08-26 21:02,Tue,13,FP,,2.84,-0.165,2.84,0.043,0.173
2025-08-26 22:01,2025-08-27 06:01,Tue,22,FP,,2.75,-0.059,2.75,0.032,0.092
2025-08-27 13:45,2025-08-27 21:45,Wed,13,FP,,2.57,-0.167,2.57,0.015,-0.071
2025-08-28 12:31,2025-08-28 20:31,Thu,12,FP,,3.37,-0.103,3.37,0.108,-0.094
2025-08-29 17:49,2025-08-30 01:49,Fri,17,FP,,2.91,-0.157,2.91,-0.019,0.047
2025-08-31 22:01,2025-09-01 06:01,Sun,22,FP,,3.15,-0.096,3.15,0.008,0.028
2025-09-01 07:17,2025-09-01 15:17,Mon,7,FP,,2.56,-0.276,2.56,0.131,0.328
2025-09-01 10:00,2025-09-01 18:00,Mon,10,FP,,2.57,-0.265,2.57,-0.027,0.124
2025-09-02 02:40,2025-09-02 10:40,Tue,2,FP,,2.51,-0.151,2.51,-0.155,-0.108
2025-09-02 06:03,2025-09-02 14:03,Tue,6,FP,,3.37,-0.09,3.37,-0.024,0.254
2025-09-02 07:08,2025-09-02 15:08,Tue,7,FP,,2.66,-0.189,2.66,-0.019,0.2
2025-09-02 12:36,2025-09-02 20:36,Tue,12,FP,,3.3,-0.107,3.3,-0.226,-0.905
2025-09-03 01:19,2025-09-03 09:19,Wed,1,FP,,3.44,-0.063,3.44,-0.051,0.015
2025-09-03 02:53,2025-09-03 10:53,Wed,2,FP,,2.75,-0.07,2.75,-0.047,-0.137
2025-09-03 05:55,2025-09-03 13:55,Wed,5,FP,,3.64,-0.212,3.64,-0.05,-0.02
2025-09-03 12:20,2025-09-03 20:20,Wed,12,FP,,2.74,-0.061,2.74,-0.047,-0.132
2025-09-03 14:07,2025-09-03 22:07,Wed,14,FP,,3.53,-0.071,3.53,0.023,-0.75
2025-09-03 18:32,2025-09-04 02:32,Wed,18,FP,,4.04,-0.097,4.04,-0.241,0.005
2025-09-04 00:00,2025-09-04 08:00,Thu,0,FP,,2.81,-0.051,2.81,0.001,-0.052
2025-09-04 01:31,2025-09-04 09:31,Thu,1,FP,,3.05,-0.246,3.05,-0.016,-0.063
2025-09-04 02:37,2025-09-04 10:37,Thu,2,FP,,4.47,-0.152,4.47,0.023,-0.074
2025-09-04 12:45,2025-09-04 20:45,Thu,12,FP,,3.13,-0.065,3.13,-0.085,-0.237
2025-09-04 14:00,2025-09-04 22:00,Thu,14,FP,,6.75,-0.104,6.75,0.082,0.063
2025-09-08 00:00,2025-09-08 08:00,Mon,0,FP,,3.23,-0.093,3.23,0.092,0.506
2025-09-08 01:10,2025-09-08 09:10,Mon,1,FP,,3.85,-0.064,3.85,-0.084,0.293
2025-09-08 04:02,2025-09-08 12:02,Mon,4,FP,,2.61,-0.319,2.61,0.008,0.043
2025-09-08 16:01,2025-09-09 00:01,Mon,16,FP,,2.84,-0.185,2.84,-0.07,0.148
2025-09-08 17:05,2025-09-09 01:05,Mon,17,FP,,2.88,-0.124,2.88,-0.135,-0.224
2025-09-08 22:33,2025-09-09 06:33,Mon,22,FP,,2.57,-0.095,2.57,0.058,0.016
2025-09-09 03:13,2025-09-09 11:13,Tue,3,FP,,2.77,-0.112,2.77,0.023,0.074
2025-09-09 06:05,2025-09-09 14:05,Tue,6,FP,,8.5,-0.322,8.5,0.019,0.164
2025-09-09 12:03,2025-09-09 20:03,Tue,12,FP,,2.58,-0.092,2.58,0.051,0.128
2025-09-09 13:08,2025-09-09 21:08,Tue,13,FP,,3.36,-0.139,3.36,-0.08,0.286
2025-09-09 14:08,2025-09-09 22:08,Tue,14,FP,,7.91,-0.165,7.91,-0.025,0.027
2025-09-09 15:14,2025-09-09 23:14,Tue,15,FP,,4.89,-0.455,4.89,-0.153,0.343
2025-09-10 00:13,2025-09-10 08:13,Wed,0,FP,,2.6,-0.269,2.6,0.011,-0.079
2025-09-10 01:15,2025-09-10 09:15,Wed,1,FP,,2.96,-0.169,2.96,-0.019,0.211
2025-09-10 12:33,2025-09-10 20:33,Wed,12,FP,,3.82,-0.096,3.82,0.191,0.111
2025-09-10 14:49,2025-09-10 22:49,Wed,14,FP,,2.53,-0.142,2.53,-0.007,-0.21
2025-09-11 05:32,2025-09-11 13:32,Thu,5,FP,,5.16,-0.234,5.16,-0.015,-0.157
2025-09-11 07:10,2025-09-11 15:10,Thu,7,FP,,2.96,-0.12,2.96,0.049,-0.028
2025-09-11 09:13,2025-09-11 17:13,Thu,9,FP,,3.23,-0.26,3.23,-0.042,-0.26
2025-09-11 12:00,2025-09-11 20:00,Thu,12,FP,,2.99,-0.095,2.99,0.0,-0.336
2025-09-11 13:30,2025-09-11 21:30,Thu,13,FP,,3.37,-0.185,3.37,-0.031,-0.858
2025-09-12 07:31,2025-09-12 15:31,Fri,7,FP,,2.76,-0.05,2.76,-0.031,0.06
2025-09-12 09:04,2025-09-12 17:04,Fri,9,FP,,5.82,-0.207,5.82,-0.018,0.454
2025-09-12 12:20,2025-09-12 20:20,Fri,12,FP,,2.63,-0.136,2.63,0.065,0.682
2025-09-12 15:05,2025-09-12 23:05,Fri,15,FP,,2.68,-0.153,2.68,0.034,0.107
2025-09-15 01:00,2025-09-15 09:00,Mon,1,FP,,2.72,-0.181,2.72,0.008,0.378
2025-09-15 09:47,2025-09-15 17:47,Mon,9,FP,,2.62,-0.091,2.62,-0.019,0.23
2025-09-16 02:46,2025-09-16 10:46,Tue,2,FP,,3.17,-0.09,3.17,0.027,-0.099
2025-09-16 12:30,2025-09-16 20:30,Tue,12,FP,,4.11,-0.076,4.11,-0.069,0.311
2025-09-16 14:35,2025-09-16 22:35,Tue,14,FP,,2.6,-0.09,2.6,-0.198,0.003
2025-09-17 01:30,2025-09-17 09:30,Wed,1,FP,,2.75,-0.282,2.75,-0.023,-0.073
2025-09-17 07:02,2025-09-17 15:02,Wed,7,FP,,2.59,-0.176,2.59,0.008,-0.039
2025-09-17 10:13,2025-09-17 18:13,Wed,10,FP,,4.05,-0.094,4.05,-0.034,-0.223
2025-09-17 17:20,2025-09-18 01:20,Wed,17,FP,,2.87,-0.187,2.87,-0.059,-0.152
2025-09-17 18:32,2025-09-18 02:32,Wed,18,FP,,11.26,-0.261,11.26,-0.075,-0.389
2025-09-17 19:32,2025-09-18 03:32,Wed,19,FP,,3.33,-0.36,3.33,0.205,-0.234
2025-09-18 00:10,2025-09-18 08:10,Thu,0,FP,,2.6,-0.087,2.6,-0.037,-0.145
2025-09-18 01:10,2025-09-18 09:10,Thu,1,FP,,4.43,-0.165,4.43,0.026,-0.466
2025-09-18 05:13,2025-09-18 13:13,Thu,5,FP,,3.21,-0.11,3.21,0.034,-0.216
2025-09-18 06:13,2025-09-18 14:13,Thu,6,FP,,3.77,-0.462,3.77,-0.143,-0.118
2025-09-18 12:51,2025-09-18 20:51,Thu,12,FP,,3.68,-0.075,3.68,-0.117,-0.078
2025-09-18 13:52,2025-09-18 21:52,Thu,13,FP,,3.21,-0.702,3.21,-0.203,-0.529
2025-09-18 15:02,2025-09-18 23:02,Thu,15,FP,,2.8,-0.096,2.8,0.087,0.031
2025-09-18 18:01,2025-09-19 02:01,Thu,18,FP,,3.02,-0.128,3.02,-0.215,-0.157
2025-09-19 01:51,2025-09-19 09:51,Fri,1,FP,,4.96,-0.146,4.96,0.034,0.028
2025-09-19 05:30,2025-09-19 13:30,Fri,5,FP,,2.93,-0.084,2.93,-0.019,-0.032
2025-09-19 06:33,2025-09-19 14:33,Fri,6,FP,,4.17,-0.263,4.17,-0.117,0.008
2025-09-19 12:02,2025-09-19 20:02,Fri,12,FP,,2.8,-0.123,2.8,0.056,-0.032
2025-09-19 13:04,2025-09-19 21:04,Fri,13,FP,,3.33,-0.063,3.33,0.049,-0.302
2025-09-19 16:14,2025-09-20 00:14,Fri,16,FP,,2.81,-0.098,2.81,0.188,-0.287
2025-09-22 11:41,2025-09-22 19:41,Mon,11,FP,,2.7,-0.069,2.7,-0.083,-0.193
2025-09-22 13:00,2025-09-22 21:00,Mon,13,FP,,3.26,-0.092,3.26,-0.027,-0.141
2025-09-22 14:03,2025-09-22 22:03,Mon,14,FP,,2.84,-0.202,2.84,0.255,0.308
2025-09-22 22:45,2025-09-23 06:45,Mon,22,FP,,2.89,-0.185,2.89,0.011,0.0
2025-09-23 01:01,2025-09-23 09:01,Tue,1,FP,,2.7,-0.08,2.7,-0.03,-0.257
2025-09-23 02:10,2025-09-23 10:10,Tue,2,FP,,2.91,-0.205,2.91,0.011,-0.209
2025-09-23 07:12,2025-09-23 15:12,Tue,7,FP,,2.88,-0.065,2.88,0.0,0.149
2025-09-23 11:17,2025-09-23 19:17,Tue,11,FP,,2.52,-0.086,2.52,-0.09,0.271
2025-09-23 12:25,2025-09-23 20:25,Tue,12,FP,,3.09,-0.142,3.09,0.048,0.191
2025-09-23 13:46,2025-09-23 21:46,Tue,13,FP,,3.47,-0.057,3.47,0.003,0.036
2025-09-23 16:12,2025-09-24 00:12,Tue,16,FP,,2.65,-0.079,2.65,-0.217,-0.259
2025-09-23 18:51,2025-09-24 02:51,Tue,18,FP,,7.54,-0.155,7.54,-0.12,0.432
2025-09-24 00:00,2025-09-24 08:00,Wed,0,FP,,2.78,-0.076,2.78,-0.025,-0.204
2025-09-24 01:46,2025-09-24 09:46,Wed,1,FP,,3.13,-0.123,3.13,-0.025,-0.071
2025-09-26 00:00,2025-09-26 08:00,Fri,0,FP,,2.6,-0.077,2.6,-0.889,0.02
2025-09-26 01:17,2025-09-26 09:17,Fri,1,FP,,2.95,-0.16,2.95,-0.072,-0.066
2025-09-26 06:04,2025-09-26 14:04,Fri,6,FP,,2.81,-0.07,2.81,0.117,0.092
2025-09-26 12:43,2025-09-26 20:43,Fri,12,FP,,2.63,-0.074,2.63,0.353,0.375
2025-09-26 19:03,2025-09-27 03:03,Fri,19,FP,,2.62,-0.124,2.62,0.056,-0.198
2025-09-29 00:03,2025-09-29 08:03,Mon,0,FP,,2.9,-0.053,2.9,0.049,-0.077
2025-09-29 01:24,2025-09-29 09:24,Mon,1,FP,,6.57,-0.188,6.57,0.004,0.231
2025-09-29 07:34,2025-09-29 15:34,Mon,7,FP,,2.59,-0.105,2.59,0.025,-0.353
2025-09-29 09:48,2025-09-29 17:48,Mon,9,FP,,2.74,-0.231,2.74,0.016,-0.289
2025-09-29 12:27,2025-09-29 20:27,Mon,12,FP,,3.36,-0.165,3.36,0.049,0.028
2025-09-29 15:08,2025-09-29 23:08,Mon,15,FP,,3.07,-0.06,3.07,-0.067,-0.393
2025-09-29 17:15,2025-09-30 01:15,Mon,17,FP,,3.09,-0.148,3.09,-0.192,-0.194
2025-09-29 22:00,2025-09-30 06:00,Mon,22,FP,,3.75,-0.072,3.75,0.0,-0.043
2025-09-30 06:18,2025-09-30 14:18,Tue,6,FP,,4.5,-0.18,4.5,0.067,-0.036
2025-09-30 07:26,2025-09-30 15:26,Tue,7,FP,,3.6,-0.369,3.6,-0.155,-0.538
2025-09-30 08:26,2025-09-30 16:26,Tue,8,FP,,3.18,-0.461,3.18,-0.04,-0.302
2025-09-30 09:30,2025-09-30 17:30,Tue,9,FP,,4.48,-0.352,4.48,0.071,0.384
2025-09-30 12:42,2025-09-30 20:42,Tue,12,FP,,4.66,-0.141,4.66,0.082,-1.198
2025-09-30 15:09,2025-09-30 23:09,Tue,15,FP,,2.74,-0.07,2.74,0.152,-0.368
2025-10-01 02:54,2025-10-01 10:54,Wed,2,FP,,5.13,-0.173,5.13,-0.071,-0.117
2025-10-01 06:02,2025-10-01 14:02,Wed,6,FP,,2.62,-0.138,2.62,-0.059,-0.195
2025-10-01 09:23,2025-10-01 17:23,Wed,9,FP,,3.22,-0.123,3.22,0.249,-1.439
2025-10-01 11:13,2025-10-01 19:13,Wed,11,FP,,2.58,-0.179,2.58,0.009,-0.381
2025-10-01 12:24,2025-10-01 20:24,Wed,12,FP,,4.2,-0.09,4.2,0.056,-0.29
2025-10-01 13:29,2025-10-01 21:29,Wed,13,FP,,2.72,-0.204,2.72,-0.053,-0.689
2025-10-01 14:46,2025-10-01 22:46,Wed,14,FP,,8.86,-0.085,8.86,0.134,0.46
2025-10-01 16:00,2025-10-02 00:00,Wed,16,FP,,2.88,-0.233,2.88,0.167,-0.032
2025-10-01 18:00,2025-10-02 02:00,Wed,18,FP,,3.36,-0.3,3.36,0.224,-0.016
2025-10-01 22:02,2025-10-02 06:02,Wed,22,FP,,6.15,-0.052,6.15,0.0,-0.117
2025-10-01 23:41,2025-10-02 07:41,Wed,23,FP,,3.02,-0.076,3.02,-0.007,0.336
2025-10-02 00:50,2025-10-02 08:50,Thu,0,FP,,3.27,-0.097,3.27,0.152,0.142
2025-10-02 07:26,2025-10-02 15:26,Thu,7,FP,,3.75,-0.092,3.75,0.03,0.081
2025-10-02 12:17,2025-10-02 20:17,Thu,12,FP,,2.74,-0.067,2.74,0.085,-0.073
2025-10-02 13:38,2025-10-02 21:38,Thu,13,FP,,3.74,-0.072,3.74,-0.11,-0.35
2025-10-02 14:38,2025-10-02 22:38,Thu,14,FP,,5.55,-0.929,5.55,-0.166,-0.172
2025-10-02 15:38,2025-10-02 23:38,Thu,15,FP,,3.5,-0.705,3.5,-0.271,-0.643
2025-10-03 01:11,2025-10-03 09:11,Fri,1,FP,,4.09,-0.112,4.09,0.052,0.231
2025-10-03 03:11,2025-10-03 11:11,Fri,3,FP,,3.06,-0.267,3.06,0.045,0.168
2025-10-03 11:19,2025-10-03 19:19,Fri,11,FP,,3.82,-0.09,3.82,-0.101,0.02
2025-10-03 14:12,2025-10-03 22:12,Fri,14,FP,,3.6,-0.075,3.6,0.147,0.535
2025-10-03 17:51,2025-10-04 01:51,Fri,17,FP,,2.8,-0.087,2.8,-0.498,-0.103
2025-10-05 22:10,2025-10-06 06:10,Sun,22,FP,,2.74,-0.079,2.74,0.124,1.412
2025-10-06 00:02,2025-10-06 08:02,Mon,0,FP,,4.04,-0.052,4.04,0.005,0.35
2025-10-06 03:14,2025-10-06 11:14,Mon,3,FP,,2.56,-0.05,2.56,0.059,0.0
2025-10-06 05:34,2025-10-06 13:34,Mon,5,FP,,3.59,-0.132,3.59,-0.046,-0.165
2025-10-06 10:08,2025-10-06 18:08,Mon,10,FP,,5.65,-0.236,5.65,0.101,0.215
2025-10-06 11:25,2025-10-06 19:25,Mon,11,FP,,2.74,-0.109,2.74,-0.067,-0.581
2025-10-06 12:26,2025-10-06 20:26,Mon,12,FP,,3.02,-0.09,3.02,0.104,-0.243
2025-10-06 16:13,2025-10-07 00:13,Mon,16,FP,,3.26,-0.053,3.26,0.047,0.753
2025-10-07 00:43,2025-10-07 08:43,Tue,0,FP,,4.15,-0.119,4.15,-0.053,0.013
2025-10-07 03:26,2025-10-07 11:26,Tue,3,FP,,3.56,-0.067,3.56,0.022,0.129
2025-10-07 05:09,2025-10-07 13:09,Tue,5,FP,,2.8,-0.087,2.8,0.015,-0.238
2025-10-07 06:33,2025-10-07 14:33,Tue,6,FP,,2.51,-0.08,2.51,-0.096,0.288
2025-10-07 07:34,2025-10-07 15:34,Tue,7,FP,,2.85,-0.153,2.85,0.018,-0.597
2025-10-07 14:03,2025-10-07 22:03,Tue,14,FP,,3.65,-0.092,3.65,-0.147,0.963
2025-10-07 15:39,2025-10-07 23:39,Tue,15,FP,,4.39,-0.129,4.39,-0.375,0.57
2025-10-07 18:03,2025-10-08 02:03,Tue,18,FP,,2.57,-0.121,2.57,-0.164,0.2
2025-10-08 01:00,2025-10-08 09:00,Wed,1,TP,2025-10-08 01:04 UP↑(A) gap=+4min,4.14,-0.162,4.14,0.083,0.092
2025-10-08 06:14,2025-10-08 14:14,Wed,6,FP,,2.57,-0.056,2.57,-0.047,0.092
2025-10-08 09:33,2025-10-08 17:33,Wed,9,FP,,2.86,-0.181,2.86,-0.033,0.546
2025-10-08 10:36,2025-10-08 18:36,Wed,10,FP,,2.68,-0.056,2.68,-0.003,-0.372
2025-10-08 13:30,2025-10-08 21:30,Wed,13,FP,,5.54,-0.099,5.54,0.024,-0.722
2025-10-08 15:14,2025-10-08 23:14,Wed,15,FP,,4.35,-0.08,4.35,0.06,0.368
2025-10-08 17:26,2025-10-09 01:26,Wed,17,FP,,2.75,-0.084,2.75,0.037,0.379
2025-10-08 19:06,2025-10-09 03:06,Wed,19,FP,,13.44,-0.171,13.44,-0.039,-0.37
2025-10-08 22:01,2025-10-09 06:01,Wed,22,FP,,5.75,-0.137,5.75,0.0,-0.043
2025-10-08 23:01,2025-10-09 07:01,Wed,23,FP,,3.04,-0.489,3.04,0.066,-0.27
2025-10-09 00:01,2025-10-09 08:01,Thu,0,FP,,4.15,-0.118,4.15,0.004,-0.164
2025-10-09 01:04,2025-10-09 09:04,Thu,1,FP,,5.28,-0.083,5.28,-0.019,-0.06
2025-10-09 02:10,2025-10-09 10:10,Thu,2,FP,,3.5,-0.067,3.5,-0.126,0.124
2025-10-09 06:26,2025-10-09 14:26,Thu,6,FP,,2.57,-0.088,2.57,0.015,0.466
2025-10-09 12:00,2025-10-09 20:00,Thu,12,FP,,2.79,-0.079,2.79,0.021,0.024
2025-10-09 13:41,2025-10-09 21:41,Thu,13,FP,,4.16,-0.065,4.16,-0.021,-0.16
2025-10-09 14:41,2025-10-09 22:41,Thu,14,FP,,4.71,-0.675,4.71,-0.365,-0.427
2025-10-09 15:41,2025-10-09 23:41,Thu,15,FP,,4.74,-0.065,4.74,-0.035,0.064
2025-10-09 16:41,2025-10-10 00:41,Thu,16,FP,,8.93,-0.742,8.93,-0.018,-1.028
2025-10-09 17:41,2025-10-10 01:41,Thu,17,FP,,3.49,-0.513,3.49,-0.015,-0.462
2025-10-09 20:50,2025-10-10 04:50,Thu,20,FP,,3.72,-0.114,3.72,-0.001,0.034
2025-10-09 22:10,2025-10-10 06:10,Thu,22,FP,,9.04,-0.241,9.04,0.072,-0.06
2025-10-10 01:09,2025-10-10 09:09,Fri,1,FP,,2.62,-0.122,2.62,0.029,0.085
2025-10-10 02:14,2025-10-10 10:14,Fri,2,FP,,2.74,-0.068,2.74,0.018,0.085
2025-10-10 03:14,2025-10-10 11:14,Fri,3,FP,,2.63,-0.272,2.63,-0.033,0.085
2025-10-10 04:14,2025-10-10 12:14,Fri,4,FP,,5.37,-0.589,5.37,-0.035,0.085
2025-10-12 22:00,2025-10-13 06:00,Sun,22,FP,,12.29,-0.13,12.29,0.0,2.024
2025-10-12 23:55,2025-10-13 07:55,Sun,23,FP,,5.11,-0.111,5.11,0.215,0.384
2025-10-13 01:40,2025-10-13 09:40,Mon,1,FP,,5.44,-0.061,5.44,0.113,0.235
2025-10-13 02:59,2025-10-13 10:59,Mon,2,FP,,2.79,-0.122,2.79,-0.098,-0.117
2025-10-13 06:18,2025-10-13 14:18,Mon,6,FP,,2.6,-0.069,2.6,-0.065,0.0
2025-10-13 10:00,2025-10-13 18:00,Mon,10,FP,,3.49,-0.093,3.49,-0.106,0.105
2025-10-13 12:19,2025-10-13 20:19,Mon,12,FP,,2.85,-0.144,2.85,0.037,-0.66
2025-10-13 15:32,2025-10-13 23:32,Mon,15,FP,,2.59,-0.085,2.59,0.305,-0.467
2025-10-13 17:10,2025-10-14 01:10,Mon,17,FP,,2.72,-0.273,2.72,0.135,0.173
2025-10-13 18:31,2025-10-14 02:31,Mon,18,FP,,2.82,-0.094,2.82,0.123,-0.464
2025-10-13 22:30,2025-10-14 06:30,Mon,22,FP,,3.31,-0.051,3.31,0.008,0.156
2025-10-14 00:48,2025-10-14 08:48,Tue,0,FP,,3.17,-0.121,3.17,0.29,0.146
2025-10-14 02:17,2025-10-14 10:17,Tue,2,FP,,3.95,-0.072,3.95,0.105,0.0
2025-10-14 05:38,2025-10-14 13:38,Tue,5,FP,,18.95,-0.178,18.95,-0.245,-0.509
2025-10-14 06:38,2025-10-14 14:38,Tue,6,FP,,4.76,-1.16,4.76,-0.077,-0.155
2025-10-14 09:40,2025-10-14 17:40,Tue,9,FP,,2.71,-0.094,2.71,-0.05,-0.089
2025-10-14 10:48,2025-10-14 18:48,Tue,10,FP,,3.2,-0.14,3.2,-0.48,-0.74
2025-10-14 11:50,2025-10-14 19:50,Tue,11,FP,,3.04,-0.106,3.04,0.446,0.927
2025-10-14 12:50,2025-10-14 20:50,Tue,12,FP,,3.28,-0.483,3.28,-0.152,-0.263
2025-10-14 15:00,2025-10-14 23:00,Tue,15,FP,,3.75,-0.061,3.75,0.518,-0.111
2025-10-14 16:08,2025-10-15 00:08,Tue,16,FP,,6.0,-0.106,6.0,0.159,0.442
2025-10-14 17:49,2025-10-15 01:49,Tue,17,FP,,2.8,-0.093,2.8,0.065,0.199
2025-10-14 19:35,2025-10-15 03:35,Tue,19,FP,,3.24,-0.054,3.24,-0.112,-0.17
2025-10-15 00:27,2025-10-15 08:27,Wed,0,FP,,4.45,-0.123,4.45,-0.123,-0.296
2025-10-15 02:30,2025-10-15 10:30,Wed,2,FP,,4.82,-0.221,4.82,0.114,0.094
2025-10-15 04:25,2025-10-15 12:25,Wed,4,FP,,7.31,-0.189,7.31,0.045,0.062
2025-10-15 06:18,2025-10-15 14:18,Wed,6,FP,,2.68,-0.052,2.68,-0.05,0.273
2025-10-15 09:08,2025-10-15 17:08,Wed,9,FP,,2.77,-0.125,2.77,0.135,0.133
2025-10-15 10:08,2025-10-15 18:08,Wed,10,FP,,4.11,-0.259,4.11,-0.007,-0.099
2025-10-15 11:49,2025-10-15 19:49,Wed,11,FP,,3.88,-0.061,3.88,-0.012,0.043
2025-10-15 12:51,2025-10-15 20:51,Wed,12,FP,,3.79,-0.221,3.79,0.112,0.656
2025-10-15 15:02,2025-10-15 23:02,Wed,15,FP,,3.69,-0.126,3.69,0.045,-0.458
2025-10-15 16:02,2025-10-16 00:02,Wed,16,FP,,4.23,-0.115,4.23,-0.499,-0.469
2025-10-15 17:13,2025-10-16 01:13,Wed,17,FP,,5.54,-0.112,5.54,-0.779,0.048
2025-10-15 20:52,2025-10-16 04:52,Wed,20,FP,,2.63,-0.071,2.63,0.178,0.532
2025-10-15 22:15,2025-10-16 06:15,Wed,22,FP,,5.58,-0.138,5.58,0.168,0.073
2025-10-15 23:45,2025-10-16 07:45,Wed,23,FP,,2.82,-0.166,2.82,-0.064,-0.097
2025-10-16 04:01,2025-10-16 12:01,Thu,4,FP,,2.62,-0.151,2.62,-0.072,0.259
2025-10-16 05:06,2025-10-16 13:06,Thu,5,FP,,2.85,-0.065,2.85,0.007,-0.056
2025-10-16 06:07,2025-10-16 14:07,Thu,6,FP,,2.79,-0.306,2.79,0.13,-0.022
2025-10-16 09:25,2025-10-16 17:25,Thu,9,FP,,3.31,-0.165,3.31,-0.006,-0.238
2025-10-16 12:23,2025-10-16 20:23,Thu,12,FP,,2.53,-0.139,2.53,-0.116,-0.238
2025-10-16 16:38,2025-10-17 00:38,Thu,16,FP,,5.76,-0.089,5.76,-0.834,0.215
2025-10-16 18:14,2025-10-17 02:14,Thu,18,FP,,5.05,-0.106,5.05,-0.643,-0.434
2025-10-16 23:01,2025-10-17 07:01,Thu,23,FP,,6.44,-0.067,6.44,-0.091,-0.088
2025-10-17 00:26,2025-10-17 08:26,Fri,0,FP,,3.1,-0.078,3.1,0.103,-0.137
2025-10-17 01:26,2025-10-17 09:26,Fri,1,FP,,6.54,-0.535,6.54,0.103,0.076
2025-10-17 02:26,2025-10-17 10:26,Fri,2,FP,,4.76,-0.074,4.76,0.103,-0.439
2025-10-17 05:02,2025-10-17 13:02,Fri,5,FP,,5.3,-0.133,5.3,0.103,-0.083
2025-10-19 22:00,2025-10-20 06:00,Sun,22,FP,,8.43,-0.164,8.43,0.0,0.145
2025-10-19 23:03,2025-10-20 07:03,Sun,23,FP,,3.2,-0.4,3.2,0.048,-0.258
2025-10-20 00:03,2025-10-20 08:03,Mon,0,FP,,3.43,-0.223,3.43,-0.144,-0.31
2025-10-20 01:03,2025-10-20 09:03,Mon,1,FP,,7.07,-0.125,7.07,0.184,-0.053
2025-10-20 02:45,2025-10-20 10:45,Mon,2,FP,,2.89,-0.078,2.89,-0.031,0.365
2025-10-20 05:10,2025-10-20 13:10,Mon,5,FP,,4.47,-0.055,4.47,0.051,0.067
2025-10-20 06:10,2025-10-20 14:10,Mon,6,FP,,3.73,-0.391,3.73,-0.015,-0.509
2025-10-20 09:21,2025-10-20 17:21,Mon,9,FP,,3.24,-0.101,3.24,-0.027,0.405
2025-10-20 11:00,2025-10-20 19:00,Mon,11,FP,,2.75,-0.102,2.75,-0.159,-0.325
2025-10-20 13:35,2025-10-20 21:35,Mon,13,FP,,6.03,-0.095,6.03,0.338,-0.303
2025-10-20 16:17,2025-10-21 00:17,Mon,16,FP,,2.7,-0.074,2.7,-0.04,-0.035
2025-10-20 17:17,2025-10-21 01:17,Mon,17,FP,,3.15,-0.123,3.15,0.202,0.235
2025-10-20 20:09,2025-10-21 04:09,Mon,20,FP,,3.91,-0.101,3.91,-0.068,0.292
2025-10-20 23:18,2025-10-21 07:18,Mon,23,FP,,5.63,-0.176,5.63,-0.01,-0.039
2025-10-21 00:20,2025-10-21 08:20,Tue,0,FP,,3.29,-0.053,3.29,0.006,-0.091
2025-10-21 01:21,2025-10-21 09:21,Tue,1,FP,,4.32,-0.187,4.32,0.056,-0.276
2025-10-21 02:35,2025-10-21 10:35,Tue,2,FP,,4.94,-0.053,4.94,0.068,0.318
2025-10-21 04:51,2025-10-21 12:51,Tue,4,FP,,2.59,-0.142,2.59,-0.0,0.06
2025-10-21 05:52,2025-10-21 13:52,Tue,5,FP,,3.67,-0.268,3.67,-0.119,0.317
2025-10-21 07:32,2025-10-21 15:32,Tue,7,FP,,3.28,-0.111,3.28,0.001,-0.543
2025-10-21 08:32,2025-10-21 16:32,Tue,8,FP,,2.78,-1.171,2.78,-0.039,0.423
2025-10-21 09:40,2025-10-21 17:40,Tue,9,FP,,2.67,-0.093,2.67,0.037,0.246
2025-10-21 10:40,2025-10-21 18:40,Tue,10,FP,,3.92,-0.187,3.92,0.027,0.782
2025-10-21 11:43,2025-10-21 19:43,Tue,11,FP,,5.88,-0.104,5.88,0.092,-0.429
2025-10-21 12:43,2025-10-21 20:43,Tue,12,FP,,6.36,-0.929,6.36,0.005,0.658
2025-10-21 13:43,2025-10-21 21:43,Tue,13,FP,,6.17,-0.297,6.17,-0.08,-1.607
2025-10-21 14:43,2025-10-21 22:43,Tue,14,FP,,12.43,-2.381,12.43,0.027,-0.287
2025-10-21 16:09,2025-10-22 00:09,Tue,16,FP,,4.43,-0.054,4.43,0.003,0.733
2025-10-21 17:09,2025-10-22 01:09,Tue,17,FP,,3.14,-0.627,3.14,-0.119,-0.326
2025-10-21 18:16,2025-10-22 02:16,Tue,18,FP,,4.51,-0.073,4.51,0.022,-0.117
2025-10-21 19:16,2025-10-22 03:16,Tue,19,FP,,2.77,-0.154,2.77,-0.032,0.292
2025-10-21 22:04,2025-10-22 06:04,Tue,22,FP,,5.29,-0.057,5.29,0.0,0.031
2025-10-21 23:04,2025-10-22 07:04,Tue,23,FP,,2.77,-0.068,2.77,0.069,0.052
2025-10-22 00:04,2025-10-22 08:04,Wed,0,FP,,12.48,-1.448,12.48,0.005,-0.078
2025-10-22 02:04,2025-10-22 10:04,Wed,2,FP,,2.94,-0.059,2.94,0.07,-0.078
2025-10-22 04:11,2025-10-22 12:11,Wed,4,FP,,14.48,-0.059,14.48,0.193,-0.078
2025-10-23 00:00,2025-10-23 08:00,Thu,0,FP,,4.94,-0.44,4.94,-0.194,4.514
2025-10-23 01:00,2025-10-23 09:00,Thu,1,FP,,8.77,-0.234,8.77,0.225,-0.407
2025-10-23 02:11,2025-10-23 10:11,Thu,2,FP,,2.78,-0.127,2.78,0.117,0.075
2025-10-23 04:21,2025-10-23 12:21,Thu,4,FP,,2.96,-0.327,2.96,-0.077,0.183
2025-10-23 07:00,2025-10-23 15:00,Thu,7,FP,,2.6,-0.068,2.6,0.028,-0.576
2025-10-23 08:00,2025-10-23 16:00,Thu,8,FP,,5.14,-0.343,5.14,-0.03,0.017
2025-10-23 10:18,2025-10-23 18:18,Thu,10,FP,,3.82,-0.073,3.82,0.044,0.385
2025-10-23 11:18,2025-10-23 19:18,Thu,11,FP,,3.22,-0.116,3.22,-0.11,0.437
2025-10-23 12:18,2025-10-23 20:18,Thu,12,FP,,2.82,-0.173,2.82,-0.142,-0.669
2025-10-23 14:20,2025-10-23 22:20,Thu,14,FP,,3.38,-0.062,3.38,0.139,-0.691
2025-10-23 15:23,2025-10-23 23:23,Thu,15,FP,,4.07,-0.106,4.07,0.071,0.158
2025-10-23 16:42,2025-10-24 00:42,Thu,16,FP,,4.21,-0.203,4.21,0.196,0.129
2025-10-23 19:21,2025-10-24 03:21,Thu,19,FP,,2.73,-0.266,2.73,0.044,0.081
2025-10-23 20:21,2025-10-24 04:21,Thu,20,FP,,3.41,-0.421,3.41,-0.157,-0.185
2025-10-23 22:05,2025-10-24 06:05,Thu,22,FP,,3.8,-0.064,3.8,0.065,-0.173
2025-10-23 23:22,2025-10-24 07:22,Thu,23,FP,,2.95,-0.171,2.95,0.011,-0.07
2025-10-24 01:37,2025-10-24 09:37,Fri,1,FP,,3.78,-0.074,3.78,0.015,-0.362
2025-10-24 02:38,2025-10-24 10:38,Fri,2,FP,,3.29,-0.327,3.29,0.059,-0.13
2025-10-24 04:20,2025-10-24 12:20,Fri,4,FP,,2.52,-0.088,2.52,0.03,0.187
2025-10-24 05:55,2025-10-24 13:55,Fri,5,FP,,3.55,-0.069,3.55,0.054,-0.029
2025-10-24 06:55,2025-10-24 14:55,Fri,6,FP,,2.97,-0.429,2.97,0.064,-0.081
2025-10-24 07:55,2025-10-24 15:55,Fri,7,FP,,3.7,-0.508,3.7,-0.101,0.703
2025-10-24 08:55,2025-10-24 16:55,Fri,8,FP,,3.43,-0.146,3.43,0.03,-0.21
2025-10-24 09:55,2025-10-24 17:55,Fri,9,FP,,5.95,-0.184,5.95,0.073,-0.189
2025-10-24 10:55,2025-10-24 18:55,Fri,10,FP,,2.73,-0.056,2.73,-0.017,0.32
2025-10-24 15:14,2025-10-24 23:14,Fri,15,FP,,3.17,-0.323,3.17,-0.051,0.011
2025-10-24 16:39,2025-10-25 00:39,Fri,16,FP,,3.16,-0.055,3.16,-0.086,-0.463
2025-10-24 17:40,2025-10-25 01:40,Fri,17,FP,,2.6,-0.181,2.6,0.103,-0.754
2025-10-24 18:42,2025-10-25 02:42,Fri,18,FP,,3.91,-0.242,3.91,-0.003,0.07
2025-10-24 19:51,2025-10-25 03:51,Fri,19,FP,,2.75,-0.158,2.75,-0.034,-0.081
2025-10-27 00:00,2025-10-27 08:00,Mon,0,FP,,8.66,-0.381,8.66,0.655,-0.202
2025-10-27 02:01,2025-10-27 10:01,Mon,2,FP,,3.89,-0.077,3.89,-0.015,-0.329
2025-10-27 03:02,2025-10-27 11:02,Mon,3,FP,,5.09,-0.323,5.09,0.07,0.141
2025-10-27 04:03,2025-10-27 12:03,Mon,4,FP,,2.71,-0.157,2.71,0.05,-0.324
2025-10-27 06:55,2025-10-27 14:55,Mon,6,FP,,3.56,-0.131,3.56,0.012,-0.181
2025-10-27 07:56,2025-10-27 15:56,Mon,7,FP,,2.66,-0.257,2.66,-0.003,-0.316
2025-10-27 08:56,2025-10-27 16:56,Mon,8,FP,,8.09,-0.814,8.09,-0.033,-1.263
2025-10-27 10:01,2025-10-27 18:01,Mon,10,FP,,3.45,-0.087,3.45,0.076,0.26
2025-10-27 11:02,2025-10-27 19:02,Mon,11,FP,,3.38,-0.077,3.38,0.032,0.159
2025-10-27 12:02,2025-10-27 20:02,Mon,12,FP,,4.73,-0.093,4.73,-0.098,0.689
2025-10-27 13:26,2025-10-27 21:26,Mon,13,FP,,3.39,-0.091,3.39,0.055,-0.033
2025-10-27 14:26,2025-10-27 22:26,Mon,14,FP,,4.02,-1.036,4.02,-0.035,0.266
2025-10-27 15:26,2025-10-27 23:26,Mon,15,FP,,5.85,-0.314,5.85,0.064,0.45
2025-10-27 16:30,2025-10-28 00:30,Mon,16,FP,,3.6,-0.056,3.6,0.032,-0.19
2025-10-27 18:59,2025-10-28 02:59,Mon,18,FP,,5.37,-0.18,5.37,0.029,-0.076
2025-10-27 19:59,2025-10-28 03:59,Mon,19,FP,,3.81,-0.227,3.81,0.15,0.0
2025-10-27 23:02,2025-10-28 07:02,Mon,23,FP,,3.29,-0.079,3.29,0.04,-0.22
2025-10-28 00:18,2025-10-28 08:18,Tue,0,FP,,2.65,-0.142,2.65,-0.051,-0.253
2025-10-28 02:05,2025-10-28 10:05,Tue,2,FP,,4.88,-0.165,4.88,0.0,0.18
2025-10-28 03:09,2025-10-28 11:09,Tue,3,FP,,3.65,-0.585,3.65,-0.022,-0.103
2025-10-28 04:15,2025-10-28 12:15,Tue,4,FP,,2.53,-0.089,2.53,0.007,-0.147
2025-10-28 05:15,2025-10-28 13:15,Tue,5,FP,,3.63,-0.18,3.63,-0.052,-0.185
2025-10-28 06:17,2025-10-28 14:17,Tue,6,FP,,3.66,-0.527,3.66,-0.0,0.016
2025-10-28 07:17,2025-10-28 15:17,Tue,7,FP,,6.89,-0.437,6.89,0.015,0.085
2025-10-28 08:17,2025-10-28 16:17,Tue,8,FP,,3.42,-0.467,3.42,-0.029,-1.385
2025-10-28 09:17,2025-10-28 17:17,Tue,9,FP,,6.78,-0.428,6.78,0.053,-0.162
2025-10-28 12:32,2025-10-28 20:32,Tue,12,FP,,2.82,-0.127,2.82,0.079,-0.201
2025-10-28 16:33,2025-10-29 00:33,Tue,16,FP,,6.16,-0.101,6.16,0.145,0.133
2025-10-28 18:25,2025-10-29 02:25,Tue,18,FP,,2.63,-0.358,2.63,0.152,-0.203
2025-10-28 20:05,2025-10-29 04:05,Tue,20,FP,,3.07,-0.068,3.07,-0.198,-0.203
2025-10-28 22:06,2025-10-29 06:06,Tue,22,FP,,6.07,-0.064,6.07,0.074,0.113
2025-10-29 01:39,2025-10-29 09:39,Wed,1,FP,,2.61,-0.139,2.61,0.046,0.053
2025-10-29 02:40,2025-10-29 10:40,Wed,2,FP,,4.51,-0.378,4.51,0.07,-0.497
2025-10-29 04:13,2025-10-29 12:13,Wed,4,FP,,4.17,-0.069,4.17,-0.07,-0.017
2025-10-29 11:18,2025-10-29 19:18,Wed,11,FP,,2.53,-0.155,2.53,0.094,0.516
2025-10-29 13:04,2025-10-29 21:04,Wed,13,FP,,4.3,-0.068,4.3,-0.004,-0.269
2025-10-29 14:59,2025-10-29 22:59,Wed,14,FP,,3.12,-0.099,3.12,-0.175,0.854
2025-10-29 16:07,2025-10-30 00:07,Wed,16,FP,,2.75,-0.374,2.75,-0.088,-0.071
2025-10-29 17:15,2025-10-30 01:15,Wed,17,FP,,2.97,-0.084,2.97,0.086,-0.43
2025-10-29 18:15,2025-10-30 02:15,Wed,18,FP,,5.5,-0.171,5.5,-0.159,-0.19
2025-10-29 19:15,2025-10-30 03:15,Wed,19,FP,,5.96,-0.534,5.96,-0.212,-0.05
2025-10-29 20:21,2025-10-30 04:21,Wed,20,FP,,3.46,-0.747,3.46,0.121,-0.16
2025-10-29 22:04,2025-10-30 06:04,Wed,22,FP,,5.97,-0.178,5.97,0.0,-0.095
2025-10-29 23:45,2025-10-30 07:45,Wed,23,FP,,3.69,-0.073,3.69,-0.028,-0.133
2025-10-30 00:49,2025-10-30 08:49,Thu,0,FP,,3.91,-0.19,3.91,0.237,0.294
2025-10-30 01:57,2025-10-30 09:57,Thu,1,FP,,3.09,-0.129,3.09,0.043,-0.138
2025-10-30 02:57,2025-10-30 10:57,Thu,2,TP,2025-10-30 03:00 UP↑(A) gap=+3min,4.8,-0.49,4.8,0.113,-0.261
2025-10-30 05:27,2025-10-30 13:27,Thu,5,FP,,4.02,-0.106,4.02,0.314,0.061
2025-10-30 07:31,2025-10-30 15:31,Thu,7,TP,2025-10-30 07:46 UP↑(B) gap=+15min,2.63,-0.053,2.63,0.056,-0.171
2025-10-30 10:17,2025-10-30 18:17,Thu,10,FP,,3.23,-0.333,3.23,-0.116,0.133
2025-10-30 11:17,2025-10-30 19:17,Thu,11,FP,,3.33,-0.524,3.33,0.181,-0.067
2025-10-30 12:48,2025-10-30 20:48,Thu,12,FP,,3.38,-0.084,3.38,-0.385,-0.383
2025-10-30 15:03,2025-10-30 23:03,Thu,15,FP,,2.81,-0.055,2.81,0.025,0.946
2025-10-30 16:12,2025-10-31 00:12,Thu,16,FP,,2.78,-0.082,2.78,-0.027,-0.049
2025-10-30 20:11,2025-10-31 04:11,Thu,20,FP,,3.07,-0.066,3.07,0.012,-0.354
2025-10-30 22:05,2025-10-31 06:05,Thu,22,FP,,2.64,-0.147,2.64,0.0,-0.078
2025-10-30 23:55,2025-10-31 07:55,Thu,23,FP,,3.14,-0.057,3.14,0.037,0.043
2025-10-31 01:00,2025-10-31 09:00,Fri,1,FP,,3.46,-0.333,3.46,0.077,0.02
2025-10-31 02:01,2025-10-31 10:01,Fri,2,FP,,4.51,-0.139,4.51,0.032,0.03
2025-10-31 03:01,2025-10-31 11:01,Fri,3,FP,,2.7,-0.08,2.7,-0.086,-0.108
2025-10-31 04:02,2025-10-31 12:02,Fri,4,FP,,2.85,-0.386,2.85,0.05,-0.183
2025-10-31 05:31,2025-10-31 13:31,Fri,5,FP,,3.74,-0.054,3.74,-0.064,-0.078
2025-10-31 08:54,2025-10-31 16:54,Fri,8,FP,,7.54,-0.245,7.54,-0.033,-0.326
2025-10-31 09:56,2025-10-31 17:56,Fri,9,FP,,3.4,-0.05,3.4,-0.052,-0.158
2025-10-31 11:08,2025-10-31 19:08,Fri,11,FP,,2.87,-0.256,2.87,0.019,0.344
2025-10-31 13:37,2025-10-31 21:37,Fri,13,FP,,5.79,-0.07,5.79,-0.129,0.304
2025-10-31 14:45,2025-10-31 22:45,Fri,14,FP,,4.93,-0.097,4.93,0.251,-0.365
2025-10-31 15:56,2025-10-31 23:56,Fri,15,FP,,5.55,-0.093,5.55,-0.248,-0.422
2025-10-31 16:56,2025-11-01 00:56,Fri,16,FP,,2.63,-0.894,2.63,-0.292,0.198
2025-10-31 19:16,2025-11-01 03:16,Fri,19,FP,,3.52,-0.227,3.52,0.194,0.132
2025-11-02 23:00,2025-11-03 07:00,Sun,23,FP,,12.32,-0.436,12.32,0.133,0.934
2025-11-03 00:00,2025-11-03 08:00,Mon,0,FP,,3.99,-0.056,3.99,0.175,-0.106
2025-11-03 01:00,2025-11-03 09:00,Mon,1,FP,,5.49,-0.336,5.49,0.066,-0.119
2025-11-03 04:31,2025-11-03 12:31,Mon,4,FP,,2.64,-0.071,2.64,0.013,-0.016
2025-11-03 08:25,2025-11-03 16:25,Mon,8,FP,,2.87,-0.116,2.87,0.051,-0.103
2025-11-03 09:27,2025-11-03 17:27,Mon,9,FP,,4.75,-0.126,4.75,0.238,-0.381
2025-11-03 10:29,2025-11-03 18:29,Mon,10,FP,,2.74,-0.232,2.74,-0.058,0.087
2025-11-03 14:19,2025-11-03 22:19,Mon,14,FP,,3.05,-0.064,3.05,0.211,0.159
2025-11-03 15:48,2025-11-03 23:48,Mon,15,FP,,3.57,-0.107,3.57,-0.227,-0.074
2025-11-03 16:48,2025-11-04 00:48,Mon,16,FP,,2.85,-0.273,2.85,0.123,0.929
2025-11-03 18:25,2025-11-04 02:25,Mon,18,FP,,2.58,-0.228,2.58,0.114,-0.054
2025-11-03 23:06,2025-11-04 07:06,Mon,23,FP,,7.52,-0.064,7.52,-0.035,-0.056
2025-11-04 00:35,2025-11-04 08:35,Tue,0,FP,,3.84,-0.225,3.84,-0.166,-0.023
2025-11-04 01:35,2025-11-04 09:35,Tue,1,FP,,3.38,-0.162,3.38,-0.007,-0.018
2025-11-04 02:39,2025-11-04 10:39,Tue,2,FP,,3.19,-0.088,3.19,-0.08,-0.156
2025-11-04 04:47,2025-11-04 12:47,Tue,4,FP,,2.51,-0.226,2.51,-0.081,-0.153
2025-11-04 05:48,2025-11-04 13:48,Tue,5,FP,,3.3,-0.105,3.3,-0.259,0.028
2025-11-04 09:08,2025-11-04 17:08,Tue,9,FP,,3.75,-0.162,3.75,-0.023,-0.314
2025-11-04 10:09,2025-11-04 18:09,Tue,10,FP,,2.6,-0.075,2.6,-0.252,-0.465
2025-11-04 12:35,2025-11-04 20:35,Tue,12,FP,,2.7,-0.199,2.7,0.045,0.03
2025-11-04 13:35,2025-11-04 21:35,Tue,13,FP,,2.78,-0.141,2.78,-0.151,0.028
2025-11-04 14:35,2025-11-04 22:35,Tue,14,FP,,5.25,-1.095,5.25,-0.103,0.279
2025-11-04 17:22,2025-11-05 01:22,Tue,17,FP,,2.6,-0.328,2.6,-0.215,0.005
2025-11-04 18:26,2025-11-05 02:26,Tue,18,FP,,4.99,-0.38,4.99,-0.331,0.115
2025-11-04 19:30,2025-11-05 03:30,Tue,19,FP,,2.58,-0.243,2.58,0.044,-0.42
2025-11-05 00:37,2025-11-05 08:37,Wed,0,FP,,3.27,-0.062,3.27,-0.239,-0.149
2025-11-05 01:59,2025-11-05 09:59,Wed,1,FP,,2.79,-0.067,2.79,-0.202,-0.224
2025-11-05 05:45,2025-11-05 13:45,Wed,5,FP,,2.63,-0.136,2.63,-0.011,0.104
2025-11-05 07:07,2025-11-05 15:07,Wed,7,FP,,2.69,-0.085,2.69,0.066,-0.322
2025-11-05 09:11,2025-11-05 17:11,Wed,9,FP,,2.7,-0.072,2.7,0.074,0.401
2025-11-05 10:18,2025-11-05 18:18,Wed,10,FP,,3.9,-0.178,3.9,-0.027,0.387
2025-11-05 11:25,2025-11-05 19:25,Wed,11,FP,,2.59,-0.144,2.59,-0.089,-0.5
2025-11-05 14:51,2025-11-05 22:51,Wed,14,FP,,3.09,-0.071,3.09,0.124,-0.07
2025-11-05 16:32,2025-11-06 00:32,Wed,16,FP,,3.24,-0.052,3.24,0.122,0.188
2025-11-05 18:00,2025-11-06 02:00,Wed,18,FP,,2.87,-0.18,2.87,0.117,-0.095
2025-11-05 23:00,2025-11-06 07:00,Wed,23,FP,,6.55,-0.067,6.55,0.125,0.159
2025-11-06 00:00,2025-11-06 08:00,Thu,0,FP,,2.68,-0.133,2.68,0.04,-0.188
2025-11-06 01:07,2025-11-06 09:07,Thu,1,FP,,4.31,-0.124,4.31,-0.22,-0.081
2025-11-06 10:03,2025-11-06 18:03,Thu,10,FP,,3.32,-0.111,3.32,0.147,-0.353
2025-11-06 12:53,2025-11-06 20:53,Thu,12,FP,,4.46,-0.294,4.46,0.066,0.217
2025-11-06 14:10,2025-11-06 22:10,Thu,14,FP,,3.31,-0.104,3.31,-0.245,-0.542
2025-11-06 15:10,2025-11-06 23:10,Thu,15,FP,,4.18,-0.518,4.18,-0.477,-0.797
2025-11-06 16:11,2025-11-07 00:11,Thu,16,FP,,3.34,-0.057,3.34,-0.382,0.068
2025-11-06 17:14,2025-11-07 01:14,Thu,17,FP,,4.02,-0.078,4.02,-0.2,-0.61
2025-11-06 20:09,2025-11-07 04:09,Thu,20,FP,,2.61,-0.099,2.61,0.104,0.396
2025-11-07 02:30,2025-11-07 10:30,Fri,2,FP,,2.76,-0.111,2.76,-0.081,0.07
2025-11-07 05:54,2025-11-07 13:54,Fri,5,FP,,2.61,-0.111,2.61,0.198,0.122
2025-11-07 09:34,2025-11-07 17:34,Fri,9,FP,,2.56,-0.057,2.56,-0.039,0.513
2025-11-07 11:12,2025-11-07 19:12,Fri,11,FP,,3.57,-0.078,3.57,-0.238,-0.552
2025-11-07 12:21,2025-11-07 20:21,Fri,12,FP,,2.6,-0.068,2.6,-0.003,0.037
2025-11-07 13:32,2025-11-07 21:32,Fri,13,FP,,3.93,-0.107,3.93,-0.075,-0.233
2025-11-07 14:34,2025-11-07 22:34,Fri,14,FP,,4.39,-0.05,4.39,-0.188,-0.247
2025-11-07 15:44,2025-11-07 23:44,Fri,15,FP,,3.83,-0.104,3.83,-0.181,-0.062
2025-11-07 17:18,2025-11-08 01:18,Fri,17,FP,,4.96,-0.056,4.96,0.015,0.034
2025-11-07 19:00,2025-11-08 03:00,Fri,19,FP,,2.53,-0.066,2.53,0.191,0.307
2025-11-07 20:17,2025-11-08 04:17,Fri,20,FP,,2.55,-0.18,2.55,0.43,0.134
2025-11-10 02:32,2025-11-10 10:32,Mon,2,FP,,3.76,-0.132,3.76,0.133,-0.233
2025-11-10 09:15,2025-11-10 17:15,Mon,9,FP,,3.43,-0.083,3.43,0.276,0.025
2025-11-10 10:41,2025-11-10 18:41,Mon,10,FP,,3.18,-0.058,3.18,0.049,-0.85
2025-11-10 13:51,2025-11-10 21:51,Mon,13,FP,,3.22,-0.114,3.22,0.028,0.1
2025-11-10 14:51,2025-11-10 22:51,Mon,14,FP,,3.23,-0.281,3.23,0.206,-0.486
2025-11-10 16:03,2025-11-11 00:03,Mon,16,FP,,4.3,-0.057,4.3,-0.375,-0.193
2025-11-10 20:15,2025-11-11 04:15,Mon,20,FP,,2.65,-0.082,2.65,0.232,0.117
2025-11-11 02:30,2025-11-11 10:30,Tue,2,FP,,3.53,-0.155,3.53,-0.062,0.047
2025-11-11 04:40,2025-11-11 12:40,Tue,4,FP,,2.63,-0.055,2.63,-0.01,-0.2
2025-11-11 05:41,2025-11-11 13:41,Tue,5,FP,,2.62,-0.378,2.62,-0.135,-0.227
2025-11-11 07:51,2025-11-11 15:51,Tue,7,FP,,3.18,-0.142,3.18,-0.091,-0.251
2025-11-11 10:31,2025-11-11 18:31,Tue,10,FP,,2.71,-0.15,2.71,-0.008,-0.078
2025-11-11 12:53,2025-11-11 20:53,Tue,12,FP,,4.64,-0.225,4.64,-0.032,-0.16
2025-11-11 14:16,2025-11-11 22:16,Tue,14,FP,,2.65,-0.065,2.65,-0.0,0.116
2025-11-11 15:19,2025-11-11 23:19,Tue,15,FP,,2.51,-0.51,2.51,-0.192,0.156
2025-11-11 18:11,2025-11-12 02:11,Tue,18,FP,,3.07,-0.096,3.07,0.277,-0.258
2025-11-12 00:46,2025-11-12 08:46,Wed,0,FP,,2.82,-0.097,2.82,0.032,-0.003
2025-11-12 02:30,2025-11-12 10:30,Wed,2,FP,,2.78,-0.053,2.78,0.101,-0.003
2025-11-12 03:50,2025-11-12 11:50,Wed,3,FP,,2.6,-0.154,2.6,0.045,-0.003
2025-11-12 05:01,2025-11-12 13:01,Wed,5,FP,,2.85,-0.113,2.85,-0.022,-0.003
2025-11-13 00:00,2025-11-13 08:00,Thu,0,FP,,2.64,-0.31,2.64,-0.176,-4.578
2025-11-13 01:17,2025-11-13 09:17,Thu,1,FP,,5.94,-0.168,5.94,0.248,-0.069
2025-11-13 02:24,2025-11-13 10:24,Thu,2,FP,,3.58,-0.104,3.58,0.007,0.297
2025-11-13 04:43,2025-11-13 12:43,Thu,4,FP,,4.06,-0.063,4.06,0.022,-0.039
2025-11-13 06:03,2025-11-13 14:03,Thu,6,FP,,3.4,-0.114,3.4,-0.011,-0.012
2025-11-13 09:29,2025-11-13 17:29,Thu,9,FP,,4.28,-0.248,4.28,-0.265,-0.017
2025-11-13 10:58,2025-11-13 18:58,Thu,10,FP,,4.78,-0.253,4.78,0.057,0.706
2025-11-13 13:03,2025-11-13 21:03,Thu,13,FP,,6.62,-0.059,6.62,-0.007,0.127
2025-11-13 14:03,2025-11-13 22:03,Thu,14,FP,,4.54,-0.132,4.54,-0.168,0.148
2025-11-13 15:03,2025-11-13 23:03,Thu,15,FP,,4.14,-0.702,4.14,-0.367,-0.13
2025-11-13 16:41,2025-11-14 00:41,Thu,16,FP,,6.82,-0.069,6.82,-0.466,0.132
2025-11-13 17:45,2025-11-14 01:45,Thu,17,FP,,3.88,-0.067,3.88,0.04,-0.325
2025-11-13 18:45,2025-11-14 02:45,Thu,18,FP,,3.37,-0.953,3.37,-0.288,-0.332
2025-11-13 20:46,2025-11-14 04:46,Thu,20,FP,,2.61,-0.071,2.61,0.025,-0.187
2025-11-14 00:51,2025-11-14 08:51,Fri,0,FP,,2.53,-0.066,2.53,-0.04,0.085
2025-11-14 04:13,2025-11-14 12:13,Fri,4,FP,,3.16,-0.181,3.16,-0.117,-0.459
2025-11-14 05:13,2025-11-14 13:13,Fri,5,FP,,3.66,-0.211,3.66,-0.196,0.013
2025-11-14 06:20,2025-11-14 14:20,Fri,6,FP,,4.42,-0.152,4.42,0.085,0.062
2025-11-14 07:20,2025-11-14 15:20,Fri,7,FP,,5.44,-0.34,5.44,-0.341,-0.419
2025-11-14 08:51,2025-11-14 16:51,Fri,8,FP,,2.93,-0.163,2.93,-0.159,-0.462
2025-11-14 10:05,2025-11-14 18:05,Fri,10,FP,,4.87,-0.17,4.87,-0.194,0.909
2025-11-14 11:08,2025-11-14 19:08,Fri,11,FP,,3.99,-0.131,3.99,-0.211,0.39
2025-11-14 12:09,2025-11-14 20:09,Fri,12,FP,,4.51,-0.583,4.51,-0.403,-0.822
2025-11-14 13:09,2025-11-14 21:09,Fri,13,FP,,3.84,-0.685,3.84,-0.079,-0.109
2025-11-14 14:09,2025-11-14 22:09,Fri,14,FP,,6.81,-1.478,6.81,0.031,0.461
2025-11-14 17:25,2025-11-15 01:25,Fri,17,FP,,3.97,-0.104,3.97,0.083,-0.249
2025-11-14 18:25,2025-11-15 02:25,Fri,18,FP,,2.7,-0.282,2.7,-0.356,0.0
2025-11-14 19:32,2025-11-15 03:32,Fri,19,FP,,3.21,-0.098,3.21,0.055,-0.166
2025-11-14 20:33,2025-11-15 04:33,Fri,20,FP,,3.41,-0.129,3.41,-0.14,-0.167
2025-11-14 21:35,2025-11-15 05:35,Fri,21,FP,,4.12,-0.198,4.12,-0.075,0.032
2025-11-16 23:02,2025-11-17 07:02,Sun,23,FP,,5.45,-0.078,5.45,-0.297,-0.579
2025-11-17 00:07,2025-11-17 08:07,Mon,0,FP,,4.28,-0.086,4.28,0.244,0.042
2025-11-17 02:03,2025-11-17 10:03,Mon,2,FP,,4.07,-0.069,4.07,-0.027,-0.135
2025-11-17 03:03,2025-11-17 11:03,Mon,3,FP,,5.18,-0.121,5.18,0.182,0.143
2025-11-17 04:46,2025-11-17 12:46,Mon,4,FP,,3.07,-0.112,3.07,0.082,-0.101
2025-11-17 05:47,2025-11-17 13:47,Mon,5,FP,,3.04,-0.498,3.04,-0.041,0.108
2025-11-17 08:48,2025-11-17 16:48,Mon,8,FP,,3.92,-0.316,3.92,0.051,-0.034
2025-11-17 10:30,2025-11-17 18:30,Mon,10,FP,,3.33,-0.052,3.33,-0.301,0.461
2025-11-17 11:30,2025-11-17 19:30,Mon,11,FP,,2.98,-0.365,2.98,0.025,0.192
2025-11-17 12:53,2025-11-17 20:53,Mon,12,FP,,2.58,-0.126,2.58,-0.266,-0.2
2025-11-17 13:54,2025-11-17 21:54,Mon,13,FP,,2.81,-0.358,2.81,-0.22,0.467
2025-11-17 15:08,2025-11-17 23:08,Mon,15,FP,,6.16,-0.066,6.16,0.103,-0.15
2025-11-17 16:08,2025-11-18 00:08,Mon,16,FP,,3.28,-0.235,3.28,-0.28,-0.233
2025-11-17 18:12,2025-11-18 02:12,Mon,18,FP,,2.78,-0.071,2.78,-0.494,-0.042
2025-11-17 19:15,2025-11-18 03:15,Mon,19,FP,,2.77,-0.208,2.77,-0.397,-0.083
2025-11-17 20:15,2025-11-18 04:15,Mon,20,FP,,3.28,-1.1,3.28,-0.415,-0.333
2025-11-17 23:40,2025-11-18 07:40,Mon,23,FP,,5.84,-0.067,5.84,0.048,-0.032
2025-11-18 00:40,2025-11-18 08:40,Tue,0,FP,,3.17,-0.107,3.17,-0.236,-0.146
2025-11-18 01:42,2025-11-18 09:42,Tue,1,FP,,3.49,-0.067,3.49,0.263,-0.129
2025-11-18 02:45,2025-11-18 10:45,Tue,2,FP,,2.99,-0.12,2.99,-0.202,0.005
2025-11-18 03:46,2025-11-18 11:46,Tue,3,FP,,3.21,-0.256,3.21,-0.211,-0.104
2025-11-18 04:49,2025-11-18 12:49,Tue,4,FP,,2.57,-0.201,2.57,-0.297,-0.163
2025-11-18 06:18,2025-11-18 14:18,Tue,6,FP,,3.6,-0.099,3.6,-0.012,-0.18
2025-11-18 07:22,2025-11-18 15:22,Tue,7,FP,,3.71,-0.151,3.71,-0.243,-0.022
2025-11-18 09:34,2025-11-18 17:34,Tue,9,FP,,4.79,-0.107,4.79,-0.012,0.072
2025-11-18 11:51,2025-11-18 19:51,Tue,11,FP,,3.11,-0.067,3.11,-0.079,0.105
2025-11-18 12:56,2025-11-18 20:56,Tue,12,TP,2025-11-18 12:57 UP↑(B) gap=+1min,2.63,-0.228,2.63,-0.384,-0.112
2025-11-18 14:53,2025-11-18 22:53,Tue,14,FP,,4.99,-0.129,4.99,-0.406,-0.784
2025-11-18 15:53,2025-11-18 23:53,Tue,15,FP,,3.86,-0.271,3.86,-0.343,0.336
2025-11-18 20:13,2025-11-19 04:13,Tue,20,FP,,2.72,-0.105,2.72,-0.135,0.099
2025-11-18 21:16,2025-11-19 05:16,Tue,21,FP,,2.51,-0.186,2.51,-0.538,-0.283
2025-11-19 00:52,2025-11-19 08:52,Wed,0,FP,,2.69,-0.113,2.69,-0.082,-0.177
2025-11-19 01:56,2025-11-19 09:56,Wed,1,FP,,3.54,-0.275,3.54,-0.065,-0.314
2025-11-19 03:57,2025-11-19 11:57,Wed,3,FP,,3.11,-0.196,3.11,-0.294,-0.149
2025-11-19 07:07,2025-11-19 15:07,Wed,7,FP,,2.89,-0.182,2.89,0.194,-0.063
2025-11-19 08:11,2025-11-19 16:11,Wed,8,FP,,4.06,-0.2,4.06,-0.113,-0.491
2025-11-19 11:06,2025-11-19 19:06,Wed,11,FP,,2.58,-0.216,2.58,0.094,-0.166
2025-11-19 13:00,2025-11-19 21:00,Wed,13,FP,,4.63,-0.078,4.63,0.035,-0.975
2025-11-19 14:28,2025-11-19 22:28,Wed,14,FP,,2.62,-0.072,2.62,-0.191,0.09
2025-11-19 15:39,2025-11-19 23:39,Wed,15,FP,,5.27,-0.053,5.27,0.518,0.306
2025-11-19 16:39,2025-11-20 00:39,Wed,16,FP,,4.81,-0.945,4.81,-0.658,0.149
2025-11-19 19:10,2025-11-20 03:10,Wed,19,FP,,5.55,-0.106,5.55,-0.083,0.266
2025-11-19 20:10,2025-11-20 04:10,Wed,20,FP,,2.98,-0.098,2.98,0.065,0.005
2025-11-19 21:14,2025-11-20 05:14,Wed,21,FP,,2.64,-0.082,2.64,0.075,0.162
2025-11-20 01:00,2025-11-20 09:00,Thu,1,FP,,4.46,-0.069,4.46,0.045,-0.089
2025-11-20 02:00,2025-11-20 10:00,Thu,2,FP,,2.85,-0.642,2.85,0.104,0.039
2025-11-20 03:00,2025-11-20 11:00,Thu,3,FP,,8.0,-0.151,8.0,0.039,-0.084
2025-11-20 04:02,2025-11-20 12:02,Thu,4,FP,,5.3,-0.107,5.3,-0.032,-0.121
2025-11-20 05:12,2025-11-20 13:12,Thu,5,FP,,2.8,-0.175,2.8,0.059,0.182
2025-11-20 06:20,2025-11-20 14:20,Thu,6,FP,,2.57,-0.118,2.57,-0.075,-0.249
2025-11-20 07:22,2025-11-20 15:22,Thu,7,FP,,3.11,-0.116,3.11,0.118,-0.165
2025-11-20 08:22,2025-11-20 16:22,Thu,8,FP,,4.25,-0.543,4.25,-0.086,0.574
2025-11-20 09:58,2025-11-20 17:58,Thu,9,FP,,2.53,-0.11,2.53,-0.257,0.042
2025-11-20 11:00,2025-11-20 19:00,Thu,11,FP,,3.3,-0.102,3.3,0.197,0.147
2025-11-20 13:34,2025-11-20 21:34,Thu,13,FP,,6.69,-0.078,6.69,0.226,-0.531
2025-11-20 14:35,2025-11-20 22:35,Thu,14,FP,,2.7,-0.086,2.7,0.195,0.05
2025-11-20 15:36,2025-11-20 23:36,Thu,15,FP,,4.04,-0.121,4.04,0.256,0.104
2025-11-20 16:36,2025-11-21 00:36,Thu,16,FP,,4.25,-0.384,4.25,-1.321,-1.405
2025-11-20 17:37,2025-11-21 01:37,Thu,17,FP,,3.33,-0.293,3.33,-1.41,-0.364
2025-11-20 18:58,2025-11-21 02:58,Thu,18,FP,,3.82,-0.131,3.82,-0.298,-0.203
2025-11-20 20:40,2025-11-21 04:40,Thu,20,FP,,2.94,-0.179,2.94,-0.29,-0.275
2025-11-21 00:10,2025-11-21 08:10,Fri,0,FP,,2.8,-0.095,2.8,0.165,-0.46
2025-11-21 01:10,2025-11-21 09:10,Fri,1,FP,,2.74,-0.329,2.74,0.165,-0.46
2025-11-21 02:52,2025-11-21 10:52,Fri,2,FP,,3.5,-0.149,3.5,0.165,-0.46
2025-11-21 05:08,2025-11-21 13:08,Fri,5,FP,,2.58,-0.129,2.58,0.165,-0.46
2025-11-24 00:08,2025-11-24 08:08,Mon,0,FP,,3.85,-0.232,3.85,1.521,-0.133
2025-11-24 01:11,2025-11-24 09:11,Mon,1,FP,,6.19,-0.217,6.19,0.075,0.35
2025-11-24 02:34,2025-11-24 10:34,Mon,2,FP,,2.54,-0.121,2.54,0.017,-0.078
2025-11-24 04:34,2025-11-24 12:34,Mon,4,FP,,3.35,-0.117,3.35,-0.143,0.159
2025-11-24 05:34,2025-11-24 13:34,Mon,5,FP,,2.55,-0.077,2.55,0.081,-0.017
2025-11-24 10:20,2025-11-24 18:20,Mon,10,FP,,2.91,-0.101,2.91,-0.183,-0.156
2025-11-24 13:50,2025-11-24 21:50,Mon,13,FP,,3.22,-0.19,3.22,0.048,-0.069
2025-11-24 17:18,2025-11-25 01:18,Mon,17,FP,,2.75,-0.085,2.75,-0.07,0.218
2025-11-24 20:03,2025-11-25 04:03,Mon,20,FP,,5.27,-0.067,5.27,-0.078,0.022
2025-11-24 23:11,2025-11-25 07:11,Mon,23,FP,,3.36,-0.1,3.36,-0.0,0.076
2025-11-25 00:56,2025-11-25 08:56,Tue,0,FP,,2.69,-0.25,2.69,-0.03,-0.037
2025-11-25 03:23,2025-11-25 11:23,Tue,3,FP,,4.63,-0.099,4.63,0.023,-0.056
2025-11-25 05:30,2025-11-25 13:30,Tue,5,FP,,2.67,-0.075,2.67,-0.048,0.005
2025-11-25 06:34,2025-11-25 14:34,Tue,6,FP,,2.69,-0.09,2.69,-0.0,-0.091
2025-11-25 07:37,2025-11-25 15:37,Tue,7,FP,,4.29,-0.198,4.29,-0.037,-0.014
2025-11-25 08:37,2025-11-25 16:37,Tue,8,FP,,2.96,-0.203,2.96,0.042,-0.021
2025-11-25 11:05,2025-11-25 19:05,Tue,11,FP,,3.83,-0.094,3.83,0.086,0.107
2025-11-25 12:43,2025-11-25 20:43,Tue,12,FP,,7.17,-0.079,7.17,0.294,-1.226
2025-11-25 14:27,2025-11-25 22:27,Tue,14,FP,,5.45,-0.17,5.45,-0.172,-0.762
2025-11-25 15:27,2025-11-25 23:27,Tue,15,FP,,2.7,-0.188,2.7,-0.116,-0.81
2025-11-25 18:10,2025-11-26 02:10,Tue,18,FP,,7.75,-0.162,7.75,0.171,-0.104
2025-11-25 19:11,2025-11-26 03:11,Tue,19,FP,,2.93,-0.178,2.93,0.022,0.208
2025-11-26 04:07,2025-11-26 12:07,Wed,4,FP,,3.12,-0.145,3.12,0.022,0.045
2025-11-26 06:09,2025-11-26 14:09,Wed,6,FP,,2.53,-0.128,2.53,0.023,-0.057
2025-11-26 07:11,2025-11-26 15:11,Wed,7,FP,,3.84,-0.141,3.84,0.052,0.098
2025-11-26 09:18,2025-11-26 17:18,Wed,9,FP,,2.8,-0.159,2.8,-0.15,0.225
2025-11-26 10:30,2025-11-26 18:30,Wed,10,FP,,3.68,-0.055,3.68,0.019,-0.345
2025-11-26 12:29,2025-11-26 20:29,Wed,12,FP,,3.77,-0.075,3.77,-0.176,-0.331
2025-11-26 13:31,2025-11-26 21:31,Wed,13,FP,,3.18,-0.053,3.18,0.16,0.092
2025-11-26 14:31,2025-11-26 22:31,Wed,14,FP,,3.84,-0.339,3.84,0.146,-0.086
2025-11-26 18:30,2025-11-27 02:30,Wed,18,FP,,4.54,-0.062,4.54,-0.032,0.344
2025-11-27 01:05,2025-11-27 09:05,Thu,1,FP,,3.46,-0.077,3.46,0.025,0.024
2025-11-27 02:49,2025-11-27 10:49,Thu,2,FP,,3.45,-0.072,3.45,0.0,0.146
2025-11-27 05:49,2025-11-27 13:49,Thu,5,FP,,4.36,-0.208,4.36,0.019,-0.005
2025-11-27 09:02,2025-11-27 17:02,Thu,9,FP,,3.76,-0.074,3.76,-0.007,0.102
2025-11-27 10:02,2025-11-27 18:02,Thu,10,FP,,2.78,-0.059,2.78,-0.028,0.094
2025-11-27 13:00,2025-11-27 21:00,Thu,13,FP,,2.76,-0.095,2.76,0.007,-0.031
2025-11-28 03:40,2025-11-28 11:40,Fri,3,FP,,3.25,-0.097,3.25,0.157,0.064
2025-11-28 05:09,2025-11-28 13:09,Fri,5,FP,,7.35,-0.152,7.35,0.157,0.0
2025-11-30 23:08,2025-12-01 07:08,Sun,23,FP,,12.14,-0.246,12.14,0.039,1.758
2025-12-01 02:40,2025-12-01 10:40,Mon,2,FP,,3.45,-0.098,3.45,-0.066,0.329
2025-12-01 05:12,2025-12-01 13:12,Mon,5,FP,,4.05,-0.068,4.05,-0.084,0.143
2025-12-01 11:07,2025-12-01 19:07,Mon,11,FP,,2.81,-0.183,2.81,-0.059,-0.754
2025-12-01 12:11,2025-12-01 20:11,Mon,12,FP,,3.51,-0.085,3.51,-0.053,0.056
2025-12-01 14:01,2025-12-01 22:01,Mon,14,FP,,5.8,-0.123,5.8,0.087,-0.22
2025-12-01 15:01,2025-12-01 23:01,Mon,15,FP,,5.03,-0.056,5.03,0.344,0.882
2025-12-01 16:01,2025-12-02 00:01,Mon,16,FP,,3.0,-0.183,3.0,0.027,-0.269
2025-12-01 17:01,2025-12-02 01:01,Mon,17,FP,,3.3,-0.17,3.3,0.072,-0.244
2025-12-01 19:43,2025-12-02 03:43,Mon,19,FP,,3.05,-0.137,3.05,-0.336,-0.118
2025-12-01 21:54,2025-12-02 05:54,Mon,21,FP,,3.01,-0.106,3.01,0.002,0.14
2025-12-01 23:00,2025-12-02 07:00,Mon,23,FP,,3.85,-0.061,3.85,0.071,0.081
2025-12-02 00:00,2025-12-02 08:00,Tue,0,FP,,2.69,-0.091,2.69,-0.098,0.092
2025-12-02 01:01,2025-12-02 09:01,Tue,1,FP,,4.63,-0.122,4.63,0.025,-0.151
2025-12-02 03:48,2025-12-02 11:48,Tue,3,FP,,3.05,-0.134,3.05,-0.099,-0.051
2025-12-02 06:21,2025-12-02 14:21,Tue,6,FP,,4.4,-0.105,4.4,-0.077,0.003
2025-12-02 08:05,2025-12-02 16:05,Tue,8,FP,,3.21,-0.055,3.21,-0.091,-0.084
2025-12-02 09:05,2025-12-02 17:05,Tue,9,FP,,4.05,-0.062,4.05,0.214,-0.455
2025-12-02 10:05,2025-12-02 18:05,Tue,10,FP,,2.92,-0.432,2.92,0.053,0.135
2025-12-02 13:12,2025-12-02 21:12,Tue,13,FP,,2.54,-0.075,2.54,0.048,-0.054
2025-12-02 15:05,2025-12-02 23:05,Tue,15,FP,,6.29,-0.105,6.29,0.099,-0.554
2025-12-02 16:05,2025-12-03 00:05,Tue,16,FP,,3.64,-0.996,3.64,-0.03,0.694
2025-12-02 18:29,2025-12-03 02:29,Tue,18,FP,,3.1,-0.067,3.1,-0.205,0.017
2025-12-03 00:50,2025-12-03 08:50,Wed,0,FP,,3.53,-0.163,3.53,0.041,0.026
2025-12-03 05:30,2025-12-03 13:30,Wed,5,FP,,3.41,-0.102,3.41,0.026,0.068
2025-12-03 06:32,2025-12-03 14:32,Wed,6,FP,,2.62,-0.224,2.62,-0.085,0.065
2025-12-03 09:02,2025-12-03 17:02,Wed,9,FP,,2.81,-0.085,2.81,-0.019,0.148
2025-12-03 10:14,2025-12-03 18:14,Wed,10,FP,,2.7,-0.105,2.7,0.036,0.444
2025-12-03 14:48,2025-12-03 22:48,Wed,14,FP,,5.17,-0.065,5.17,-0.409,-0.298
2025-12-03 16:15,2025-12-04 00:15,Wed,16,FP,,4.63,-0.08,4.63,0.117,0.253
2025-12-03 17:30,2025-12-04 01:30,Wed,17,FP,,2.55,-0.228,2.55,0.146,-0.034
2025-12-03 18:30,2025-12-04 02:30,Wed,18,FP,,4.03,-0.116,4.03,0.081,-0.164
2025-12-03 20:56,2025-12-04 04:56,Wed,20,FP,,2.6,-0.112,2.6,-0.132,0.22
2025-12-04 02:00,2025-12-04 10:00,Thu,2,FP,,3.74,-0.185,3.74,0.012,0.008
2025-12-04 03:02,2025-12-04 11:02,Thu,3,FP,,13.46,-0.389,13.46,-0.007,0.352
2025-12-04 05:31,2025-12-04 13:31,Thu,5,FP,,3.52,-0.069,3.52,0.026,0.174
2025-12-04 08:59,2025-12-04 16:59,Thu,8,FP,,3.75,-0.215,3.75,-0.095,0.056
2025-12-04 11:25,2025-12-04 19:25,Thu,11,FP,,2.89,-0.065,2.89,-0.087,0.076
2025-12-04 12:34,2025-12-04 20:34,Thu,12,FP,,2.74,-0.249,2.74,0.081,0.118
2025-12-04 13:52,2025-12-04 21:52,Thu,13,FP,,3.08,-0.063,3.08,-0.115,0.202
2025-12-04 15:04,2025-12-04 23:04,Thu,15,FP,,8.37,-0.115,8.37,-0.225,-0.574
2025-12-04 17:17,2025-12-05 01:17,Thu,17,FP,,3.08,-0.156,3.08,0.137,0.583
2025-12-04 18:59,2025-12-05 02:59,Thu,18,FP,,2.83,-0.205,2.83,-0.025,0.129
2025-12-05 00:31,2025-12-05 08:31,Fri,0,FP,,2.57,-0.094,2.57,0.022,0.039
2025-12-08 01:09,2025-12-08 09:09,Mon,1,FP,,2.9,-0.062,2.9,0.102,-0.012
2025-12-08 02:33,2025-12-08 10:33,Mon,2,FP,,4.02,-0.198,4.02,0.058,0.15
2025-12-08 08:00,2025-12-08 16:00,Mon,8,FP,,4.43,-0.294,4.43,0.044,-0.091
2025-12-08 09:08,2025-12-08 17:08,Mon,9,FP,,3.04,-0.133,3.04,-0.024,-0.537
2025-12-08 10:31,2025-12-08 18:31,Mon,10,FP,,3.47,-0.16,3.47,-0.034,0.017
2025-12-08 13:02,2025-12-08 21:02,Mon,13,FP,,3.03,-0.066,3.03,0.063,-0.303
2025-12-08 14:03,2025-12-08 22:03,Mon,14,FP,,3.64,-0.164,3.64,0.029,0.0
2025-12-08 15:03,2025-12-08 23:03,Mon,15,FP,,3.59,-0.276,3.59,-0.196,0.169
2025-12-08 16:10,2025-12-09 00:10,Mon,16,FP,,3.9,-0.068,3.9,-0.23,0.0
2025-12-08 18:56,2025-12-09 02:56,Mon,18,FP,,4.45,-0.212,4.45,-0.25,-0.474
2025-12-09 02:28,2025-12-09 10:28,Tue,2,FP,,2.69,-0.107,2.69,-0.026,-0.056
2025-12-09 05:30,2025-12-09 13:30,Tue,5,FP,,3.39,-0.29,3.39,-0.032,-0.09
2025-12-09 13:27,2025-12-09 21:27,Tue,13,FP,,2.87,-0.067,2.87,-0.044,-0.361
2025-12-09 14:27,2025-12-09 22:27,Tue,14,FP,,2.91,-0.188,2.91,-0.149,-0.102
2025-12-09 15:45,2025-12-09 23:45,Tue,15,FP,,2.66,-0.055,2.66,0.116,-0.733
2025-12-09 17:01,2025-12-10 01:01,Tue,17,FP,,2.66,-0.058,2.66,0.034,-0.171
2025-12-10 09:04,2025-12-10 17:04,Wed,9,FP,,3.47,-0.17,3.47,0.016,-0.214
2025-12-10 13:00,2025-12-10 21:00,Wed,13,FP,,3.18,-0.093,3.18,-0.012,-0.185
2025-12-10 14:33,2025-12-10 22:33,Wed,14,FP,,4.67,-0.116,4.67,-0.134,-0.742
2025-12-10 15:48,2025-12-10 23:48,Wed,15,FP,,2.7,-0.175,2.7,-0.024,0.017
2025-12-10 19:40,2025-12-11 03:40,Wed,19,FP,,17.72,-0.059,17.72,0.234,0.382
2025-12-10 21:20,2025-12-11 05:20,Wed,21,FP,,3.09,-0.213,3.09,-0.141,0.01
2025-12-11 01:14,2025-12-11 09:14,Thu,1,FP,,2.9,-0.065,2.9,-0.109,0.012
2025-12-11 02:27,2025-12-11 10:27,Thu,2,FP,,3.13,-0.16,3.13,-0.192,-0.218
2025-12-11 03:35,2025-12-11 11:35,Thu,3,FP,,3.02,-0.267,3.02,-0.429,-0.545
2025-12-11 05:39,2025-12-11 13:39,Thu,5,FP,,3.92,-0.113,3.92,-0.078,-0.2
2025-12-11 10:30,2025-12-11 18:30,Thu,10,FP,,5.86,-0.076,5.86,0.07,-0.364
2025-12-11 11:53,2025-12-11 19:53,Thu,11,FP,,3.2,-0.082,3.2,0.127,0.182
2025-12-11 13:15,2025-12-11 21:15,Thu,13,FP,,3.07,-0.082,3.07,0.032,-0.064
2025-12-11 18:55,2025-12-12 02:55,Thu,18,FP,,3.24,-0.081,3.24,0.09,0.227
2025-12-11 20:17,2025-12-12 04:17,Thu,20,FP,,2.76,-0.121,2.76,0.041,0.243
2025-12-11 23:39,2025-12-12 07:39,Thu,23,FP,,4.26,-0.082,4.26,-0.077,0.017
2025-12-12 00:54,2025-12-12 08:54,Fri,0,FP,,2.96,-0.155,2.96,-0.042,0.047
2025-12-12 12:06,2025-12-12 20:06,Fri,12,FP,,3.36,-0.055,3.36,-0.072,0.03
2025-12-12 14:30,2025-12-12 22:30,Fri,14,FP,,7.17,-0.16,7.17,-0.119,-0.099
2025-12-12 15:30,2025-12-12 23:30,Fri,15,FP,,9.77,-0.728,9.77,-0.62,-0.475
2025-12-12 16:30,2025-12-13 00:30,Fri,16,FP,,2.98,-0.403,2.98,-0.387,0.25
2025-12-12 18:47,2025-12-13 02:47,Fri,18,FP,,2.56,-0.068,2.56,-0.032,-0.16
2025-12-12 20:26,2025-12-13 04:26,Fri,20,FP,,4.89,-0.088,4.89,-0.01,-0.313
2025-12-15 07:39,2025-12-15 15:39,Mon,7,FP,,2.85,-0.217,2.85,-0.042,-0.052
2025-12-15 10:29,2025-12-15 18:29,Mon,10,FP,,5.86,-0.112,5.86,0.065,-0.29
2025-12-15 13:04,2025-12-15 21:04,Mon,13,FP,,3.57,-0.092,3.57,-0.003,0.275
2025-12-15 14:10,2025-12-15 22:10,Mon,14,FP,,2.55,-0.166,2.55,0.114,-0.558
2025-12-15 15:11,2025-12-15 23:11,Mon,15,FP,,2.7,-0.19,2.7,-0.639,-0.31
2025-12-15 16:11,2025-12-16 00:11,Mon,16,FP,,3.86,-0.473,3.86,0.009,-0.287
2025-12-15 17:11,2025-12-16 01:11,Mon,17,FP,,2.56,-0.061,2.56,-0.069,-0.229
2025-12-15 20:20,2025-12-16 04:20,Mon,20,FP,,5.03,-0.192,5.03,0.029,-0.211
2025-12-16 01:06,2025-12-16 09:06,Tue,1,FP,,3.24,-0.1,3.24,-0.081,-0.221
2025-12-16 02:53,2025-12-16 10:53,Tue,2,FP,,5.56,-0.302,5.56,-0.019,-0.182
2025-12-16 05:29,2025-12-16 13:29,Tue,5,FP,,3.38,-0.177,3.38,-0.023,-0.2
2025-12-16 07:22,2025-12-16 15:22,Tue,7,FP,,3.97,-0.167,3.97,0.047,0.071
2025-12-16 08:30,2025-12-16 16:30,Tue,8,FP,,3.36,-0.113,3.36,0.121,-0.708
2025-12-16 10:08,2025-12-16 18:08,Tue,10,FP,,3.15,-0.097,3.15,-0.074,-0.69
2025-12-16 11:28,2025-12-16 19:28,Tue,11,FP,,2.53,-0.055,2.53,0.037,0.131
2025-12-16 15:18,2025-12-16 23:18,Tue,15,FP,,6.66,-0.189,6.66,-0.26,-0.711
2025-12-16 16:18,2025-12-17 00:18,Tue,16,FP,,2.52,-0.183,2.52,-0.096,0.154
2025-12-16 17:25,2025-12-17 01:25,Tue,17,FP,,3.32,-0.196,3.32,0.033,0.181
2025-12-16 19:36,2025-12-17 03:36,Tue,19,FP,,3.18,-0.078,3.18,0.093,-0.54
2025-12-16 20:48,2025-12-17 04:48,Tue,20,FP,,2.58,-0.088,2.58,0.269,-0.289
2025-12-17 02:37,2025-12-17 10:37,Wed,2,FP,,3.04,-0.173,3.04,0.084,0.3
2025-12-17 06:21,2025-12-17 14:21,Wed,6,FP,,4.03,-0.057,4.03,0.196,0.072
2025-12-17 07:27,2025-12-17 15:27,Wed,7,FP,,3.14,-0.215,3.14,0.039,0.048
2025-12-17 08:39,2025-12-17 16:39,Wed,8,FP,,3.0,-0.077,3.0,0.081,-0.197
2025-12-17 10:30,2025-12-17 18:30,Wed,10,FP,,2.53,-0.073,2.53,0.125,0.54
2025-12-17 14:16,2025-12-17 22:16,Wed,14,FP,,2.89,-0.053,2.89,-0.009,-0.303
2025-12-17 15:38,2025-12-17 23:38,Wed,15,FP,,5.14,-0.084,5.14,-0.309,-0.018
2025-12-17 16:39,2025-12-18 00:39,Wed,16,FP,,3.19,-0.189,3.19,-0.439,0.122
2025-12-17 18:38,2025-12-18 02:38,Wed,18,FP,,2.57,-0.062,2.57,-0.148,0.17
2025-12-18 00:49,2025-12-18 08:49,Thu,0,FP,,2.58,-0.169,2.58,0.049,-0.065
2025-12-18 08:02,2025-12-18 16:02,Thu,8,FP,,3.47,-0.077,3.47,0.04,-0.222
2025-12-18 12:28,2025-12-18 20:28,Thu,12,FP,,3.6,-0.187,3.6,-0.019,0.036
2025-12-18 14:37,2025-12-18 22:37,Thu,14,FP,,6.65,-0.082,6.65,0.274,0.014
2025-12-18 17:08,2025-12-19 01:08,Thu,17,FP,,7.06,-0.096,7.06,-0.467,-0.005
2025-12-18 18:48,2025-12-19 02:48,Thu,18,FP,,5.81,-0.195,5.81,0.084,-0.32
2025-12-18 19:52,2025-12-19 03:52,Thu,19,FP,,3.59,-0.077,3.59,-0.294,-0.481
2025-12-19 00:59,2025-12-19 08:59,Fri,0,FP,,3.55,-0.208,3.55,-0.021,0.045
2025-12-19 03:00,2025-12-19 11:00,Fri,3,FP,,2.93,-0.226,2.93,-0.058,0.063
2025-12-19 06:41,2025-12-19 14:41,Fri,6,FP,,2.69,-0.083,2.69,-0.115,0.084
2025-12-19 10:33,2025-12-19 18:33,Fri,10,FP,,3.0,-0.079,3.0,-0.01,0.054
2025-12-19 12:09,2025-12-19 20:09,Fri,12,FP,,3.04,-0.102,3.04,-0.029,0.173
2025-12-19 14:10,2025-12-19 22:10,Fri,14,FP,,3.5,-0.087,3.5,0.066,0.005
2025-12-19 20:30,2025-12-20 04:30,Fri,20,FP,,3.0,-0.09,3.0,-0.008,0.119
2025-12-23 03:25,2025-12-23 11:25,Tue,3,FP,,3.41,-0.051,3.41,-0.033,0.017
2025-12-23 04:50,2025-12-23 12:50,Tue,4,FP,,3.6,-0.074,3.6,-0.057,-0.029
2025-12-23 06:01,2025-12-23 14:01,Tue,6,FP,,3.01,-0.159,3.01,-0.01,-0.168
2025-12-23 09:07,2025-12-23 17:07,Tue,9,FP,,2.55,-0.073,2.55,0.026,0.017
2025-12-23 12:54,2025-12-23 20:54,Tue,12,FP,,2.6,-0.128,2.6,-0.061,0.236
2025-12-23 13:54,2025-12-23 21:54,Tue,13,FP,,3.12,-0.171,3.12,-0.135,0.052
2025-12-23 14:54,2025-12-23 22:54,Tue,14,FP,,4.27,-0.582,4.27,0.297,-0.597
2025-12-23 17:52,2025-12-24 01:52,Tue,17,FP,,2.62,-0.056,2.62,0.012,0.189
2025-12-23 21:56,2025-12-24 05:56,Tue,21,FP,,3.25,-0.186,3.25,-0.059,0.027
2025-12-24 02:04,2025-12-24 10:04,Wed,2,FP,,5.32,-0.052,5.32,-0.022,-0.159
2025-12-24 03:04,2025-12-24 11:04,Wed,3,FP,,3.31,-0.724,3.31,-0.029,0.034
2025-12-24 05:09,2025-12-24 13:09,Wed,5,FP,,3.11,-0.085,3.11,-0.036,0.015
2025-12-24 06:17,2025-12-24 14:17,Wed,6,FP,,3.01,-0.129,3.01,0.013,-0.063
2025-12-24 07:47,2025-12-24 15:47,Wed,7,FP,,2.69,-0.215,2.69,-0.006,0.034
2025-12-24 08:53,2025-12-24 16:53,Wed,8,FP,,3.88,-0.064,3.88,0.012,0.137
2025-12-24 10:33,2025-12-24 18:33,Wed,10,FP,,3.0,-0.061,3.0,-0.006,0.068
2025-12-24 13:06,2025-12-24 21:06,Wed,13,FP,,5.17,-0.174,5.17,0.019,-0.154
2025-12-24 14:15,2025-12-24 22:15,Wed,14,FP,,3.44,-0.079,3.44,0.036,0.097
2025-12-24 15:17,2025-12-24 23:17,Wed,15,FP,,3.98,-0.268,3.98,0.159,-0.051
2025-12-24 18:13,2025-12-25 02:13,Wed,18,FP,,2.8,-0.197,2.8,-0.081,-0.236
2025-12-26 01:42,2025-12-26 09:42,Fri,1,FP,,7.45,-0.15,7.45,-0.06,0.094
2025-12-26 03:55,2025-12-26 11:55,Fri,3,FP,,2.6,-0.104,2.6,-0.025,-0.063
2025-12-26 07:25,2025-12-26 15:25,Fri,7,FP,,2.78,-0.134,2.78,-0.046,0.128
2025-12-26 11:03,2025-12-26 19:03,Fri,11,FP,,3.14,-0.051,3.14,-0.007,0.034
2025-12-26 14:40,2025-12-26 22:40,Fri,14,FP,,3.53,-0.053,3.53,0.088,-0.66
2025-12-26 16:49,2025-12-27 00:49,Fri,16,FP,,2.51,-0.128,2.51,-0.11,-0.711
2025-12-26 17:49,2025-12-27 01:49,Fri,17,FP,,2.77,-0.352,2.77,-0.008,0.012
2025-12-26 19:43,2025-12-27 03:43,Fri,19,FP,,2.52,-0.091,2.52,0.037,-0.787
2025-12-29 00:00,2025-12-29 08:00,Mon,0,FP,,7.66,-0.542,7.66,-0.065,0.515
2025-12-29 01:00,2025-12-29 09:00,Mon,1,FP,,6.7,-0.68,6.7,0.092,-0.093
2025-12-29 02:10,2025-12-29 10:10,Mon,2,FP,,3.0,-0.123,3.0,-0.091,-0.283
2025-12-29 04:06,2025-12-29 12:06,Mon,4,FP,,4.53,-0.109,4.53,0.022,0.093
2025-12-29 05:55,2025-12-29 13:55,Mon,5,FP,,4.06,-0.064,4.06,-0.058,0.232
2025-12-29 06:55,2025-12-29 14:55,Mon,6,FP,,5.81,-0.734,5.81,-0.036,-0.197
2025-12-29 08:36,2025-12-29 16:36,Mon,8,FP,,2.65,-0.067,2.65,-0.106,0.035
2025-12-29 09:37,2025-12-29 17:37,Mon,9,FP,,3.07,-0.275,3.07,-0.013,0.937
2025-12-29 10:38,2025-12-29 18:38,Mon,10,FP,,3.2,-0.063,3.2,0.021,-0.156
2025-12-29 11:38,2025-12-29 19:38,Mon,11,FP,,4.9,-0.178,4.9,0.006,0.291
2025-12-29 13:23,2025-12-29 21:23,Mon,13,FP,,3.83,-0.054,3.83,-0.101,0.311
2025-12-29 14:23,2025-12-29 22:23,Mon,14,FP,,3.92,-1.338,3.92,-0.178,-0.167
2025-12-29 15:23,2025-12-29 23:23,Mon,15,FP,,6.55,-1.852,6.55,0.086,0.236
2025-12-29 17:08,2025-12-30 01:08,Mon,17,FP,,2.76,-0.106,2.76,-0.048,-0.278
2025-12-29 20:36,2025-12-30 04:36,Mon,20,FP,,6.08,-0.093,6.08,0.069,-0.344
2025-12-29 23:18,2025-12-30 07:18,Mon,23,FP,,10.63,-0.139,10.63,-0.015,-0.021
2025-12-30 00:49,2025-12-30 08:49,Tue,0,FP,,3.17,-0.076,3.17,0.019,0.04
2025-12-30 03:52,2025-12-30 11:52,Tue,3,FP,,3.15,-0.053,3.15,0.069,0.138
2025-12-30 06:23,2025-12-30 14:23,Tue,6,FP,,3.25,-0.105,3.25,-0.041,-0.103
2025-12-30 08:19,2025-12-30 16:19,Tue,8,FP,,3.22,-0.104,3.22,0.036,0.319
2025-12-30 13:19,2025-12-30 21:19,Tue,13,FP,,7.1,-0.163,7.1,-0.007,-0.154
2025-12-30 14:19,2025-12-30 22:19,Tue,14,FP,,3.73,-0.18,3.73,-0.022,0.057
2025-12-30 15:19,2025-12-30 23:19,Tue,15,FP,,5.5,-0.211,5.5,-0.129,-0.017
2025-12-30 16:19,2025-12-31 00:19,Tue,16,FP,,3.79,-0.171,3.79,0.164,-0.188
2025-12-30 17:50,2025-12-31 01:50,Tue,17,FP,,2.63,-0.079,2.63,0.01,-0.212
2025-12-30 19:05,2025-12-31 03:05,Tue,19,FP,,3.57,-0.26,3.57,-0.012,0.034
2025-12-30 20:05,2025-12-31 04:05,Tue,20,FP,,2.77,-0.526,2.77,0.001,-0.116
2025-12-30 21:52,2025-12-31 05:52,Tue,21,FP,,6.5,-0.094,6.5,-0.067,-0.059
2025-12-30 23:26,2025-12-31 07:26,Tue,23,FP,,4.9,-0.078,4.9,-0.023,-0.033
2025-12-31 00:27,2025-12-31 08:27,Wed,0,FP,,3.57,-0.082,3.57,-0.048,0.035
2025-12-31 02:34,2025-12-31 10:34,Wed,2,FP,,2.52,-0.104,2.52,0.029,-0.045
2025-12-31 03:35,2025-12-31 11:35,Wed,3,FP,,3.27,-0.175,3.27,-0.017,0.057
2025-12-31 04:54,2025-12-31 12:54,Wed,4,FP,,4.58,-0.189,4.58,0.006,0.325
2025-12-31 05:54,2025-12-31 13:54,Wed,5,FP,,9.11,-1.219,9.11,-0.064,-0.336
2025-12-31 08:09,2025-12-31 16:09,Wed,8,FP,,3.22,-0.064,3.22,-0.0,-0.302
2025-12-31 09:17,2025-12-31 17:17,Wed,9,FP,,2.67,-0.278,2.67,-0.015,0.017
2025-12-31 10:26,2025-12-31 18:26,Wed,10,FP,,2.6,-0.072,2.6,-0.001,0.38
2025-12-31 12:12,2025-12-31 20:12,Wed,12,FP,,2.94,-0.062,2.94,0.05,0.224
2025-12-31 15:04,2025-12-31 23:04,Wed,15,FP,,3.3,-0.099,3.3,-0.275,-0.06
2025-12-31 16:04,2026-01-01 00:04,Wed,16,FP,,3.61,-0.199,3.61,-0.174,-0.652
2025-12-31 17:20,2026-01-01 01:20,Wed,17,FP,,3.05,-0.179,3.05,0.007,-0.19
2025-12-31 18:32,2026-01-01 02:32,Wed,18,FP,,3.43,-0.098,3.43,0.022,-0.623
2025-12-31 19:32,2026-01-01 03:32,Wed,19,FP,,3.21,-0.204,3.21,-0.105,-0.296
2025-12-31 20:52,2026-01-01 04:52,Wed,20,FP,,5.63,-0.095,5.63,-0.233,0.084
2026-01-02 01:09,2026-01-02 09:09,Fri,1,FP,,2.78,-0.087,2.78,0.131,0.07
2026-01-02 02:31,2026-01-02 10:31,Fri,2,FP,,2.77,-0.093,2.77,0.095,0.122
2026-01-02 06:51,2026-01-02 14:51,Fri,6,FP,,2.55,-0.093,2.55,0.015,0.127
2026-01-02 12:41,2026-01-02 20:41,Fri,12,FP,,5.02,-0.157,5.02,-0.044,-0.18
2026-01-02 13:43,2026-01-02 21:43,Fri,13,FP,,2.61,-0.289,2.61,-0.045,-0.093
2026-01-02 14:43,2026-01-02 22:43,Fri,14,FP,,6.77,-0.42,6.77,-0.133,-0.474
2026-01-02 15:45,2026-01-02 23:45,Fri,15,FP,,3.92,-0.269,3.92,-0.141,0.326
2026-01-02 16:45,2026-01-03 00:45,Fri,16,FP,,2.81,-0.444,2.81,-0.385,-0.109
2026-01-02 18:06,2026-01-03 02:06,Fri,18,FP,,3.12,-0.257,3.12,-0.03,0.299
2026-01-02 19:24,2026-01-03 03:24,Fri,19,FP,,3.31,-0.06,3.31,0.256,0.544
2026-01-05 02:04,2026-01-05 10:04,Mon,2,FP,,3.26,-0.411,3.26,0.061,-0.706
2026-01-05 03:58,2026-01-05 11:58,Mon,3,FP,,2.51,-0.073,2.51,-0.063,-0.37
2026-01-05 05:44,2026-01-05 13:44,Mon,5,FP,,3.25,-0.087,3.25,-0.007,-0.286
2026-01-05 07:25,2026-01-05 15:25,Mon,7,FP,,2.81,-0.129,2.81,-0.04,-0.225
2026-01-05 11:25,2026-01-05 19:25,Mon,11,FP,,5.09,-0.222,5.09,0.0,0.332
2026-01-05 12:42,2026-01-05 20:42,Mon,12,FP,,5.92,-0.355,5.92,-0.023,0.217
2026-01-05 16:03,2026-01-06 00:03,Mon,16,FP,,3.48,-0.089,3.48,0.106,0.904
2026-01-05 17:03,2026-01-06 01:03,Mon,17,FP,,4.63,-0.243,4.63,0.112,-0.296
2026-01-05 18:25,2026-01-06 02:25,Mon,18,FP,,3.02,-0.113,3.02,-0.029,0.106
2026-01-05 19:57,2026-01-06 03:57,Mon,19,FP,,3.11,-0.107,3.11,-0.111,-0.017
2026-01-05 23:31,2026-01-06 07:31,Mon,23,FP,,5.74,-0.094,5.74,-0.017,-0.329
2026-01-06 00:32,2026-01-06 08:32,Tue,0,FP,,5.38,-0.088,5.38,-0.01,0.089
2026-01-06 05:39,2026-01-06 13:39,Tue,5,FP,,5.81,-0.057,5.81,0.007,-0.086
2026-01-06 07:55,2026-01-06 15:55,Tue,7,FP,,2.53,-0.167,2.53,-0.065,-0.318
2026-01-06 09:10,2026-01-06 17:10,Tue,9,FP,,2.91,-0.08,2.91,-0.098,0.768
2026-01-06 10:10,2026-01-06 18:10,Tue,10,FP,,2.51,-0.179,2.51,0.029,0.063
2026-01-06 13:02,2026-01-06 21:02,Tue,13,FP,,5.07,-0.061,5.07,0.101,-0.02
2026-01-06 15:33,2026-01-06 23:33,Tue,15,FP,,9.58,-0.151,9.58,0.271,-1.039
2026-01-06 17:44,2026-01-07 01:44,Tue,17,FP,,2.77,-0.094,2.77,0.301,-0.793
2026-01-06 19:06,2026-01-07 03:06,Tue,19,FP,,2.67,-0.099,2.67,0.17,-0.526
2026-01-07 00:01,2026-01-07 08:01,Wed,0,FP,,3.16,-0.158,3.16,-0.039,-0.942
2026-01-07 01:01,2026-01-07 09:01,Wed,1,FP,,8.36,-0.127,8.36,0.007,-0.361
2026-01-07 02:01,2026-01-07 10:01,Wed,2,FP,,4.3,-0.541,4.3,-0.011,0.053
2026-01-07 04:05,2026-01-07 12:05,Wed,4,FP,,2.54,-0.086,2.54,-0.039,-0.213
2026-01-07 05:32,2026-01-07 13:32,Wed,5,FP,,3.12,-0.116,3.12,0.014,-0.173
2026-01-07 06:32,2026-01-07 14:32,Wed,6,FP,,2.98,-0.198,2.98,-0.014,0.217
2026-01-07 09:28,2026-01-07 17:28,Wed,9,FP,,2.76,-0.073,2.76,-0.062,0.181
2026-01-07 11:26,2026-01-07 19:26,Wed,11,FP,,2.87,-0.08,2.87,0.032,0.481
2026-01-07 12:26,2026-01-07 20:26,Wed,12,FP,,3.24,-0.232,3.24,0.072,-0.044
2026-01-07 13:28,2026-01-07 21:28,Wed,13,FP,,2.65,-0.098,2.65,0.029,-0.158
2026-01-07 14:39,2026-01-07 22:39,Wed,14,FP,,5.4,-0.056,5.4,0.039,-0.756
2026-01-07 15:46,2026-01-07 23:46,Wed,15,FP,,3.61,-0.066,3.61,-0.149,0.057
2026-01-07 17:36,2026-01-08 01:36,Wed,17,FP,,3.42,-0.111,3.42,0.158,-0.388
2026-01-07 18:50,2026-01-08 02:50,Wed,18,FP,,3.65,-0.092,3.65,-0.024,0.107
2026-01-07 21:00,2026-01-08 05:00,Wed,21,FP,,3.04,-0.132,3.04,-0.316,0.155
2026-01-08 00:25,2026-01-08 08:25,Thu,0,FP,,2.69,-0.148,2.69,-0.017,-0.121
2026-01-08 01:32,2026-01-08 09:32,Thu,1,FP,,3.0,-0.063,3.0,0.007,0.08
2026-01-08 02:33,2026-01-08 10:33,Thu,2,FP,,4.49,-0.373,4.49,-0.021,-0.208
2026-01-08 04:28,2026-01-08 12:28,Thu,4,FP,,2.54,-0.162,2.54,0.007,0.092
2026-01-08 05:30,2026-01-08 13:30,Thu,5,FP,,6.04,-0.255,6.04,-0.062,-0.057
2026-01-08 07:48,2026-01-08 15:48,Thu,7,FP,,3.49,-0.093,3.49,0.138,-0.101
2026-01-08 08:53,2026-01-08 16:53,Thu,8,FP,,5.56,-0.076,5.56,0.054,-0.148
2026-01-08 10:28,2026-01-08 18:28,Thu,10,FP,,3.46,-0.144,3.46,-0.079,0.459
2026-01-08 12:00,2026-01-08 20:00,Thu,12,FP,,3.45,-0.262,3.45,-0.03,0.436
2026-01-08 13:54,2026-01-08 21:54,Thu,13,FP,,5.3,-0.054,5.3,0.058,0.211
2026-01-08 18:03,2026-01-09 02:03,Thu,18,FP,,2.58,-0.11,2.58,0.043,0.403
2026-01-08 23:47,2026-01-09 07:47,Thu,23,FP,,2.89,-0.111,2.89,0.048,-0.12
2026-01-09 00:59,2026-01-09 08:59,Fri,0,FP,,2.79,-0.296,2.79,0.022,-0.1
2026-01-09 03:09,2026-01-09 11:09,Fri,3,FP,,2.6,-0.2,2.6,0.022,-0.103
2026-01-09 05:23,2026-01-09 13:23,Fri,5,FP,,3.34,-0.084,3.34,0.022,-0.086
2026-01-12 01:37,2026-01-12 09:37,Mon,1,FP,,3.19,-0.052,3.19,-0.08,-0.724
2026-01-12 02:39,2026-01-12 10:39,Mon,2,FP,,3.61,-0.115,3.61,-0.08,0.455
2026-01-12 03:47,2026-01-12 11:47,Mon,3,FP,,3.87,-0.2,3.87,-0.08,0.173
2026-01-14 03:29,2026-01-14 11:29,Wed,3,FP,,2.66,-0.106,2.66,0.051,-0.197
2026-01-14 05:57,2026-01-14 13:57,Wed,5,FP,,9.32,-0.205,9.32,-0.062,-0.189
2026-01-14 08:04,2026-01-14 16:04,Wed,8,FP,,2.8,-0.072,2.8,0.042,-0.11
2026-01-14 09:41,2026-01-14 17:41,Wed,9,FP,,2.9,-0.083,2.9,0.046,-0.132
2026-01-14 11:27,2026-01-14 19:27,Wed,11,FP,,2.86,-0.077,2.86,0.01,0.398
2026-01-14 13:05,2026-01-14 21:05,Wed,13,FP,,3.57,-0.092,3.57,0.04,0.421
2026-01-14 14:31,2026-01-14 22:31,Wed,14,FP,,6.33,-0.066,6.33,-0.108,-0.477
2026-01-14 15:31,2026-01-14 23:31,Wed,15,FP,,3.25,-0.251,3.25,-0.303,0.203
2026-01-14 16:40,2026-01-15 00:40,Wed,16,FP,,3.65,-0.112,3.65,-0.12,-0.535
2026-01-14 17:40,2026-01-15 01:40,Wed,17,FP,,5.79,-0.212,5.79,-0.205,0.7
2026-01-14 20:02,2026-01-15 04:02,Wed,20,FP,,13.9,-0.193,13.9,0.058,-1.341
2026-01-14 21:07,2026-01-15 05:07,Wed,21,FP,,2.72,-0.099,2.72,0.075,-0.251
2026-01-14 23:03,2026-01-15 07:03,Wed,23,FP,,7.29,-0.086,7.29,-0.065,-0.404
2026-01-15 00:03,2026-01-15 08:03,Thu,0,FP,,2.66,-0.159,2.66,-0.014,-0.058
2026-01-15 01:03,2026-01-15 09:03,Thu,1,FP,,2.7,-0.157,2.7,0.072,-0.658
2026-01-15 02:03,2026-01-15 10:03,Thu,2,FP,,3.3,-0.129,3.3,0.007,-0.174
2026-01-15 03:04,2026-01-15 11:04,Thu,3,FP,,4.03,-0.126,4.03,-0.032,-0.191
2026-01-15 04:05,2026-01-15 12:05,Thu,4,FP,,3.11,-0.212,3.11,-0.047,-0.266
2026-01-15 05:15,2026-01-15 13:15,Thu,5,FP,,2.94,-0.197,2.94,0.058,0.042
2026-01-15 07:41,2026-01-15 15:41,Thu,7,FP,,2.64,-0.095,2.64,-0.051,-0.556
2026-01-15 12:10,2026-01-15 20:10,Thu,12,FP,,2.58,-0.073,2.58,-0.012,0.419
2026-01-15 13:14,2026-01-15 21:14,Thu,13,FP,,2.58,-0.073,2.58,0.065,-0.926
2026-01-15 14:14,2026-01-15 22:14,Thu,14,FP,,3.37,-0.252,3.37,0.103,0.084
2026-01-15 16:02,2026-01-16 00:02,Thu,16,FP,,5.14,-0.088,5.14,0.135,0.236
2026-01-15 17:16,2026-01-16 01:16,Thu,17,FP,,2.61,-0.257,2.61,0.016,-0.515
2026-01-15 20:03,2026-01-16 04:03,Thu,20,FP,,3.05,-0.157,3.05,-0.197,-0.178
2026-01-15 23:26,2026-01-16 07:26,Thu,23,FP,,3.3,-0.11,3.3,0.14,-0.395
2026-01-16 01:00,2026-01-16 09:00,Fri,1,FP,,4.45,-0.297,4.45,0.022,0.068
2026-01-16 02:12,2026-01-16 10:12,Fri,2,FP,,2.8,-0.079,2.8,0.021,-0.22
2026-01-16 06:41,2026-01-16 14:41,Fri,6,FP,,2.66,-0.051,2.66,0.014,-0.076
2026-01-16 08:55,2026-01-16 16:55,Fri,8,FP,,2.63,-0.053,2.63,-0.039,0.409
2026-01-16 11:01,2026-01-16 19:01,Fri,11,FP,,2.8,-0.066,2.8,0.037,0.453
2026-01-16 12:51,2026-01-16 20:51,Fri,12,FP,,2.64,-0.237,2.64,-0.065,0.114
2026-01-16 13:51,2026-01-16 21:51,Fri,13,FP,,2.87,-0.065,2.87,0.019,-0.03
2026-01-16 15:19,2026-01-16 23:19,Fri,15,FP,,15.16,-0.062,15.16,-0.281,-0.563
2026-01-16 16:19,2026-01-17 00:19,Fri,16,FP,,4.86,-0.243,4.86,0.119,0.365
2026-01-16 17:19,2026-01-17 01:19,Fri,17,FP,,4.35,-0.138,4.35,0.043,-0.008
2026-01-16 19:30,2026-01-17 03:30,Fri,19,FP,,2.51,-0.106,2.51,-0.106,-0.833
2026-01-16 20:31,2026-01-17 04:31,Fri,20,FP,,3.45,-0.082,3.45,-0.065,0.341
2026-01-19 00:16,2026-01-19 08:16,Mon,0,FP,,4.07,-0.066,4.07,-0.054,-0.392
2026-01-19 01:16,2026-01-19 09:16,Mon,1,FP,,6.14,-0.121,6.14,0.102,-0.392
2026-01-19 02:21,2026-01-19 10:21,Mon,2,FP,,3.19,-0.206,3.19,-0.026,-0.392
2026-01-20 00:26,2026-01-20 08:26,Tue,0,FP,,2.5,-0.119,2.5,-0.229,0.524
2026-01-20 02:07,2026-01-20 10:07,Tue,2,TP,2026-01-20 03:07 UP↑(A) gap=+60min,2.53,-0.094,2.53,0.036,-0.16
2026-01-20 08:35,2026-01-20 16:35,Tue,8,FP,,3.15,-0.065,3.15,-0.268,-0.457
2026-01-20 10:30,2026-01-20 18:30,Tue,10,FP,,2.57,-0.147,2.57,0.171,0.249
2026-01-20 12:43,2026-01-20 20:43,Tue,12,FP,,2.82,-0.094,2.82,0.224,0.423
2026-01-20 15:16,2026-01-20 23:16,Tue,15,FP,,5.27,-0.075,5.27,0.021,1.0
2026-01-20 18:53,2026-01-21 02:53,Tue,18,FP,,5.41,-0.095,5.41,-0.366,-0.012
2026-01-20 20:18,2026-01-21 04:18,Tue,20,FP,,7.42,-0.197,7.42,-0.063,-0.607
2026-01-20 23:01,2026-01-21 07:01,Tue,23,TP,2026-01-20 23:56 UP↑(B) gap=+55min,4.12,-0.065,4.12,0.006,0.232
2026-01-21 02:29,2026-01-21 10:29,Wed,2,FP,,2.91,-0.052,2.91,-0.051,0.033
2026-01-21 04:05,2026-01-21 12:05,Wed,4,FP,,2.52,-0.076,2.52,0.044,-0.155
2026-01-21 06:38,2026-01-21 14:38,Wed,6,FP,,4.66,-0.114,4.66,-0.011,-0.126
2026-01-21 07:38,2026-01-21 15:38,Wed,7,FP,,4.49,-0.6,4.49,0.067,-0.268
2026-01-21 09:07,2026-01-21 17:07,Wed,9,FP,,3.34,-0.082,3.34,-0.012,-0.331
2026-01-21 10:29,2026-01-21 18:29,Wed,10,FP,,4.33,-0.314,4.33,-0.047,0.537
2026-01-21 11:40,2026-01-21 19:40,Wed,11,FP,,3.63,-0.055,3.63,-0.209,1.137
2026-01-21 13:01,2026-01-21 21:01,Wed,13,FP,,6.14,-0.165,6.14,0.077,0.116
2026-01-21 14:04,2026-01-21 22:04,Wed,14,FP,,23.69,-0.178,23.69,0.18,-0.161
2026-01-21 15:17,2026-01-21 23:17,Wed,15,FP,,7.18,-0.057,7.18,0.413,-0.017
2026-01-21 16:44,2026-01-22 00:44,Wed,16,FP,,4.85,-0.054,4.85,-0.481,0.013
2026-01-21 17:44,2026-01-22 01:44,Wed,17,FP,,3.81,-0.515,3.81,-0.285,0.07
2026-01-21 19:27,2026-01-22 03:27,Wed,19,FP,,41.46,-0.341,41.46,0.35,-0.11
2026-01-21 20:27,2026-01-22 04:27,Wed,20,FP,,4.81,-0.42,4.81,0.459,0.017
2026-01-21 23:01,2026-01-22 07:01,Wed,23,FP,,7.12,-0.118,7.12,0.057,-0.115
2026-01-22 00:01,2026-01-22 08:01,Thu,0,FP,,3.39,-0.87,3.39,0.022,-0.119
2026-01-22 01:01,2026-01-22 09:01,Thu,1,FP,,8.26,-0.051,8.26,0.047,0.107
2026-01-22 02:19,2026-01-22 10:19,Thu,2,FP,,3.36,-0.193,3.36,0.054,-0.012
2026-01-22 03:19,2026-01-22 11:19,Thu,3,FP,,2.91,-0.091,2.91,-0.007,-0.021
2026-01-22 08:09,2026-01-22 16:09,Thu,8,FP,,3.99,-0.119,3.99,0.273,-0.236
2026-01-22 09:33,2026-01-22 17:33,Thu,9,FP,,4.91,-0.054,4.91,0.181,-0.541
2026-01-22 11:35,2026-01-22 19:35,Thu,11,FP,,2.88,-0.056,2.88,-0.045,-0.618
2026-01-22 12:53,2026-01-22 20:53,Thu,12,FP,,2.92,-0.165,2.92,0.005,-0.355
2026-01-22 13:53,2026-01-22 21:53,Thu,13,FP,,4.37,-0.166,4.37,0.129,0.272
2026-01-22 19:47,2026-01-23 03:47,Thu,19,FP,,2.89,-0.063,2.89,-0.117,0.13
2026-01-22 21:05,2026-01-23 05:05,Thu,21,FP,,3.14,-0.076,3.14,-0.051,0.145
2026-01-22 23:30,2026-01-23 07:30,Thu,23,FP,,10.11,-0.102,10.11,-0.017,-0.096
2026-01-23 01:01,2026-01-23 09:01,Fri,1,FP,,12.31,-0.19,12.31,0.145,0.206
2026-01-23 02:26,2026-01-23 10:26,Fri,2,FP,,3.82,-0.078,3.82,0.022,-0.017
2026-01-23 03:26,2026-01-23 11:26,Fri,3,FP,,5.47,-0.085,5.47,0.058,0.268
2026-01-23 06:11,2026-01-23 14:11,Fri,6,FP,,6.45,-0.133,6.45,0.019,-0.084
2026-01-23 07:24,2026-01-23 15:24,Fri,7,FP,,3.94,-0.14,3.94,-0.041,-0.192
2026-01-23 08:24,2026-01-23 16:24,Fri,8,FP,,4.91,-0.628,4.91,-0.18,0.067
2026-01-23 09:24,2026-01-23 17:24,Fri,9,FP,,5.04,-0.227,5.04,-0.094,0.407
2026-01-23 11:15,2026-01-23 19:15,Fri,11,FP,,5.59,-0.17,5.59,0.174,0.321
2026-01-23 13:22,2026-01-23 21:22,Fri,13,FP,,2.75,-0.111,2.75,0.007,0.091
2026-01-23 17:26,2026-01-24 01:26,Fri,17,FP,,2.57,-0.051,2.57,-0.065,-0.115
2026-01-23 18:30,2026-01-24 02:30,Fri,18,FP,,5.22,-0.249,5.22,-0.143,0.213
2026-01-23 20:52,2026-01-24 04:52,Fri,20,FP,,3.57,-0.091,3.57,-0.098,-0.07
2026-01-26 01:01,2026-01-26 09:01,Mon,1,FP,,14.45,-0.125,14.45,0.073,0.164
2026-01-26 02:35,2026-01-26 10:35,Mon,2,FP,,3.8,-0.066,3.8,0.001,-0.159
2026-01-26 03:40,2026-01-26 11:40,Mon,3,FP,,3.84,-0.126,3.84,0.028,-0.07
2026-01-26 04:45,2026-01-26 12:45,Mon,4,FP,,7.08,-0.271,7.08,-0.021,0.202
2026-01-26 07:01,2026-01-26 15:01,Mon,7,FP,,4.86,-0.108,4.86,-0.017,0.42
2026-01-26 08:49,2026-01-26 16:49,Mon,8,FP,,3.74,-0.07,3.74,0.109,-0.164
2026-01-26 09:49,2026-01-26 17:49,Mon,9,FP,,6.27,-0.101,6.27,-0.307,-0.225
2026-01-26 11:15,2026-01-26 19:15,Mon,11,FP,,2.67,-0.059,2.67,0.029,0.036
2026-01-26 12:39,2026-01-26 20:39,Mon,12,FP,,2.67,-0.129,2.67,0.08,-0.79
2026-01-26 13:40,2026-01-26 21:40,Mon,13,FP,,3.09,-0.376,3.09,-0.007,-0.32
2026-01-26 15:34,2026-01-26 23:34,Mon,15,FP,,6.89,-0.147,6.89,0.231,-0.293
2026-01-26 16:35,2026-01-27 00:35,Mon,16,FP,,5.25,-0.078,5.25,0.029,0.215
2026-01-26 18:05,2026-01-27 02:05,Mon,18,FP,,8.28,-0.085,8.28,-0.082,0.209
2026-01-26 19:05,2026-01-27 03:05,Mon,19,FP,,5.86,-0.85,5.86,0.079,-0.361
2026-01-26 20:05,2026-01-27 04:05,Mon,20,FP,,5.26,-0.098,5.26,0.013,0.0
2026-01-26 21:11,2026-01-27 05:11,Mon,21,FP,,7.22,-0.091,7.22,-0.167,0.203
2026-01-27 00:35,2026-01-27 08:35,Tue,0,FP,,5.38,-0.138,5.38,0.067,-0.095
2026-01-27 02:13,2026-01-27 10:13,Tue,2,FP,,2.92,-0.107,2.92,0.104,-0.434
2026-01-27 03:15,2026-01-27 11:15,Tue,3,FP,,3.16,-0.057,3.16,0.057,-0.119
2026-01-27 04:38,2026-01-27 12:38,Tue,4,FP,,2.83,-0.088,2.83,0.043,-0.03
2026-01-27 08:06,2026-01-27 16:06,Tue,8,FP,,3.57,-0.152,3.57,0.004,-0.038
2026-01-27 09:16,2026-01-27 17:16,Tue,9,FP,,2.63,-0.051,2.63,-0.05,-0.116
2026-01-27 10:33,2026-01-27 18:33,Tue,10,FP,,3.82,-0.148,3.82,0.033,0.578
2026-01-27 11:47,2026-01-27 19:47,Tue,11,FP,,5.54,-0.09,5.54,0.03,-0.558
2026-01-27 13:32,2026-01-27 21:32,Tue,13,FP,,3.41,-0.053,3.41,-0.004,1.327
2026-01-27 14:32,2026-01-27 22:32,Tue,14,FP,,9.22,-0.283,9.22,-0.034,-0.522
2026-01-27 16:59,2026-01-28 00:59,Tue,16,FP,,2.75,-0.068,2.75,0.001,0.329
2026-01-27 18:05,2026-01-28 02:05,Tue,18,FP,,4.0,-0.066,4.0,-0.14,0.105
2026-01-27 23:00,2026-01-28 07:00,Tue,23,FP,,9.66,-0.179,9.66,0.091,0.101
2026-01-28 00:01,2026-01-28 08:01,Wed,0,FP,,7.7,-0.204,7.7,0.011,-0.051
2026-01-28 04:07,2026-01-28 12:07,Wed,4,FP,,2.57,-0.103,2.57,0.004,0.101
2026-01-28 06:41,2026-01-28 14:41,Wed,6,FP,,3.69,-0.098,3.69,0.092,0.029
2026-01-28 08:49,2026-01-28 16:49,Wed,8,FP,,4.07,-0.077,4.07,-0.141,0.476
2026-01-28 09:53,2026-01-28 17:53,Wed,9,FP,,2.92,-0.288,2.92,0.058,-0.992
2026-01-28 10:57,2026-01-28 18:57,Wed,10,FP,,2.52,-0.054,2.52,0.036,-0.124
2026-01-28 11:57,2026-01-28 19:57,Wed,11,FP,,3.42,-0.223,3.42,-0.021,0.672
2026-01-28 13:39,2026-01-28 21:39,Wed,13,FP,,3.65,-0.115,3.65,-0.082,0.67
2026-01-28 15:08,2026-01-28 23:08,Wed,15,FP,,25.86,-0.12,25.86,0.007,-1.3
2026-01-28 17:46,2026-01-29 01:46,Wed,17,FP,,4.22,-0.124,4.22,-0.029,0.008
2026-01-28 18:46,2026-01-29 02:46,Wed,18,FP,,5.8,-0.228,5.8,-0.003,0.239
2026-01-29 00:19,2026-01-29 08:19,Thu,0,FP,,7.14,-0.171,7.14,-0.208,0.071
2026-01-29 02:41,2026-01-29 10:41,Thu,2,FP,,13.3,-0.397,13.3,0.158,0.133
2026-01-29 03:50,2026-01-29 11:50,Thu,3,FP,,5.83,-0.062,5.83,0.075,0.282
2026-01-29 05:21,2026-01-29 13:21,Thu,5,FP,,19.48,-0.192,19.48,0.053,-0.07
2026-01-29 07:00,2026-01-29 15:00,Thu,7,FP,,5.58,-0.07,5.58,0.039,0.14
2026-01-29 08:00,2026-01-29 16:00,Thu,8,FP,,4.13,-0.294,4.13,0.064,-0.125
2026-01-29 09:00,2026-01-29 17:00,Thu,9,FP,,4.39,-0.693,4.39,0.006,0.725
2026-01-29 10:06,2026-01-29 18:06,Thu,10,FP,,8.26,-0.137,8.26,-0.111,0.217
2026-01-29 11:06,2026-01-29 19:06,Thu,11,FP,,6.06,-0.337,6.06,-0.1,-0.155
2026-01-29 13:11,2026-01-29 21:11,Thu,13,FP,,9.88,-0.09,9.88,-0.03,0.355
2026-01-29 14:42,2026-01-29 22:42,Thu,14,FP,,10.01,-0.231,10.01,-0.417,1.646
2026-01-29 15:42,2026-01-29 23:42,Thu,15,FP,,60.91,-7.067,60.91,-1.087,-2.358
2026-01-29 18:25,2026-01-30 02:25,Thu,18,FP,,10.77,-0.272,10.77,-0.065,-0.435
2026-01-29 19:25,2026-01-30 03:25,Thu,19,FP,,7.28,-0.289,7.28,0.209,0.299
2026-01-29 21:51,2026-01-30 05:51,Thu,21,FP,,11.35,-0.239,11.35,0.076,-0.416
2026-01-30 00:40,2026-01-30 08:40,Fri,0,FP,,7.49,-0.111,7.49,-0.194,-0.687
2026-01-30 01:40,2026-01-30 09:40,Fri,1,FP,,8.89,-1.232,8.89,-0.309,-0.269
2026-01-30 02:40,2026-01-30 10:40,Fri,2,FP,,11.84,-2.649,11.84,-0.105,-1.186
2026-01-30 03:40,2026-01-30 11:40,Fri,3,FP,,12.14,-0.87,12.14,0.246,0.148
2026-01-30 05:05,2026-01-30 13:05,Fri,5,FP,,7.78,-0.169,7.78,0.025,0.047
2026-01-30 06:05,2026-01-30 14:05,Fri,6,FP,,13.44,-0.359,13.44,-0.225,0.109
2026-01-30 07:05,2026-01-30 15:05,Fri,7,FP,,16.56,-0.729,16.56,-0.159,-0.357
2026-01-30 08:07,2026-01-30 16:07,Fri,8,FP,,19.71,-0.34,19.71,-0.225,0.249
2026-01-30 09:07,2026-01-30 17:07,Fri,9,FP,,14.1,-1.286,14.1,0.145,0.668
2026-01-30 10:07,2026-01-30 18:07,Fri,10,FP,,18.5,-1.481,18.5,-0.156,-0.27
2026-01-30 12:25,2026-01-30 20:25,Fri,12,FP,,10.79,-0.142,10.79,0.251,0.146
2026-01-30 13:25,2026-01-30 21:25,Fri,13,FP,,15.45,-1.898,15.45,-0.138,0.192
2026-01-30 15:00,2026-01-30 23:00,Fri,15,FP,,19.98,-0.234,19.98,0.139,0.275
2026-01-30 16:11,2026-01-31 00:11,Fri,16,FP,,6.46,-0.327,6.46,-0.286,0.091
2026-01-30 17:11,2026-01-31 01:11,Fri,17,FP,,14.9,-1.688,14.9,-0.363,0.091
2026-01-30 18:11,2026-01-31 02:11,Fri,18,FP,,22.58,-2.457,22.58,-0.022,-1.796
2026-01-30 20:08,2026-01-31 04:08,Fri,20,FP,,11.52,-0.092,11.52,-0.269,1.04
2026-01-30 21:08,2026-01-31 05:08,Fri,21,FP,,5.23,-1.145,5.23,0.095,0.346
2026-02-02 00:00,2026-02-02 08:00,Mon,0,FP,,18.93,-2.82,18.93,-0.258,-0.589
2026-02-02 01:00,2026-02-02 09:00,Mon,1,FP,,35.47,-0.408,35.47,0.171,-0.15
2026-02-02 02:01,2026-02-02 10:01,Mon,2,FP,,15.7,-0.391,15.7,-0.643,-0.237
2026-02-02 03:01,2026-02-02 11:01,Mon,3,FP,,16.64,-0.285,16.64,-0.149,-0.88
2026-02-02 04:01,2026-02-02 12:01,Mon,4,FP,,39.64,-2.057,39.64,-0.345,-0.416
2026-02-02 05:15,2026-02-02 13:15,Mon,5,FP,,12.38,-0.288,12.38,0.112,-0.306
2026-02-02 06:15,2026-02-02 14:15,Mon,6,FP,,16.14,-2.467,16.14,-0.215,-0.395
2026-02-02 09:20,2026-02-02 17:20,Mon,9,FP,,16.54,-0.336,16.54,0.128,-0.533
2026-02-02 10:27,2026-02-02 18:27,Mon,10,FP,,14.46,-0.332,14.46,0.006,0.438
2026-02-02 13:00,2026-02-02 21:00,Mon,13,FP,,50.38,-0.53,50.38,0.0,-0.315
2026-02-02 14:00,2026-02-02 22:00,Mon,14,FP,,22.9,-0.524,22.9,0.142,0.777
2026-02-02 15:00,2026-02-02 23:00,Mon,15,FP,,21.05,-0.258,21.05,0.427,-0.313
2026-02-02 16:00,2026-02-03 00:00,Mon,16,FP,,11.28,-2.136,11.28,0.268,-0.298
2026-02-02 17:18,2026-02-03 01:18,Mon,17,FP,,11.68,-0.306,11.68,0.108,-0.057
2026-02-02 18:18,2026-02-03 02:18,Mon,18,FP,,8.48,-1.004,8.48,-0.022,0.315
2026-02-02 19:30,2026-02-03 03:30,Mon,19,FP,,3.83,-0.123,3.83,0.036,0.453
2026-02-02 20:40,2026-02-03 04:40,Mon,20,FP,,2.83,-0.196,2.83,-0.14,0.404
2026-02-02 21:41,2026-02-03 05:41,Mon,21,FP,,3.78,-0.159,3.78,0.034,-0.037
2026-02-03 02:10,2026-02-03 10:10,Tue,2,FP,,16.26,-0.096,16.26,-0.115,-0.241
2026-02-03 03:10,2026-02-03 11:10,Tue,3,FP,,9.54,-0.767,9.54,0.03,-0.708
2026-02-03 05:03,2026-02-03 13:03,Tue,5,FP,,6.44,-0.065,6.44,-0.003,-0.081
2026-02-03 08:58,2026-02-03 16:58,Tue,8,FP,,5.07,-0.082,5.07,-0.11,-0.589
2026-02-03 10:06,2026-02-03 18:06,Tue,10,FP,,5.84,-0.061,5.84,-0.06,0.691
2026-02-03 11:06,2026-02-03 19:06,Tue,11,FP,,3.75,-0.075,3.75,-0.1,0.323
2026-02-03 12:27,2026-02-03 20:27,Tue,12,FP,,8.79,-0.056,8.79,0.129,0.289
2026-02-03 14:07,2026-02-03 22:07,Tue,14,FP,,6.26,-0.079,6.26,-0.086,0.176
2026-02-03 15:30,2026-02-03 23:30,Tue,15,FP,,10.44,-0.066,10.44,-0.657,0.128
2026-02-03 17:11,2026-02-04 01:11,Tue,17,FP,,14.43,-0.221,14.43,-0.241,-0.191
2026-02-03 18:16,2026-02-04 02:16,Tue,18,FP,,3.67,-0.094,3.67,-0.328,-0.434
2026-02-03 19:16,2026-02-04 03:16,Tue,19,FP,,3.86,-0.618,3.86,-0.055,0.167
2026-02-03 21:34,2026-02-04 05:34,Tue,21,FP,,2.97,-0.074,2.97,0.088,-0.036
2026-02-03 23:07,2026-02-04 07:07,Tue,23,FP,,42.59,-0.711,42.59,-0.114,-0.168
2026-02-04 02:59,2026-02-04 10:59,Wed,2,FP,,5.4,-0.128,5.4,-0.026,-0.625
2026-02-04 06:05,2026-02-04 14:05,Wed,6,FP,,5.1,-0.104,5.1,0.079,-0.094
2026-02-04 07:05,2026-02-04 15:05,Wed,7,FP,,4.21,-0.114,4.21,0.071,-0.078
2026-02-04 08:26,2026-02-04 16:26,Wed,8,FP,,2.69,-0.096,2.69,-0.195,-0.024
2026-02-04 09:26,2026-02-04 17:26,Wed,9,FP,,4.77,-0.413,4.77,-0.101,-0.504
2026-02-04 10:26,2026-02-04 18:26,Wed,10,FP,,3.24,-0.267,3.24,0.153,0.752
2026-02-04 11:26,2026-02-04 19:26,Wed,11,FP,,5.28,-0.44,5.28,0.05,-0.448
2026-02-04 12:57,2026-02-04 20:57,Wed,12,FP,,3.86,-0.054,3.86,-0.115,0.182
2026-02-04 14:22,2026-02-04 22:22,Wed,14,FP,,4.72,-0.133,4.72,-0.084,-0.221
2026-02-04 15:22,2026-02-04 23:22,Wed,15,FP,,30.0,-1.699,30.0,-0.13,0.522
2026-02-04 16:22,2026-02-05 00:22,Wed,16,FP,,11.24,-1.058,11.24,-0.318,-0.63
2026-02-04 17:25,2026-02-05 01:25,Wed,17,FP,,12.18,-0.06,12.18,-0.3,0.649
2026-02-04 18:38,2026-02-05 02:38,Wed,18,FP,,9.19,-0.057,9.19,0.175,0.023
2026-02-04 20:10,2026-02-05 04:10,Wed,20,FP,,4.33,-0.06,4.33,0.504,-1.188
2026-02-05 00:14,2026-02-05 08:14,Thu,0,FP,,13.61,-0.228,13.61,-0.049,0.334
2026-02-05 01:14,2026-02-05 09:14,Thu,1,FP,,13.46,-0.604,13.46,0.21,-0.318
2026-02-05 02:14,2026-02-05 10:14,Thu,2,FP,,29.39,-1.073,29.39,-0.34,-0.871
2026-02-05 03:14,2026-02-05 11:14,Thu,3,FP,,11.84,-1.385,11.84,-0.05,0.22
2026-02-05 04:56,2026-02-05 12:56,Thu,4,FP,,8.5,-0.277,8.5,0.131,-0.102
2026-02-05 07:33,2026-02-05 15:33,Thu,7,FP,,5.94,-0.153,5.94,0.142,0.314
2026-02-05 08:48,2026-02-05 16:48,Thu,8,FP,,7.09,-0.062,7.09,0.018,0.211
2026-02-05 09:48,2026-02-05 17:48,Thu,9,FP,,7.89,-0.514,7.89,-0.152,0.117
2026-02-05 11:43,2026-02-05 19:43,Thu,11,FP,,9.11,-0.051,9.11,0.002,-0.093
2026-02-05 12:43,2026-02-05 20:43,Thu,12,FP,,11.2,-0.358,11.2,-0.661,-0.888
2026-02-05 13:43,2026-02-05 21:43,Thu,13,FP,,8.22,-0.476,8.22,0.051,-0.267
2026-02-05 15:06,2026-02-05 23:06,Thu,15,FP,,10.88,-0.371,10.88,-0.524,-0.158
2026-02-05 16:07,2026-02-06 00:07,Thu,16,FP,,7.75,-0.081,7.75,-0.345,-0.505
2026-02-05 17:43,2026-02-06 01:43,Thu,17,FP,,10.77,-0.171,10.77,0.262,0.688
2026-02-05 18:45,2026-02-06 02:45,Thu,18,FP,,3.71,-0.131,3.71,-0.469,-0.283
2026-02-05 19:45,2026-02-06 03:45,Thu,19,FP,,4.58,-0.652,4.58,-0.017,-0.488
2026-02-05 20:45,2026-02-06 04:45,Thu,20,FP,,5.2,-0.456,5.2,-0.268,0.143
2026-02-05 21:45,2026-02-06 05:45,Thu,21,FP,,4.4,-1.055,4.4,0.006,-0.171
2026-02-05 23:00,2026-02-06 07:00,Thu,23,FP,,32.6,-0.309,32.6,-0.337,0.029
2026-02-06 00:00,2026-02-06 08:00,Fri,0,FP,,6.95,-1.278,6.95,-0.321,-0.468
2026-02-06 01:29,2026-02-06 09:29,Fri,1,FP,,9.6,-0.276,9.6,-0.019,0.04
2026-02-06 03:28,2026-02-06 11:28,Fri,3,FP,,5.56,-0.164,5.56,-0.125,0.189
2026-02-06 04:53,2026-02-06 12:53,Fri,4,FP,,7.06,-0.172,7.06,-0.216,0.11
2026-02-06 06:33,2026-02-06 14:33,Fri,6,FP,,6.76,-0.063,6.76,0.17,0.454
2026-02-06 07:33,2026-02-06 15:33,Fri,7,FP,,8.29,-0.054,8.29,-0.016,0.172
2026-02-06 09:10,2026-02-06 17:10,Fri,9,FP,,4.69,-0.093,4.69,0.165,0.266
2026-02-06 10:23,2026-02-06 18:23,Fri,10,FP,,3.07,-0.09,3.07,0.107,-1.119
2026-02-06 12:21,2026-02-06 20:21,Fri,12,FP,,9.48,-0.111,9.48,-0.022,-0.601
2026-02-06 14:21,2026-02-06 22:21,Fri,14,FP,,4.41,-0.195,4.41,-0.037,-0.737
2026-02-06 15:58,2026-02-06 23:58,Fri,15,FP,,4.49,-0.164,4.49,0.069,0.724
2026-02-06 18:24,2026-02-07 02:24,Fri,18,FP,,15.47,-0.205,15.47,0.133,-0.257
2026-02-06 19:38,2026-02-07 03:38,Fri,19,FP,,5.34,-0.289,5.34,-0.004,-0.952
2026-02-06 20:39,2026-02-07 04:39,Fri,20,FP,,3.76,-0.179,3.76,0.115,-0.26
2026-02-09 00:32,2026-02-09 08:32,Mon,0,FP,,2.73,-0.094,2.73,0.06,-0.008
2026-02-09 01:32,2026-02-09 09:32,Mon,1,FP,,18.31,-0.651,18.31,-0.053,0.206
2026-02-09 02:41,2026-02-09 10:41,Mon,2,FP,,5.71,-0.113,5.71,0.039,-0.506
2026-02-09 04:14,2026-02-09 12:14,Mon,4,FP,,8.34,-0.168,8.34,0.01,-0.071
2026-02-09 06:22,2026-02-09 14:22,Mon,6,FP,,8.3,-0.102,8.3,-0.107,-0.151
2026-02-09 07:22,2026-02-09 15:22,Mon,7,FP,,15.88,-0.258,15.88,-0.056,-0.048
2026-02-09 09:26,2026-02-09 17:26,Mon,9,FP,,9.47,-0.171,9.47,-0.063,0.333
2026-02-09 10:26,2026-02-09 18:26,Mon,10,FP,,3.78,-0.44,3.78,-0.297,0.427
2026-02-09 12:56,2026-02-09 20:56,Mon,12,FP,,7.83,-0.134,7.83,0.064,-0.118
2026-02-09 13:56,2026-02-09 21:56,Mon,13,FP,,4.8,-0.053,4.8,-0.048,-0.777
2026-02-09 17:09,2026-02-10 01:09,Mon,17,FP,,4.75,-0.05,4.75,0.173,0.725
2026-02-09 18:13,2026-02-10 02:13,Mon,18,FP,,3.0,-0.118,3.0,-0.123,0.023
2026-02-09 20:36,2026-02-10 04:36,Mon,20,FP,,5.64,-0.063,5.64,-0.244,-0.101
2026-02-09 21:38,2026-02-10 05:38,Mon,21,FP,,3.02,-0.382,3.02,0.018,0.26
2026-02-09 23:04,2026-02-10 07:04,Mon,23,FP,,10.73,-0.059,10.73,0.044,0.082
2026-02-10 00:04,2026-02-10 08:04,Tue,0,FP,,8.95,-0.313,8.95,-0.116,-0.045
2026-02-10 01:04,2026-02-10 09:04,Tue,1,FP,,3.95,-0.331,3.95,-0.03,-0.045
2026-02-10 03:05,2026-02-10 11:05,Tue,3,FP,,5.89,-0.159,5.89,-0.075,-0.045
2026-02-10 04:05,2026-02-10 12:05,Tue,4,FP,,4.76,-0.243,4.76,0.065,-0.045
2026-02-10 05:19,2026-02-10 13:19,Tue,5,FP,,2.65,-0.074,2.65,0.026,-0.045
2026-02-12 00:00,2026-02-12 08:00,Thu,0,FP,,9.94,-0.732,9.94,-0.226,0.792
2026-02-12 01:02,2026-02-12 09:02,Thu,1,FP,,3.58,-0.147,3.58,0.071,-0.054
2026-02-12 02:38,2026-02-12 10:38,Thu,2,FP,,3.43,-0.056,3.43,-0.065,-0.046
2026-02-12 03:50,2026-02-12 11:50,Thu,3,FP,,2.85,-0.1,2.85,0.108,0.069
2026-02-12 06:06,2026-02-12 14:06,Thu,6,FP,,3.29,-0.199,3.29,-0.05,0.139
2026-02-12 07:13,2026-02-12 15:13,Thu,7,FP,,3.32,-0.084,3.32,-0.053,0.062
2026-02-12 08:30,2026-02-12 16:30,Thu,8,FP,,3.92,-0.111,3.92,-0.036,0.046
2026-02-12 10:08,2026-02-12 18:08,Thu,10,FP,,4.75,-0.091,4.75,0.019,-0.877
2026-02-12 11:14,2026-02-12 19:14,Thu,11,FP,,2.75,-0.098,2.75,0.046,-0.031
2026-02-12 12:42,2026-02-12 20:42,Thu,12,FP,,4.8,-0.119,4.8,0.091,-0.209
2026-02-12 14:16,2026-02-12 22:16,Thu,14,FP,,6.35,-0.153,6.35,0.082,-0.473
2026-02-12 16:08,2026-02-13 00:08,Thu,16,FP,,5.49,-0.079,5.49,-0.701,-0.875
2026-02-12 17:08,2026-02-13 01:08,Thu,17,FP,,11.91,-1.961,11.91,-0.469,-1.04
2026-02-12 18:08,2026-02-13 02:08,Thu,18,FP,,13.63,-0.614,13.63,-0.133,-0.231
2026-02-12 19:11,2026-02-13 03:11,Thu,19,FP,,7.2,-0.069,7.2,0.062,-0.128
2026-02-12 20:20,2026-02-13 04:20,Thu,20,FP,,5.54,-0.2,5.54,-0.208,0.359
2026-02-12 21:20,2026-02-13 05:20,Thu,21,FP,,3.88,-0.201,3.88,-0.282,0.059
2026-02-12 23:00,2026-02-13 07:00,Thu,23,FP,,11.91,-0.338,11.91,0.062,0.116
2026-02-13 02:43,2026-02-13 10:43,Fri,2,FP,,3.36,-0.062,3.36,0.028,-0.334
2026-02-13 03:54,2026-02-13 11:54,Fri,3,FP,,3.65,-0.077,3.65,-0.139,-0.175
2026-02-13 05:05,2026-02-13 13:05,Fri,5,FP,,4.06,-0.095,4.06,0.009,0.048
2026-02-13 06:05,2026-02-13 14:05,Fri,6,FP,,4.11,-0.569,4.11,-0.144,-0.183
2026-02-13 07:10,2026-02-13 15:10,Fri,7,FP,,6.93,-0.12,6.93,0.043,0.048
2026-02-13 09:11,2026-02-13 17:11,Fri,9,FP,,2.92,-0.112,2.92,-0.013,-0.032
2026-02-13 10:12,2026-02-13 18:12,Fri,10,FP,,3.6,-0.074,3.6,0.029,0.119
2026-02-13 11:12,2026-02-13 19:12,Fri,11,FP,,5.9,-0.54,5.9,-0.275,0.167
2026-02-13 13:19,2026-02-13 21:19,Fri,13,FP,,5.08,-0.102,5.08,-0.013,0.883
2026-02-13 14:39,2026-02-13 22:39,Fri,14,FP,,11.67,-0.085,11.67,-0.277,-0.723
2026-02-13 15:47,2026-02-13 23:47,Fri,15,FP,,7.38,-0.056,7.38,-0.162,0.0
2026-02-13 17:27,2026-02-14 01:27,Fri,17,FP,,4.12,-0.127,4.12,0.255,0.159
2026-02-13 19:59,2026-02-14 03:59,Fri,19,FP,,7.15,-0.15,7.15,-0.332,-0.492
2026-02-15 23:00,2026-02-16 07:00,Sun,23,FP,,27.23,-0.125,27.23,0.094,0.403
2026-02-16 00:00,2026-02-16 08:00,Mon,0,FP,,6.76,-0.369,6.76,0.024,-0.262
2026-02-16 01:00,2026-02-16 09:00,Mon,1,FP,,5.77,-0.114,5.77,0.029,-0.008
2026-02-16 02:25,2026-02-16 10:25,Mon,2,FP,,2.56,-0.158,2.56,0.021,-0.056
2026-02-16 03:27,2026-02-16 11:27,Mon,3,FP,,2.63,-0.507,2.63,-0.085,0.151
2026-02-16 04:29,2026-02-16 12:29,Mon,4,FP,,2.85,-0.37,2.85,0.055,-0.048
2026-02-16 10:15,2026-02-16 18:15,Mon,10,FP,,3.02,-0.09,3.02,-0.017,-0.176
2026-02-16 11:16,2026-02-16 19:16,Mon,11,FP,,3.67,-0.189,3.67,-0.037,0.463
2026-02-16 12:18,2026-02-16 20:18,Mon,12,FP,,3.54,-0.123,3.54,0.0,-0.032
2026-02-16 13:33,2026-02-16 21:33,Mon,13,FP,,2.5,-0.16,2.5,0.024,0.262
2026-02-16 14:37,2026-02-16 22:37,Mon,14,FP,,3.91,-0.151,3.91,-0.274,0.484
2026-02-16 15:37,2026-02-16 23:37,Mon,15,FP,,3.39,-0.207,3.39,-0.175,0.039
2026-02-16 18:30,2026-02-17 02:30,Mon,18,FP,,3.09,-0.065,3.09,-0.07,0.409
2026-02-16 23:17,2026-02-17 07:17,Mon,23,FP,,4.31,-0.059,4.31,0.133,-0.047
2026-02-17 00:17,2026-02-17 08:17,Tue,0,FP,,2.74,-0.146,2.74,0.029,0.031
2026-02-17 01:19,2026-02-17 09:19,Tue,1,FP,,4.47,-0.652,4.47,-0.009,-0.071
2026-02-17 03:13,2026-02-17 11:13,Tue,3,FP,,3.88,-0.097,3.88,-0.126,-0.181
2026-02-17 04:15,2026-02-17 12:15,Tue,4,FP,,3.99,-0.06,3.99,-0.019,-0.094
2026-02-17 05:15,2026-02-17 13:15,Tue,5,FP,,14.12,-0.714,14.12,-0.022,-0.071
2026-02-17 06:15,2026-02-17 14:15,Tue,6,FP,,5.75,-0.641,5.75,0.037,-0.134
2026-02-17 09:14,2026-02-17 17:14,Tue,9,FP,,3.19,-0.119,3.19,-0.176,-0.095
2026-02-17 10:50,2026-02-17 18:50,Tue,10,FP,,2.61,-0.081,2.61,-0.191,0.641
2026-02-17 13:03,2026-02-17 21:03,Tue,13,FP,,3.88,-0.081,3.88,-0.22,-0.407
2026-02-17 14:03,2026-02-17 22:03,Tue,14,FP,,7.44,-1.262,7.44,0.198,-1.525
2026-02-17 15:04,2026-02-17 23:04,Tue,15,FP,,6.33,-0.101,6.33,-0.288,-0.008
2026-02-17 16:57,2026-02-18 00:57,Tue,16,FP,,7.17,-0.162,7.17,0.709,0.743
2026-02-17 17:57,2026-02-18 01:57,Tue,17,FP,,5.46,-0.071,5.46,-0.285,-0.361
2026-02-17 19:29,2026-02-18 03:29,Tue,19,FP,,6.87,-0.071,6.87,0.234,-0.12
2026-02-17 20:31,2026-02-18 04:31,Tue,20,FP,,5.44,-0.093,5.44,-0.28,-0.112
2026-02-17 23:04,2026-02-18 07:04,Tue,23,FP,,3.04,-0.18,3.04,-0.03,-0.059
2026-02-18 00:04,2026-02-18 08:04,Wed,0,FP,,3.31,-0.139,3.31,-0.082,0.105
2026-02-18 06:01,2026-02-18 14:01,Wed,6,FP,,4.68,-0.117,4.68,-0.015,-0.24
2026-02-18 07:48,2026-02-18 15:48,Wed,7,FP,,3.16,-0.066,3.16,0.018,-0.136
2026-02-18 08:53,2026-02-18 16:53,Wed,8,FP,,3.08,-0.182,3.08,0.204,0.233
2026-02-18 10:30,2026-02-18 18:30,Wed,10,FP,,5.83,-0.117,5.83,0.029,0.048
2026-02-18 11:45,2026-02-18 19:45,Wed,11,FP,,3.35,-0.093,3.35,-0.124,0.995
2026-02-18 16:03,2026-02-19 00:03,Wed,16,FP,,2.68,-0.086,2.68,0.203,-0.062
2026-02-18 17:04,2026-02-19 01:04,Wed,17,FP,,2.62,-0.069,2.62,-0.062,0.561
2026-02-18 18:19,2026-02-19 02:19,Wed,18,FP,,3.74,-0.081,3.74,-0.018,0.363
2026-02-18 19:26,2026-02-19 03:26,Wed,19,FP,,5.97,-0.077,5.97,-0.161,0.323
2026-02-18 23:01,2026-02-19 07:01,Wed,23,FP,,6.0,-0.079,6.0,0.033,0.251
2026-02-19 00:01,2026-02-19 08:01,Thu,0,FP,,4.43,-0.103,4.43,-0.035,-0.169
2026-02-19 01:01,2026-02-19 09:01,Thu,1,FP,,4.11,-0.095,4.11,0.051,0.108
2026-02-19 02:57,2026-02-19 10:57,Thu,2,FP,,3.04,-0.104,3.04,0.036,0.215
2026-02-19 07:55,2026-02-19 15:55,Thu,7,FP,,3.92,-0.166,3.92,0.041,0.752
2026-02-19 09:24,2026-02-19 17:24,Thu,9,FP,,3.54,-0.063,3.54,-0.245,0.015
2026-02-19 10:26,2026-02-19 18:26,Thu,10,FP,,5.22,-0.409,5.22,-0.229,-0.213
2026-02-19 11:40,2026-02-19 19:40,Thu,11,FP,,2.94,-0.185,2.94,0.088,0.501
2026-02-19 12:49,2026-02-19 20:49,Thu,12,FP,,2.78,-0.077,2.78,0.109,-0.106
2026-02-19 14:07,2026-02-19 22:07,Thu,14,FP,,3.96,-0.069,3.96,-0.112,0.272
2026-02-19 16:24,2026-02-20 00:24,Thu,16,FP,,5.11,-0.129,5.11,0.034,0.249
2026-02-19 17:28,2026-02-20 01:28,Thu,17,FP,,2.68,-0.058,2.68,-0.058,0.332
2026-02-19 18:28,2026-02-20 02:28,Thu,18,FP,,3.04,-0.305,3.04,-0.215,-0.286
2026-02-19 21:50,2026-02-20 05:50,Thu,21,FP,,2.78,-0.099,2.78,0.096,-0.057
2026-02-19 23:56,2026-02-20 07:56,Thu,23,FP,,3.52,-0.077,3.52,0.051,-0.318
2026-02-20 01:55,2026-02-20 09:55,Fri,1,FP,,2.55,-0.059,2.55,0.029,0.218
2026-02-20 02:56,2026-02-20 10:56,Fri,2,FP,,3.6,-0.111,3.6,-0.034,-0.06
2026-02-20 03:59,2026-02-20 11:59,Fri,3,FP,,4.16,-0.163,4.16,-0.022,0.09
2026-02-20 07:20,2026-02-20 15:20,Fri,7,FP,,3.95,-0.062,3.95,-0.029,-0.449
2026-02-20 10:02,2026-02-20 18:02,Fri,10,FP,,3.76,-0.101,3.76,-0.083,-0.513
2026-02-20 11:35,2026-02-20 19:35,Fri,11,FP,,2.71,-0.084,2.71,-0.145,0.023
2026-02-20 12:41,2026-02-20 20:41,Fri,12,FP,,3.05,-0.117,3.05,-0.171,-0.377
2026-02-20 15:02,2026-02-20 23:02,Fri,15,FP,,24.85,-0.064,24.85,0.634,0.113
2026-02-20 18:08,2026-02-21 02:08,Fri,18,FP,,5.12,-0.069,5.12,-0.037,0.52
2026-02-23 00:11,2026-02-23 08:11,Mon,0,FP,,7.52,-0.059,7.52,-0.29,0.068
2026-02-23 01:30,2026-02-23 09:30,Mon,1,FP,,3.89,-0.071,3.89,-0.107,-0.106
2026-02-23 03:12,2026-02-23 11:12,Mon,3,FP,,7.47,-0.14,7.47,0.063,-0.167
2026-02-23 04:25,2026-02-23 12:25,Mon,4,FP,,3.26,-0.101,3.26,0.003,-0.35
2026-02-23 05:30,2026-02-23 13:30,Mon,5,FP,,3.25,-0.146,3.25,-0.019,0.152
2026-02-23 06:42,2026-02-23 14:42,Mon,6,FP,,3.36,-0.06,3.36,0.063,-0.076
2026-02-23 07:43,2026-02-23 15:43,Mon,7,FP,,2.89,-0.295,2.89,0.12,-0.228
2026-02-23 08:45,2026-02-23 16:45,Mon,8,FP,,2.86,-0.13,2.86,-0.026,0.183
2026-02-23 11:19,2026-02-23 19:19,Mon,11,FP,,3.26,-0.068,3.26,0.007,-0.121
2026-02-23 12:28,2026-02-23 20:28,Mon,12,FP,,3.19,-0.121,3.19,-0.21,0.703
2026-02-23 13:40,2026-02-23 21:40,Mon,13,TP,2026-02-23 14:00 UP↑(B) gap=+20min,2.53,-0.185,2.53,0.131,0.0
2026-02-23 15:56,2026-02-23 23:56,Mon,15,FP,,5.47,-0.141,5.47,-0.585,-0.254
2026-02-23 17:18,2026-02-24 01:18,Mon,17,FP,,2.72,-0.122,2.72,0.147,-0.985
2026-02-23 18:24,2026-02-24 02:24,Mon,18,FP,,3.42,-0.061,3.42,0.281,-0.002
2026-02-23 21:54,2026-02-24 05:54,Mon,21,FP,,2.93,-0.103,2.93,0.262,-0.306
2026-02-24 00:01,2026-02-24 08:01,Tue,0,FP,,15.25,-0.289,15.25,0.013,-0.015
2026-02-24 01:01,2026-02-24 09:01,Tue,1,FP,,9.04,-0.126,9.04,-0.041,-0.008
2026-02-24 02:01,2026-02-24 10:01,Tue,2,FP,,4.62,-0.634,4.62,0.08,0.241
2026-02-24 03:39,2026-02-24 11:39,Tue,3,FP,,4.01,-0.067,4.01,0.004,0.375
2026-02-24 04:41,2026-02-24 12:41,Tue,4,FP,,2.59,-0.249,2.59,-0.019,-0.075
2026-02-24 06:34,2026-02-24 14:34,Tue,6,FP,,4.47,-0.115,4.47,-0.051,-0.135
2026-02-24 08:17,2026-02-24 16:17,Tue,8,FP,,5.21,-0.147,5.21,-0.197,-0.584
2026-02-24 09:24,2026-02-24 17:24,Tue,9,FP,,2.7,-0.058,2.7,0.018,0.106
2026-02-24 10:33,2026-02-24 18:33,Tue,10,FP,,2.96,-0.113,2.96,0.049,-0.083
2026-02-24 12:05,2026-02-24 20:05,Tue,12,FP,,3.13,-0.093,3.13,0.005,0.272
2026-02-24 13:05,2026-02-24 21:05,Tue,13,FP,,3.04,-0.344,3.04,-0.252,0.422
2026-02-24 14:05,2026-02-24 22:05,Tue,14,FP,,3.53,-0.693,3.53,0.11,0.105
2026-02-24 16:34,2026-02-25 00:34,Tue,16,FP,,3.53,-0.069,3.53,-0.127,0.441
2026-02-24 18:35,2026-02-25 02:35,Tue,18,FP,,2.85,-0.06,2.85,-0.01,-0.197
2026-02-24 19:43,2026-02-25 03:43,Tue,19,FP,,3.21,-0.126,3.21,-0.097,-0.076
2026-02-24 21:30,2026-02-25 05:30,Tue,21,FP,,4.21,-0.228,4.21,0.086,-0.057
2026-02-24 23:03,2026-02-25 07:03,Tue,23,FP,,5.73,-0.137,5.73,-0.036,-0.011
2026-02-25 00:45,2026-02-25 08:45,Wed,0,FP,,4.64,-0.1,4.64,0.05,0.296
2026-02-25 02:35,2026-02-25 10:35,Wed,2,FP,,2.89,-0.055,2.89,0.054,0.447
2026-02-25 03:40,2026-02-25 11:40,Wed,3,FP,,4.47,-0.142,4.47,-0.158,-0.121
2026-02-25 06:08,2026-02-25 14:08,Wed,6,FP,,6.8,-0.08,6.8,-0.055,-0.174
2026-02-25 07:20,2026-02-25 15:20,Wed,7,FP,,2.55,-0.113,2.55,-0.023,0.349
2026-02-25 09:02,2026-02-25 17:02,Wed,9,FP,,3.5,-0.072,3.5,0.045,0.084
2026-02-25 10:16,2026-02-25 18:16,Wed,10,FP,,3.78,-0.089,3.78,0.0,0.015
2026-02-25 11:16,2026-02-25 19:16,Wed,11,FP,,9.77,-0.436,9.77,0.011,-0.212
2026-02-25 14:15,2026-02-25 22:15,Wed,14,FP,,3.6,-0.083,3.6,0.054,-0.506
2026-02-25 15:27,2026-02-25 23:27,Wed,15,FP,,6.51,-0.064,6.51,0.12,-0.463
2026-02-25 17:45,2026-02-26 01:45,Wed,17,FP,,4.63,-0.075,4.63,0.057,0.153
2026-02-25 18:49,2026-02-26 02:49,Wed,18,FP,,3.23,-0.116,3.23,0.036,0.183
2026-02-25 20:02,2026-02-26 04:02,Wed,20,FP,,3.1,-0.051,3.1,0.064,0.198
2026-02-25 21:02,2026-02-26 05:02,Wed,21,FP,,9.04,-0.832,9.04,-0.032,-0.355
2026-02-26 00:01,2026-02-26 08:01,Thu,0,FP,,5.57,-0.212,5.57,-0.277,-0.053
2026-02-26 01:28,2026-02-26 09:28,Thu,1,FP,,5.47,-0.068,5.47,-0.11,-0.205
2026-02-26 02:35,2026-02-26 10:35,Thu,2,FP,,4.36,-0.232,4.36,0.016,-0.411
2026-02-26 06:20,2026-02-26 14:20,Thu,6,FP,,3.36,-0.073,3.36,0.046,-0.16
2026-02-26 07:23,2026-02-26 15:23,Thu,7,FP,,5.02,-0.2,5.02,0.033,0.183
2026-02-26 08:26,2026-02-26 16:26,Thu,8,FP,,5.5,-0.102,5.5,0.065,0.061
2026-02-26 10:30,2026-02-26 18:30,Thu,10,FP,,2.96,-0.058,2.96,-0.04,-0.885
2026-02-26 11:51,2026-02-26 19:51,Thu,11,FP,,4.92,-0.066,4.92,0.048,0.0
2026-02-26 13:30,2026-02-26 21:30,Thu,13,FP,,9.33,-0.201,9.33,0.029,0.047
2026-02-26 14:30,2026-02-26 22:30,Thu,14,FP,,28.83,-0.465,28.83,-0.203,-0.062
2026-02-26 15:31,2026-02-26 23:31,Thu,15,FP,,5.51,-0.148,5.51,-1.041,2.387
2026-02-26 16:50,2026-02-27 00:50,Thu,16,FP,,3.01,-0.06,3.01,-0.055,0.166
2026-02-26 17:50,2026-02-27 01:50,Thu,17,FP,,2.91,-0.196,2.91,-0.254,0.4
2026-02-26 21:25,2026-02-27 05:25,Thu,21,FP,,3.02,-0.113,3.02,0.02,0.125
2026-02-26 23:02,2026-02-27 07:02,Thu,23,FP,,7.2,-0.085,7.2,-0.33,-0.148
2026-02-27 00:35,2026-02-27 08:35,Fri,0,FP,,3.08,-0.111,3.08,-0.036,-0.046
2026-02-27 02:36,2026-02-27 10:36,Fri,2,FP,,5.55,-0.103,5.55,0.023,-0.046
2026-02-27 04:54,2026-02-27 12:54,Fri,4,FP,,2.56,-0.123,2.56,0.029,0.023
2026-02-27 06:54,2026-02-27 14:54,Fri,6,FP,,2.78,-0.117,2.78,-0.046,0.374
2026-02-27 07:54,2026-02-27 15:54,Fri,7,FP,,3.18,-0.176,3.18,0.097,-0.053
2026-02-27 09:03,2026-02-27 17:03,Fri,9,FP,,3.45,-0.05,3.45,-0.04,0.03
2026-02-27 10:04,2026-02-27 18:04,Fri,10,FP,,3.12,-0.114,3.12,-0.214,0.935
2026-02-27 11:26,2026-02-27 19:26,Fri,11,FP,,3.48,-0.085,3.48,-0.084,0.392
2026-02-27 14:25,2026-02-27 22:25,Fri,14,FP,,3.11,-0.122,3.11,-0.163,-0.252
2026-02-27 15:25,2026-02-27 23:25,Fri,15,FP,,5.99,-0.209,5.99,0.14,-0.527
2026-02-27 16:53,2026-02-28 00:53,Fri,16,FP,,3.07,-0.112,3.07,0.138,-0.605
2026-02-27 18:25,2026-02-28 02:25,Fri,18,FP,,4.4,-0.111,4.4,-0.124,0.24
2026-03-02 00:31,2026-03-02 08:31,Mon,0,FP,,5.88,-0.075,5.88,-0.15,-1.493
2026-03-02 01:31,2026-03-02 09:31,Mon,1,FP,,5.44,-0.883,5.44,0.559,-1.997
2026-03-02 04:36,2026-03-02 12:36,Mon,4,FP,,5.88,-0.106,5.88,0.059,0.078
2026-03-02 08:15,2026-03-02 16:15,Mon,8,FP,,6.0,-0.072,6.0,-0.141,0.337
2026-03-02 09:16,2026-03-02 17:16,Mon,9,FP,,3.56,-0.178,3.56,0.404,-1.467
2026-03-02 10:17,2026-03-02 18:17,Mon,10,FP,,2.97,-0.084,2.97,0.017,0.222
2026-03-02 11:44,2026-03-02 19:44,Mon,11,FP,,4.2,-0.21,4.2,-0.044,-0.167
2026-03-02 13:11,2026-03-02 21:11,Mon,13,FP,,5.11,-0.072,5.11,0.075,-0.677
2026-03-02 14:11,2026-03-02 22:11,Mon,14,FP,,7.73,-0.287,7.73,-0.076,0.341
2026-03-02 15:11,2026-03-02 23:11,Mon,15,FP,,4.81,-0.748,4.81,0.95,-1.123
2026-03-02 16:11,2026-03-03 00:11,Mon,16,FP,,12.73,-0.753,12.73,0.076,-0.659
2026-03-02 17:28,2026-03-03 01:28,Mon,17,FP,,4.85,-0.05,4.85,0.523,-1.22
2026-03-02 18:28,2026-03-03 02:28,Mon,18,FP,,5.65,-0.133,5.65,0.015,0.703
2026-03-02 21:10,2026-03-03 05:10,Mon,21,FP,,4.74,-0.15,4.74,-0.009,-1.083
2026-03-03 01:56,2026-03-03 09:56,Tue,1,FP,,9.97,-0.149,9.97,-0.179,0.476
2026-03-03 03:52,2026-03-03 11:52,Tue,3,FP,,4.18,-0.089,4.18,-0.052,0.194
2026-03-03 04:59,2026-03-03 12:59,Tue,4,FP,,4.37,-0.117,4.37,-0.165,0.338
2026-03-03 05:59,2026-03-03 13:59,Tue,5,FP,,5.24,-0.785,5.24,-0.094,0.22
2026-03-03 06:59,2026-03-03 14:59,Tue,6,FP,,2.92,-0.159,2.92,-0.047,0.288
2026-03-03 08:30,2026-03-03 16:30,Tue,8,FP,,3.39,-0.078,3.39,-0.389,0.902
2026-03-03 09:30,2026-03-03 17:30,Tue,9,FP,,12.7,-1.073,12.7,-0.102,1.32
2026-03-03 10:36,2026-03-03 18:36,Tue,10,FP,,3.57,-0.056,3.57,-0.422,1.759
2026-03-03 11:36,2026-03-03 19:36,Tue,11,FP,,21.11,-2.694,21.11,0.299,-0.537
2026-03-03 13:07,2026-03-03 21:07,Tue,13,FP,,19.73,-0.29,19.73,0.1,-1.835
2026-03-03 14:15,2026-03-03 22:15,Tue,14,FP,,14.2,-0.213,14.2,-0.341,2.331
2026-03-03 15:15,2026-03-03 23:15,Tue,15,FP,,13.99,-2.412,13.99,-0.258,-1.11
2026-03-03 17:03,2026-03-04 01:03,Tue,17,FP,,13.09,-0.374,13.09,0.667,-1.563
2026-03-03 18:18,2026-03-04 02:18,Tue,18,FP,,5.74,-0.137,5.74,0.172,-1.626
2026-03-03 19:28,2026-03-04 03:28,Tue,19,FP,,3.01,-0.105,3.01,0.066,-1.029
2026-03-03 20:40,2026-03-04 04:40,Tue,20,FP,,6.45,-0.15,6.45,-0.076,1.234
2026-03-03 21:40,2026-03-04 05:40,Tue,21,FP,,3.39,-0.321,3.39,-0.123,1.208
2026-03-04 00:15,2026-03-04 08:15,Wed,0,FP,,4.34,-0.158,4.34,-0.016,0.428
2026-03-04 02:49,2026-03-04 10:49,Wed,2,FP,,6.66,-0.17,6.66,0.012,0.468
2026-03-04 04:40,2026-03-04 12:40,Wed,4,FP,,3.67,-0.056,3.67,0.015,0.386
2026-03-04 05:45,2026-03-04 13:45,Wed,5,FP,,5.13,-0.149,5.13,-0.015,0.483
2026-03-04 06:45,2026-03-04 14:45,Wed,6,FP,,4.96,-0.1,4.96,-0.004,0.778
2026-03-04 08:03,2026-03-04 16:03,Wed,8,FP,,5.5,-0.064,5.5,0.231,-0.561
2026-03-04 11:14,2026-03-04 19:14,Wed,11,FP,,3.82,-0.053,3.82,0.021,0.027
2026-03-04 12:16,2026-03-04 20:16,Wed,12,FP,,8.92,-0.143,8.92,-0.27,-0.866
2026-03-04 13:59,2026-03-04 21:59,Wed,13,FP,,8.32,-0.065,8.32,0.295,-0.992
2026-03-04 14:59,2026-03-04 22:59,Wed,14,FP,,5.66,-0.421,5.66,-0.175,0.589
2026-03-04 16:01,2026-03-05 00:01,Wed,16,FP,,3.83,-0.096,3.83,0.579,0.547
2026-03-04 17:01,2026-03-05 01:01,Wed,17,FP,,2.63,-0.215,2.63,-0.041,-0.45
2026-03-04 18:01,2026-03-05 02:01,Wed,18,FP,,3.29,-0.129,3.29,0.051,1.193
2026-03-04 19:03,2026-03-05 03:03,Wed,19,FP,,6.76,-0.134,6.76,0.084,-0.833
2026-03-04 20:09,2026-03-05 04:09,Wed,20,FP,,2.67,-0.05,2.67,-0.031,0.289
2026-03-04 21:32,2026-03-05 05:32,Wed,21,FP,,3.35,-0.111,3.35,-0.063,0.913
2026-03-05 01:21,2026-03-05 09:21,Thu,1,FP,,3.24,-0.054,3.24,-0.301,1.334
2026-03-05 03:57,2026-03-05 11:57,Thu,3,FP,,3.38,-0.208,3.38,-0.136,-0.356
2026-03-05 04:57,2026-03-05 12:57,Thu,4,FP,,2.79,-0.176,2.79,0.168,0.26
2026-03-05 05:57,2026-03-05 13:57,Thu,5,FP,,2.87,-0.265,2.87,-0.162,0.841
2026-03-05 07:57,2026-03-05 15:57,Thu,7,FP,,3.45,-0.078,3.45,-0.104,0.554
2026-03-05 09:39,2026-03-05 17:39,Thu,9,FP,,11.16,-0.074,11.16,0.265,-1.174
2026-03-05 10:41,2026-03-05 18:41,Thu,10,FP,,2.81,-0.156,2.81,0.029,0.308
2026-03-05 11:58,2026-03-05 19:58,Thu,11,FP,,2.82,-0.073,2.82,-0.033,0.857
2026-03-05 13:00,2026-03-05 21:00,Thu,13,FP,,10.51,-0.165,10.51,-0.058,0.305
2026-03-05 14:00,2026-03-05 22:00,Thu,14,FP,,7.73,-0.751,7.73,-0.219,-0.123
2026-03-05 15:00,2026-03-05 23:00,Thu,15,FP,,6.82,-0.236,6.82,0.447,1.051
2026-03-05 16:00,2026-03-06 00:00,Thu,16,FP,,3.04,-0.053,3.04,-0.491,0.719
2026-03-05 17:00,2026-03-06 01:00,Thu,17,FP,,3.35,-0.513,3.35,-0.154,0.86
2026-03-05 18:00,2026-03-06 02:00,Thu,18,FP,,5.0,-0.319,5.0,-0.656,0.512
2026-03-05 19:16,2026-03-06 03:16,Thu,19,FP,,6.3,-0.154,6.3,-0.128,1.939
2026-03-05 21:13,2026-03-06 05:13,Thu,21,FP,,3.34,-0.066,3.34,0.287,-1.59
2026-03-06 00:15,2026-03-06 08:15,Fri,0,FP,,6.98,-0.095,6.98,0.214,0.316
2026-03-06 01:16,2026-03-06 09:16,Fri,1,FP,,4.26,-0.114,4.26,-0.059,-0.831
2026-03-06 02:51,2026-03-06 10:51,Fri,2,FP,,3.34,-0.181,3.34,0.028,0.302
2026-03-06 04:34,2026-03-06 12:34,Fri,4,FP,,2.85,-0.06,2.85,0.132,0.125
2026-03-06 05:34,2026-03-06 13:34,Fri,5,FP,,4.1,-0.093,4.1,0.025,0.025
2026-03-06 06:37,2026-03-06 14:37,Fri,6,FP,,3.19,-0.095,3.19,-0.118,0.907
2026-03-06 07:40,2026-03-06 15:40,Fri,7,FP,,3.04,-0.097,3.04,0.052,-0.223
2026-03-06 08:41,2026-03-06 16:41,Fri,8,FP,,2.65,-0.112,2.65,-0.151,1.368
2026-03-06 09:41,2026-03-06 17:41,Fri,9,FP,,3.13,-0.216,3.13,-0.483,3.061
2026-03-06 10:41,2026-03-06 18:41,Fri,10,FP,,2.75,-0.147,2.75,0.187,0.101
2026-03-06 11:51,2026-03-06 19:51,Fri,11,FP,,2.89,-0.075,2.89,-0.237,1.807
2026-03-06 13:01,2026-03-06 21:01,Fri,13,FP,,11.13,-0.155,11.13,-0.037,-0.483
2026-03-06 14:30,2026-03-06 22:30,Fri,14,FP,,12.65,-0.289,12.65,-0.352,2.207
2026-03-06 16:02,2026-03-07 00:02,Fri,16,FP,,3.16,-0.26,3.16,0.372,1.298
2026-03-06 17:02,2026-03-07 01:02,Fri,17,FP,,5.56,-0.193,5.56,-0.104,1.394
2026-03-06 19:44,2026-03-07 03:44,Fri,19,FP,,3.16,-0.141,3.16,0.007,-0.406
2026-03-06 20:53,2026-03-07 04:53,Fri,20,FP,,4.09,-0.17,4.09,-0.373,-1.181
2026-03-08 22:04,2026-03-09 06:04,Sun,22,FP,,19.79,-0.132,19.79,-1.406,13.354
2026-03-08 23:04,2026-03-09 07:04,Sun,23,FP,,9.21,-0.93,9.21,-0.053,1.822
2026-03-09 00:04,2026-03-09 08:04,Mon,0,FP,,6.25,-1.001,6.25,-0.144,1.72
2026-03-09 01:04,2026-03-09 09:04,Mon,1,FP,,12.37,-0.631,12.37,-0.244,1.37
2026-03-09 02:20,2026-03-09 10:20,Mon,2,FP,,6.25,-0.077,6.25,-0.305,7.386
2026-03-09 03:38,2026-03-09 11:38,Mon,3,FP,,7.64,-0.064,7.64,0.185,-1.792
2026-03-09 04:46,2026-03-09 12:46,Mon,4,FP,,2.89,-0.073,2.89,0.149,0.47
2026-03-09 06:43,2026-03-09 14:43,Mon,6,FP,,11.8,-0.182,11.8,0.036,-1.684
2026-03-09 07:44,2026-03-09 15:44,Mon,7,FP,,2.76,-0.111,2.76,0.071,-2.36
2026-03-09 08:44,2026-03-09 16:44,Mon,8,FP,,3.66,-0.214,3.66,0.059,0.794
2026-03-09 10:16,2026-03-09 18:16,Mon,10,FP,,2.58,-0.148,2.58,0.135,-1.74
2026-03-09 11:17,2026-03-09 19:17,Mon,11,FP,,3.03,-0.347,3.03,-0.158,1.064
2026-03-09 13:06,2026-03-09 21:06,Mon,13,FP,,4.03,-0.051,4.03,-0.089,0.015
2026-03-09 14:06,2026-03-09 22:06,Mon,14,FP,,9.67,-0.344,9.67,-0.33,1.923
2026-03-09 15:42,2026-03-09 23:42,Mon,15,FP,,2.75,-0.096,2.75,0.305,-4.137
2026-03-09 17:07,2026-03-10 01:07,Mon,17,FP,,3.12,-0.105,3.12,0.063,-1.389
2026-03-09 18:09,2026-03-10 02:09,Mon,18,FP,,2.61,-0.186,2.61,-0.248,-2.098
2026-03-09 20:55,2026-03-10 04:55,Mon,20,FP,,2.67,-0.059,2.67,-0.05,-2.279
2026-03-09 22:02,2026-03-10 06:02,Mon,22,FP,,9.04,-0.142,9.04,-0.077,2.074
2026-03-09 23:45,2026-03-10 07:45,Mon,23,FP,,4.75,-0.051,4.75,-0.184,2.112
2026-03-10 00:45,2026-03-10 08:45,Tue,0,FP,,3.77,-0.094,3.77,0.276,-4.553
2026-03-10 02:55,2026-03-10 10:55,Tue,2,FP,,3.04,-0.069,3.04,-0.228,3.551
2026-03-10 04:01,2026-03-10 12:01,Tue,4,FP,,2.76,-0.264,2.76,-0.189,1.529
2026-03-10 07:01,2026-03-10 15:01,Tue,7,FP,,3.28,-0.056,3.28,0.032,0.772
2026-03-10 09:30,2026-03-10 17:30,Tue,9,FP,,2.75,-0.072,2.75,-0.06,0.474
2026-03-10 10:30,2026-03-10 18:30,Tue,10,FP,,3.62,-0.201,3.62,-0.115,0.95
2026-03-10 11:58,2026-03-10 19:58,Tue,11,FP,,2.64,-0.069,2.64,-0.305,0.558
2026-03-10 14:07,2026-03-10 22:07,Tue,14,FP,,12.69,-0.183,12.69,-0.211,-0.649
2026-03-10 16:49,2026-03-11 00:49,Tue,16,FP,,3.36,-0.092,3.36,-0.051,-0.496
2026-03-10 18:00,2026-03-11 02:00,Tue,18,FP,,4.06,-0.081,4.06,0.084,-2.402
2026-03-10 19:00,2026-03-11 03:00,Tue,19,FP,,7.93,-0.758,7.93,-0.524,4.644
2026-03-10 20:21,2026-03-11 04:21,Tue,20,FP,,4.18,-0.132,4.18,0.021,-0.172
2026-03-10 22:01,2026-03-11 06:01,Tue,22,FP,,4.52,-0.073,4.52,-0.112,0.849
2026-03-10 23:25,2026-03-11 07:25,Tue,23,FP,,2.52,-0.06,2.52,-0.015,-1.585
2026-03-11 01:50,2026-03-11 09:50,Wed,1,FP,,4.51,-0.067,4.51,0.147,-0.072
2026-03-11 03:48,2026-03-11 11:48,Wed,3,FP,,3.07,-0.173,3.07,0.07,-1.597
2026-03-11 05:21,2026-03-11 13:21,Wed,5,FP,,3.63,-0.098,3.63,-0.148,0.543
2026-03-11 06:40,2026-03-11 14:40,Wed,6,FP,,3.03,-0.086,3.03,-0.014,-0.405
2026-03-11 07:40,2026-03-11 15:40,Wed,7,FP,,5.1,-0.197,5.1,-0.319,2.183
2026-03-11 08:43,2026-03-11 16:43,Wed,8,FP,,3.51,-0.131,3.51,0.033,-0.316
2026-03-11 10:32,2026-03-11 18:32,Wed,10,FP,,3.27,-0.104,3.27,0.253,-1.836
2026-03-11 11:32,2026-03-11 19:32,Wed,11,FP,,2.8,-0.055,2.8,-0.022,-0.56
2026-03-11 12:34,2026-03-11 20:34,Wed,12,FP,,7.51,-0.071,7.51,-0.214,0.851
2026-03-11 13:34,2026-03-11 21:34,Wed,13,FP,,5.45,-0.109,5.45,0.301,-2.502
2026-03-11 15:01,2026-03-11 23:01,Wed,15,FP,,5.4,-0.079,5.4,-0.219,3.529
2026-03-11 16:02,2026-03-12 00:02,Wed,16,FP,,3.35,-0.215,3.35,-0.458,0.722
2026-03-11 17:33,2026-03-12 01:33,Wed,17,FP,,2.59,-0.078,2.59,0.123,-0.799
2026-03-11 22:06,2026-03-12 06:06,Wed,22,FP,,3.13,-0.053,3.13,-0.267,1.463
2026-03-11 23:06,2026-03-12 07:06,Wed,23,FP,,2.71,-0.527,2.71,-0.259,1.969
2026-03-12 00:06,2026-03-12 08:06,Thu,0,FP,,4.27,-0.276,4.27,-0.322,2.554
2026-03-12 02:41,2026-03-12 10:41,Thu,2,FP,,3.53,-0.11,3.53,-0.38,2.321
2026-03-12 04:39,2026-03-12 12:39,Thu,4,FP,,3.3,-0.065,3.3,0.087,-0.137
2026-03-12 09:01,2026-03-12 17:01,Thu,9,FP,,2.87,-0.152,2.87,-0.053,2.23
2026-03-12 10:30,2026-03-12 18:30,Thu,10,FP,,3.23,-0.054,3.23,0.178,-1.517
2026-03-12 11:32,2026-03-12 19:32,Thu,11,FP,,2.55,-0.06,2.55,-0.005,0.489
2026-03-12 12:33,2026-03-12 20:33,Thu,12,FP,,3.15,-0.095,3.15,-0.291,1.679
2026-03-12 13:33,2026-03-12 21:33,Thu,13,FP,,6.13,-0.166,6.13,-0.184,0.936
2026-03-12 14:33,2026-03-12 22:33,Thu,14,FP,,6.76,-0.385,6.76,-0.439,1.775
2026-03-12 15:33,2026-03-12 23:33,Thu,15,FP,,3.53,-0.341,3.53,0.043,1.283
2026-03-12 16:52,2026-03-13 00:52,Thu,16,FP,,3.14,-0.099,3.14,-0.12,-0.248
2026-03-12 17:53,2026-03-13 01:53,Thu,17,FP,,2.62,-0.374,2.62,0.022,0.158
2026-03-12 18:53,2026-03-13 02:53,Thu,18,FP,,4.05,-0.131,4.05,-0.065,1.454
2026-03-12 19:53,2026-03-13 03:53,Thu,19,FP,,3.83,-0.131,3.83,-0.198,0.125
2026-03-12 20:56,2026-03-13 04:56,Thu,20,FP,,3.44,-0.25,3.44,-0.024,0.059
2026-03-12 22:00,2026-03-13 06:00,Thu,22,FP,,8.91,-0.096,8.91,0.124,0.787
2026-03-13 02:56,2026-03-13 10:56,Fri,2,FP,,3.84,-0.082,3.84,-0.058,0.266
2026-03-13 04:22,2026-03-13 12:22,Fri,4,FP,,2.72,-0.103,2.72,-0.045,-0.542
2026-03-13 05:43,2026-03-13 13:43,Fri,5,FP,,5.1,-0.059,5.1,-0.008,-0.157
2026-03-13 06:43,2026-03-13 14:43,Fri,6,FP,,5.13,-0.256,5.13,-0.217,0.394
2026-03-13 07:47,2026-03-13 15:47,Fri,7,FP,,5.27,-0.111,5.27,-0.229,0.95
2026-03-13 10:05,2026-03-13 18:05,Fri,10,FP,,2.9,-0.108,2.9,0.097,-0.283
2026-03-13 11:10,2026-03-13 19:10,Fri,11,FP,,3.03,-0.055,3.03,0.128,-0.87
2026-03-13 13:25,2026-03-13 21:25,Fri,13,FP,,5.95,-0.1,5.95,0.124,-0.644
2026-03-13 14:25,2026-03-13 22:25,Fri,14,FP,,3.96,-0.391,3.96,-0.127,1.124
2026-03-13 15:26,2026-03-13 23:26,Fri,15,FP,,2.89,-0.6,2.89,-0.573,1.269
2026-03-13 16:26,2026-03-14 00:26,Fri,16,FP,,5.82,-0.464,5.82,-0.163,1.378
2026-03-13 17:51,2026-03-14 01:51,Fri,17,FP,,3.28,-0.082,3.28,-0.319,1.343
2026-03-13 19:05,2026-03-14 03:05,Fri,19,FP,,2.7,-0.11,2.7,0.053,-0.632
2026-03-13 20:06,2026-03-14 04:06,Fri,20,FP,,3.85,-0.586,3.85,-0.235,1.229
2026-03-15 22:00,2026-03-16 06:00,Sun,22,FP,,18.63,-0.144,18.63,-0.111,1.862
2026-03-15 23:03,2026-03-16 07:03,Sun,23,FP,,2.87,-0.091,2.87,0.258,-0.354
2026-03-16 01:04,2026-03-16 09:04,Mon,1,FP,,7.0,-0.1,7.0,0.048,-0.973
2026-03-16 02:05,2026-03-16 10:05,Mon,2,FP,,3.13,-0.055,3.13,0.044,0.603
2026-03-16 03:07,2026-03-16 11:07,Mon,3,FP,,2.8,-0.227,2.8,-0.083,0.799
2026-03-16 05:15,2026-03-16 13:15,Mon,5,FP,,3.67,-0.318,3.67,-0.097,0.136
2026-03-16 06:48,2026-03-16 14:48,Mon,6,FP,,6.11,-0.107,6.11,-0.001,0.329
2026-03-16 07:48,2026-03-16 15:48,Mon,7,FP,,3.15,-0.293,3.15,-0.108,1.683
2026-03-16 08:48,2026-03-16 16:48,Mon,8,FP,,3.18,-0.107,3.18,-0.079,-0.798
2026-03-16 09:49,2026-03-16 17:49,Mon,9,FP,,3.37,-0.255,3.37,0.015,-1.432
2026-03-16 12:00,2026-03-16 20:00,Mon,12,FP,,2.86,-0.085,2.86,0.099,-0.026
2026-03-16 13:28,2026-03-16 21:28,Mon,13,FP,,3.24,-0.08,3.24,-0.001,-2.113
2026-03-16 14:28,2026-03-16 22:28,Mon,14,FP,,2.91,-0.08,2.91,0.366,-0.559
2026-03-16 15:28,2026-03-16 23:28,Mon,15,FP,,8.02,-0.563,8.02,-0.088,1.146
2026-03-16 16:30,2026-03-17 00:30,Mon,16,FP,,2.83,-0.33,2.83,-0.457,0.935
2026-03-16 17:50,2026-03-17 01:50,Mon,17,FP,,2.77,-0.15,2.77,-0.097,-1.037
2026-03-16 19:47,2026-03-17 03:47,Mon,19,FP,,2.81,-0.118,2.81,-0.246,-0.325
2026-03-16 20:53,2026-03-17 04:53,Mon,20,FP,,3.26,-0.191,3.26,0.073,1.195
2026-03-16 22:21,2026-03-17 06:21,Mon,22,FP,,3.6,-0.061,3.6,-0.157,0.024
2026-03-17 00:25,2026-03-17 08:25,Tue,0,FP,,2.91,-0.131,2.91,0.119,0.221
2026-03-17 03:00,2026-03-17 11:00,Tue,3,FP,,2.82,-0.066,2.82,0.119,-0.13
2026-03-17 04:26,2026-03-17 12:26,Tue,4,FP,,2.88,-0.074,2.88,0.119,-0.042
2026-03-17 05:44,2026-03-17 13:44,Tue,5,FP,,3.7,-0.152,3.7,0.119,1.0
2026-03-18 01:00,2026-03-18 09:00,Wed,1,FP,,5.48,-0.06,5.48,0.239,-1.109
2026-03-18 02:04,2026-03-18 10:04,Wed,2,FP,,4.02,-0.198,4.02,0.043,0.266
2026-03-18 03:04,2026-03-18 11:04,Wed,3,FP,,5.41,-0.178,5.41,0.073,-0.795
2026-03-18 04:34,2026-03-18 12:34,Wed,4,FP,,2.75,-0.151,2.75,0.064,-1.075
2026-03-18 07:44,2026-03-18 15:44,Wed,7,FP,,3.78,-0.185,3.78,-0.026,0.799
2026-03-18 08:44,2026-03-18 16:44,Wed,8,FP,,3.62,-0.35,3.62,-0.059,0.968
2026-03-18 10:28,2026-03-18 18:28,Wed,10,FP,,2.96,-0.131,2.96,0.037,0.154
2026-03-18 11:28,2026-03-18 19:28,Wed,11,FP,,4.78,-0.74,4.78,-0.259,1.004
2026-03-18 12:28,2026-03-18 20:28,Wed,12,FP,,3.74,-0.956,3.74,-0.284,0.384
2026-03-18 13:28,2026-03-18 21:28,Wed,13,FP,,5.46,-0.841,5.46,-0.397,1.629
2026-03-18 14:35,2026-03-18 22:35,Wed,14,FP,,5.73,-0.081,5.73,-0.4,0.733
2026-03-18 15:46,2026-03-18 23:46,Wed,15,FP,,5.54,-0.099,5.54,0.086,-0.194
2026-03-18 18:03,2026-03-19 02:03,Wed,18,FP,,10.45,-0.094,10.45,0.115,-2.641
2026-03-18 19:03,2026-03-19 03:03,Wed,19,FP,,3.7,-0.7,3.7,-0.427,2.078
2026-03-18 20:03,2026-03-19 04:03,Wed,20,FP,,3.96,-0.058,3.96,-0.415,1.292
2026-03-18 22:15,2026-03-19 06:15,Wed,22,FP,,8.22,-0.094,8.22,-0.013,-0.594
2026-03-19 01:04,2026-03-19 09:04,Thu,1,FP,,6.33,-0.064,6.33,-0.083,-0.157
2026-03-19 02:38,2026-03-19 10:38,Thu,2,FP,,2.77,-0.053,2.77,0.227,-1.466
2026-03-19 03:52,2026-03-19 11:52,Thu,3,FP,,2.59,-0.068,2.59,-0.042,0.01
2026-03-19 05:11,2026-03-19 13:11,Thu,5,FP,,2.77,-0.06,2.77,-0.042,-0.124
2026-03-19 06:11,2026-03-19 14:11,Thu,6,FP,,2.86,-0.286,2.86,-0.02,-0.156
2026-03-19 07:11,2026-03-19 15:11,Thu,7,FP,,3.56,-1.124,3.56,-0.159,0.577
2026-03-19 08:11,2026-03-19 16:11,Thu,8,FP,,9.47,-1.329,9.47,0.044,-0.424
2026-03-19 09:11,2026-03-19 17:11,Thu,9,FP,,8.91,-0.356,8.91,-0.073,0.228
2026-03-19 10:16,2026-03-19 18:16,Thu,10,FP,,3.89,-0.091,3.89,0.088,-0.716
2026-03-19 11:16,2026-03-19 19:16,Thu,11,FP,,7.25,-0.385,7.25,-0.032,1.061
2026-03-19 12:16,2026-03-19 20:16,Thu,12,FP,,12.56,-1.196,12.56,-0.23,-0.491
2026-03-19 13:16,2026-03-19 21:16,Thu,13,FP,,20.02,-1.674,20.02,-0.374,-0.676
2026-03-19 14:57,2026-03-19 22:57,Thu,14,FP,,10.15,-0.138,10.15,0.008,0.206
2026-03-19 15:57,2026-03-19 23:57,Thu,15,FP,,12.1,-0.192,12.1,-0.072,2.047
2026-03-19 16:58,2026-03-20 00:58,Thu,16,FP,,4.69,-0.23,4.69,-0.102,-1.074
2026-03-19 18:24,2026-03-20 02:24,Thu,18,FP,,4.14,-0.067,4.14,0.096,-0.766
2026-03-19 20:14,2026-03-20 04:14,Thu,20,FP,,3.99,-0.066,3.99,-0.155,1.104
2026-03-19 22:44,2026-03-20 06:44,Thu,22,FP,,4.52,-0.063,4.52,0.147,-0.52
2026-03-19 23:44,2026-03-20 07:44,Thu,23,FP,,2.56,-0.238,2.56,-0.074,-0.186
2026-03-20 01:14,2026-03-20 09:14,Fri,1,FP,,9.51,-0.223,9.51,-0.039,-0.785
2026-03-20 02:45,2026-03-20 10:45,Fri,2,FP,,2.68,-0.255,2.68,-0.111,0.826
2026-03-20 04:17,2026-03-20 12:17,Fri,4,FP,,2.55,-0.218,2.55,-0.056,0.005
2026-03-20 05:30,2026-03-20 13:30,Fri,5,FP,,9.28,-0.263,9.28,-0.016,0.24
2026-03-20 06:30,2026-03-20 14:30,Fri,6,TP,2026-03-20 07:10 UP↑(A) gap=+40min,6.15,-0.589,6.15,-0.12,-0.016
2026-03-20 08:45,2026-03-20 16:45,Fri,8,FP,,15.15,-0.1,15.15,-0.113,1.701
2026-03-20 09:45,2026-03-20 17:45,Fri,9,FP,,3.22,-0.415,3.22,-0.318,0.073
2026-03-20 10:45,2026-03-20 18:45,Fri,10,FP,,4.91,-0.377,4.91,-0.235,0.341
2026-03-20 12:40,2026-03-20 20:40,Fri,12,FP,,4.58,-0.195,4.58,-0.009,0.238
2026-03-20 13:40,2026-03-20 21:40,Fri,13,FP,,8.73,-0.16,8.73,-0.097,0.221
2026-03-20 14:40,2026-03-20 22:40,Fri,14,FP,,6.65,-1.711,6.65,-0.345,1.41
2026-03-20 15:40,2026-03-20 23:40,Fri,15,FP,,5.48,-0.366,5.48,-0.084,0.239
2026-03-20 17:05,2026-03-21 01:05,Fri,17,FP,,16.92,-0.093,16.92,-0.254,1.618
2026-03-20 18:06,2026-03-21 02:06,Fri,18,FP,,5.64,-0.344,5.64,-0.264,-0.572
2026-03-20 19:06,2026-03-21 03:06,Fri,19,FP,,12.71,-1.856,12.71,-0.462,1.326
2026-03-20 20:08,2026-03-21 04:08,Fri,20,FP,,2.72,-0.113,2.72,0.175,-0.708
2026-03-22 22:01,2026-03-23 06:01,Sun,22,FP,,12.35,-0.297,12.35,-0.889,2.153
2026-03-22 23:07,2026-03-23 07:07,Sun,23,FP,,8.65,-0.279,8.65,0.336,-1.028
2026-03-23 00:07,2026-03-23 08:07,Mon,0,FP,,12.43,-1.029,12.43,-0.166,0.69
2026-03-23 01:07,2026-03-23 09:07,Mon,1,FP,,8.37,-1.212,8.37,-0.092,-0.325
2026-03-23 02:11,2026-03-23 10:11,Mon,2,FP,,4.16,-0.168,4.16,0.234,0.372
2026-03-23 03:11,2026-03-23 11:11,Mon,3,FP,,4.73,-1.215,4.73,-0.2,0.452
2026-03-23 05:21,2026-03-23 13:21,Mon,5,FP,,4.48,-0.105,4.48,0.071,-0.328
2026-03-23 06:21,2026-03-23 14:21,Mon,6,FP,,5.2,-1.948,5.2,-0.199,1.41
2026-03-23 07:21,2026-03-23 15:21,Mon,7,FP,,13.48,-4.087,13.48,-0.286,0.658
2026-03-23 09:41,2026-03-23 17:41,Mon,9,FP,,13.42,-0.196,13.42,-0.189,-0.256
2026-03-23 12:06,2026-03-23 20:06,Mon,12,FP,,14.68,-0.632,14.68,-0.504,-0.143
2026-03-23 13:44,2026-03-23 21:44,Mon,13,FP,,17.71,-0.429,17.71,-0.49,0.097
2026-03-23 15:00,2026-03-23 23:00,Mon,15,FP,,9.45,-0.109,9.45,0.197,-0.371
2026-03-23 16:00,2026-03-24 00:00,Mon,16,FP,,9.96,-2.118,9.96,-0.784,1.991
2026-03-23 19:13,2026-03-24 03:13,Mon,19,FP,,18.45,-0.389,18.45,0.064,0.171
2026-03-23 20:13,2026-03-24 04:13,Mon,20,FP,,3.64,-0.128,3.64,-0.427,1.166
2026-03-23 22:04,2026-03-24 06:04,Mon,22,FP,,28.53,-0.61,28.53,-0.07,0.146
2026-03-24 00:07,2026-03-24 08:07,Tue,0,FP,,6.01,-0.089,6.01,-0.209,0.449
2026-03-24 01:07,2026-03-24 09:07,Tue,1,FP,,11.31,-1.793,11.31,-0.496,2.056
2026-03-24 02:07,2026-03-24 10:07,Tue,2,FP,,5.06,-0.53,5.06,-0.038,0.279
2026-03-24 03:32,2026-03-24 11:32,Tue,3,FP,,6.44,-0.273,6.44,-0.099,0.148
2026-03-24 04:33,2026-03-24 12:33,Tue,4,FP,,3.54,-0.148,3.54,0.017,0.24
2026-03-24 05:33,2026-03-24 13:33,Tue,5,FP,,4.97,-0.388,4.97,-0.153,0.37
2026-03-24 08:00,2026-03-24 16:00,Tue,8,FP,,15.04,-0.062,15.04,0.303,-1.438
2026-03-24 09:06,2026-03-24 17:06,Tue,9,FP,,4.81,-0.216,4.81,-0.46,1.258
2026-03-24 11:01,2026-03-24 19:01,Tue,11,FP,,68.82,-0.725,68.82,-0.018,-0.044
2026-03-24 12:04,2026-03-24 20:04,Tue,12,FP,,6.47,-0.065,6.47,-0.135,0.747
2026-03-24 13:04,2026-03-24 21:04,Tue,13,FP,,6.55,-0.546,6.55,-0.308,0.555
2026-03-24 15:10,2026-03-24 23:10,Tue,15,FP,,10.0,-0.053,10.0,0.234,-0.12
2026-03-24 16:36,2026-03-25 00:36,Tue,16,FP,,3.98,-0.18,3.98,-0.194,1.094
2026-03-24 17:36,2026-03-25 01:36,Tue,17,FP,,7.08,-0.654,7.08,-0.277,0.346
2026-03-24 18:58,2026-03-25 02:58,Tue,18,FP,,7.16,-0.062,7.16,0.078,0.3
2026-03-24 22:28,2026-03-25 06:28,Tue,22,FP,,7.55,-0.064,7.55,0.538,0.75
2026-03-25 02:49,2026-03-25 10:49,Wed,2,FP,,5.36,-0.135,5.36,-0.204,1.232
2026-03-25 03:49,2026-03-25 11:49,Wed,3,FP,,2.73,-0.464,2.73,0.02,0.581
2026-03-25 05:15,2026-03-25 13:15,Wed,5,FP,,2.64,-0.101,2.64,0.076,0.076
2026-03-25 06:15,2026-03-25 14:15,Wed,6,FP,,7.25,-0.619,7.25,-0.19,0.528
2026-03-25 07:35,2026-03-25 15:35,Wed,7,FP,,7.36,-0.056,7.36,0.111,-0.543
2026-03-25 09:20,2026-03-25 17:20,Wed,9,FP,,2.69,-0.057,2.69,-0.218,0.344
2026-03-25 10:22,2026-03-25 18:22,Wed,10,FP,,2.68,-0.151,2.68,-0.092,-0.063
2026-03-25 12:19,2026-03-25 20:19,Wed,12,FP,,3.79,-0.11,3.79,-0.116,1.785
2026-03-25 13:19,2026-03-25 21:19,Wed,13,FP,,3.05,-0.056,3.05,0.094,-1.094
2026-03-25 14:19,2026-03-25 22:19,Wed,14,FP,,5.27,-0.068,5.27,-0.192,1.432
2026-03-25 15:19,2026-03-25 23:19,Wed,15,FP,,5.97,-0.235,5.97,-0.382,1.444
2026-03-25 16:21,2026-03-26 00:21,Wed,16,FP,,5.74,-0.124,5.74,0.07,0.384
2026-03-25 17:24,2026-03-26 01:24,Wed,17,FP,,3.28,-0.092,3.28,0.083,0.965
2026-03-25 18:26,2026-03-26 02:26,Wed,18,FP,,3.88,-0.086,3.88,-0.052,-0.299
2026-03-25 19:26,2026-03-26 03:26,Wed,19,FP,,4.82,-0.905,4.82,-0.178,0.732
2026-03-25 20:38,2026-03-26 04:38,Wed,20,FP,,8.25,-0.13,8.25,0.102,0.531
2026-03-25 23:02,2026-03-26 07:02,Wed,23,FP,,9.7,-0.174,9.7,-0.053,-0.234
2026-03-26 00:11,2026-03-26 08:11,Thu,0,FP,,5.17,-0.052,5.17,0.014,0.517
2026-03-26 01:16,2026-03-26 09:16,Thu,1,FP,,2.88,-0.052,2.88,-0.133,0.455
2026-03-26 02:22,2026-03-26 10:22,Thu,2,FP,,3.18,-0.112,3.18,-0.019,0.0
2026-03-26 03:22,2026-03-26 11:22,Thu,3,FP,,3.2,-0.539,3.2,-0.055,0.377
2026-03-26 05:09,2026-03-26 13:09,Thu,5,FP,,3.97,-0.121,3.97,-0.219,0.447
2026-03-26 06:09,2026-03-26 14:09,Thu,6,FP,,2.9,-1.63,2.9,-0.146,0.282
2026-03-26 07:55,2026-03-26 15:55,Thu,7,FP,,5.4,-0.057,5.4,-0.07,0.987
2026-03-26 08:55,2026-03-26 16:55,Thu,8,FP,,3.36,-0.328,3.36,-0.201,0.494
2026-03-26 09:55,2026-03-26 17:55,Thu,9,FP,,4.61,-0.268,4.61,-0.16,-0.267
2026-03-26 11:28,2026-03-26 19:28,Thu,11,FP,,4.16,-0.072,4.16,-0.171,0.678
2026-03-26 12:29,2026-03-26 20:29,Thu,12,FP,,6.26,-0.148,6.26,-0.003,0.497
2026-03-26 13:39,2026-03-26 21:39,Thu,13,FP,,10.36,-0.231,10.36,-0.014,-0.339
2026-03-26 14:54,2026-03-26 22:54,Thu,14,FP,,9.16,-0.158,9.16,-0.462,1.092
2026-03-26 15:54,2026-03-26 23:54,Thu,15,FP,,2.67,-0.082,2.67,0.068,0.452
2026-03-26 16:54,2026-03-27 00:54,Thu,16,FP,,4.4,-1.273,4.4,-0.36,0.254
2026-03-26 17:55,2026-03-27 01:55,Thu,17,FP,,4.32,-0.182,4.32,-0.373,0.904
2026-03-26 19:39,2026-03-27 03:39,Thu,19,FP,,4.2,-0.139,4.2,-0.242,-0.058
2026-03-26 23:09,2026-03-27 07:09,Thu,23,FP,,4.61,-0.075,4.61,0.085,0.166
2026-03-27 00:19,2026-03-27 08:19,Fri,0,FP,,4.87,-0.087,4.87,-0.002,-0.129
2026-03-27 03:04,2026-03-27 11:04,Fri,3,FP,,4.06,-0.105,4.06,-0.097,0.712
2026-03-27 06:38,2026-03-27 14:38,Fri,6,FP,,5.0,-0.187,5.0,-0.064,0.395
2026-03-27 07:42,2026-03-27 15:42,Fri,7,FP,,3.77,-0.449,3.77,-0.248,1.49
2026-03-27 08:44,2026-03-27 16:44,Fri,8,FP,,3.18,-0.301,3.18,-0.28,0.545
2026-03-27 09:45,2026-03-27 17:45,Fri,9,FP,,2.6,-0.182,2.6,-0.117,0.146
2026-03-27 10:45,2026-03-27 18:45,Fri,10,FP,,4.91,-0.43,4.91,-0.281,0.651
2026-03-27 13:27,2026-03-27 21:27,Fri,13,FP,,6.14,-0.169,6.14,-0.067,-0.288
2026-03-27 16:18,2026-03-28 00:18,Fri,16,FP,,6.92,-0.192,6.92,-0.024,0.506
2026-03-27 17:18,2026-03-28 01:18,Fri,17,FP,,3.95,-0.616,3.95,-0.207,0.346
2026-03-27 19:36,2026-03-28 03:36,Fri,19,FP,,3.79,-0.085,3.79,-0.138,1.148
2026-03-27 20:37,2026-03-28 04:37,Fri,20,FP,,3.89,-0.198,3.89,-0.213,0.699
2026-03-29 22:00,2026-03-30 06:00,Sun,22,FP,,27.71,-0.153,27.71,-0.377,1.009
2026-03-29 23:02,2026-03-30 07:02,Sun,23,FP,,6.39,-0.214,6.39,0.076,0.53
2026-03-30 00:02,2026-03-30 08:02,Mon,0,FP,,4.84,-1.19,4.84,-0.372,0.892
2026-03-30 01:24,2026-03-30 09:24,Mon,1,FP,,3.7,-0.173,3.7,-0.194,1.222
2026-03-30 02:34,2026-03-30 10:34,Mon,2,FP,,5.53,-0.079,5.53,0.055,-0.156
2026-03-30 04:06,2026-03-30 12:06,Mon,4,FP,,3.92,-0.161,3.92,0.13,0.133
2026-03-30 07:04,2026-03-30 15:04,Mon,7,FP,,4.98,-0.05,4.98,0.074,1.658
2026-03-30 09:08,2026-03-30 17:08,Mon,9,FP,,7.06,-0.078,7.06,0.128,-0.586
2026-03-30 10:21,2026-03-30 18:21,Mon,10,FP,,3.5,-0.064,3.5,-0.008,0.187
2026-03-30 12:47,2026-03-30 20:47,Mon,12,FP,,3.38,-0.06,3.38,0.186,-0.592
2026-03-30 13:47,2026-03-30 21:47,Mon,13,FP,,4.14,-0.537,4.14,-0.494,1.747
2026-03-30 14:47,2026-03-30 22:47,Mon,14,FP,,11.21,-0.151,11.21,-0.003,-0.958
2026-03-30 16:34,2026-03-31 00:34,Mon,16,FP,,2.81,-0.055,2.81,-0.325,0.768
2026-03-30 17:34,2026-03-31 01:34,Mon,17,FP,,3.51,-0.49,3.51,-0.415,0.665
2026-03-30 18:37,2026-03-31 02:37,Mon,18,FP,,4.4,-0.064,4.4,-0.027,-0.372
2026-03-30 19:37,2026-03-31 03:37,Mon,19,FP,,3.69,-0.091,3.69,-0.422,0.888
2026-03-30 20:38,2026-03-31 04:38,Mon,20,FP,,3.06,-0.064,3.06,0.168,1.224
2026-03-30 22:11,2026-03-31 06:11,Mon,22,FP,,7.36,-0.059,7.36,0.128,-0.045
2026-03-30 23:11,2026-03-31 07:11,Mon,23,FP,,2.79,-0.198,2.79,-0.204,1.003
2026-03-31 00:18,2026-03-31 08:18,Tue,0,FP,,3.41,-0.076,3.41,-0.193,0.333
2026-03-31 02:26,2026-03-31 10:26,Tue,2,FP,,3.97,-0.085,3.97,0.114,-1.12
2026-03-31 03:26,2026-03-31 11:26,Tue,3,FP,,6.07,-0.384,6.07,0.055,-0.073
2026-03-31 05:10,2026-03-31 13:10,Tue,5,FP,,6.86,-0.109,6.86,-0.269,0.126
2026-03-31 06:18,2026-03-31 14:18,Tue,6,FP,,3.84,-0.054,3.84,0.08,-0.416
2026-03-31 07:18,2026-03-31 15:18,Tue,7,FP,,4.46,-0.148,4.46,-0.141,0.433
2026-03-31 09:25,2026-03-31 17:25,Tue,9,FP,,4.65,-0.126,4.65,0.05,-0.879
2026-03-31 10:34,2026-03-31 18:34,Tue,10,FP,,2.58,-0.051,2.58,-0.114,2.0
2026-03-31 12:26,2026-03-31 20:26,Tue,12,FP,,4.84,-0.149,4.84,-0.054,-0.353
2026-03-31 13:29,2026-03-31 21:29,Tue,13,FP,,3.17,-0.134,3.17,-0.042,1.119
2026-03-31 14:55,2026-03-31 22:55,Tue,14,FP,,8.58,-0.1,8.58,-0.636,1.761
2026-03-31 16:10,2026-04-01 00:10,Tue,16,FP,,7.42,-0.082,7.42,0.104,0.134
2026-03-31 19:09,2026-04-01 03:09,Tue,19,FP,,4.2,-0.054,4.2,0.097,0.748
2026-03-31 20:22,2026-04-01 04:22,Tue,20,FP,,3.8,-0.097,3.8,0.097,-0.248
2026-03-31 22:10,2026-04-01 06:10,Tue,22,FP,,7.89,-0.115,7.89,-0.088,0.776
2026-03-31 23:24,2026-04-01 07:24,Tue,23,FP,,2.76,-0.085,2.76,-0.008,-0.654
2026-04-01 01:05,2026-04-01 09:05,Wed,1,FP,,7.47,-0.081,7.47,-0.102,0.446
2026-04-01 02:07,2026-04-01 10:07,Wed,2,FP,,4.01,-0.116,4.01,-0.006,0.183
2026-04-01 03:08,2026-04-01 11:08,Wed,3,FP,,2.88,-0.142,2.88,-0.026,0.204
2026-04-01 04:09,2026-04-01 12:09,Wed,4,FP,,3.78,-0.262,3.78,-0.0,-0.034
2026-04-01 07:48,2026-04-01 15:48,Wed,7,FP,,8.74,-0.066,8.74,-0.114,-0.528
2026-04-01 09:15,2026-04-01 17:15,Wed,9,FP,,2.72,-0.095,2.72,-0.035,0.901
2026-04-01 12:18,2026-04-01 20:18,Wed,12,FP,,3.43,-0.113,3.43,0.023,-1.324
2026-04-01 13:31,2026-04-01 21:31,Wed,13,FP,,6.82,-0.171,6.82,-0.105,0.699
2026-04-01 16:50,2026-04-02 00:50,Wed,16,FP,,2.68,-0.092,2.68,0.094,0.07
2026-04-01 17:52,2026-04-02 01:52,Wed,17,FP,,2.67,-0.056,2.67,-0.03,-1.484
2026-04-01 18:53,2026-04-02 02:53,Wed,18,FP,,4.32,-0.501,4.32,-0.466,1.256
2026-04-01 20:29,2026-04-02 04:29,Wed,20,FP,,4.15,-0.071,4.15,-0.093,-0.389
2026-04-01 22:08,2026-04-02 06:08,Wed,22,FP,,13.16,-0.147,13.16,-0.053,-0.052
2026-04-02 00:21,2026-04-02 08:21,Thu,0,FP,,3.89,-0.09,3.89,-0.104,-0.395
2026-04-02 01:21,2026-04-02 09:21,Thu,1,FP,,17.5,-1.531,17.5,-0.543,4.092
2026-04-02 02:21,2026-04-02 10:21,Thu,2,FP,,4.54,-0.591,4.54,-0.397,1.793
2026-04-02 03:55,2026-04-02 11:55,Thu,3,FP,,3.02,-0.166,3.02,-0.184,0.537
2026-04-02 04:56,2026-04-02 12:56,Thu,4,FP,,4.98,-0.136,4.98,-0.059,0.394
2026-04-02 05:56,2026-04-02 13:56,Thu,5,FP,,9.13,-1.538,9.13,-0.142,0.693
2026-04-02 06:56,2026-04-02 14:56,Thu,6,FP,,7.59,-0.117,7.59,0.099,0.44
2026-04-02 08:44,2026-04-02 16:44,Thu,8,FP,,9.36,-0.147,9.36,0.077,0.757
2026-04-02 09:45,2026-04-02 17:45,Thu,9,FP,,3.75,-0.231,3.75,-0.123,0.715
2026-04-02 10:55,2026-04-02 18:55,Thu,10,FP,,4.5,-0.051,4.5,-0.081,0.851
2026-04-02 11:55,2026-04-02 19:55,Thu,11,FP,,2.67,-0.5,2.67,-0.292,1.389
2026-04-02 13:00,2026-04-02 21:00,Thu,13,FP,,21.87,-0.284,21.87,0.221,2.654
2026-04-02 15:22,2026-04-02 23:22,Thu,15,FP,,9.01,-0.11,9.01,0.502,-0.708
2026-04-02 16:22,2026-04-03 00:22,Thu,16,FP,,5.46,-0.11,5.46,-0.164,1.53
2026-04-02 17:30,2026-04-03 01:30,Thu,17,FP,,5.23,-0.143,5.23,0.305,-0.563
2026-04-02 20:12,2026-04-03 04:12,Thu,20,FP,,2.61,-0.058,2.61,0.097,0.723
2026-04-05 22:00,2026-04-06 06:00,Sun,22,FP,,24.02,-0.905,24.02,-0.656,1.443
2026-04-05 23:01,2026-04-06 07:01,Sun,23,FP,,9.01,-0.268,9.01,0.04,0.31
2026-04-06 00:01,2026-04-06 08:01,Mon,0,FP,,7.56,-0.657,7.56,0.207,0.123
2026-04-06 02:03,2026-04-06 10:03,Mon,2,FP,,4.35,-0.067,4.35,-0.008,-0.009
2026-04-06 03:11,2026-04-06 11:11,Mon,3,TP,2026-04-06 03:40 UP↑(B) gap=+29min,2.8,-0.135,2.8,-0.153,0.091
2026-04-06 05:57,2026-04-06 13:57,Mon,5,FP,,4.09,-0.053,4.09,-0.062,0.155
2026-04-06 07:11,2026-04-06 15:11,Mon,7,FP,,3.73,-0.149,3.73,-0.128,0.13
2026-04-06 10:03,2026-04-06 18:03,Mon,10,FP,,3.66,-0.11,3.66,-0.185,1.603
2026-04-06 11:04,2026-04-06 19:04,Mon,11,FP,,2.68,-0.094,2.68,-0.152,-0.892
2026-04-06 12:05,2026-04-06 20:05,Mon,12,FP,,3.97,-0.211,3.97,-0.018,0.373
2026-04-06 13:05,2026-04-06 21:05,Mon,13,FP,,9.28,-0.329,9.28,-0.064,0.403
2026-04-06 14:10,2026-04-06 22:10,Mon,14,FP,,12.17,-0.115,12.17,0.007,1.437
2026-04-06 15:14,2026-04-06 23:14,Mon,15,FP,,4.3,-0.221,4.3,-0.096,-0.088
2026-04-06 16:54,2026-04-07 00:54,Mon,16,FP,,4.07,-0.06,4.07,0.02,-0.056
2026-04-06 17:55,2026-04-07 01:55,Mon,17,FP,,2.72,-0.163,2.72,-0.18,1.344
2026-04-06 18:55,2026-04-07 02:55,Mon,18,FP,,2.68,-0.084,2.68,0.234,-1.357
2026-04-06 20:00,2026-04-07 04:00,Mon,20,FP,,2.89,-0.078,2.89,0.074,0.051
2026-04-06 23:07,2026-04-07 07:07,Mon,23,FP,,3.18,-0.122,3.18,-0.18,0.504
2026-04-07 00:08,2026-04-07 08:08,Tue,0,FP,,3.77,-0.096,3.77,-0.079,0.245
2026-04-07 01:09,2026-04-07 09:09,Tue,1,FP,,20.87,-0.202,20.87,-0.089,-0.354
2026-04-07 02:09,2026-04-07 10:09,Tue,2,FP,,5.14,-0.278,5.14,-0.336,1.844
2026-04-07 05:24,2026-04-07 13:24,Tue,5,FP,,3.99,-0.051,3.99,0.04,-0.576
2026-04-07 06:24,2026-04-07 14:24,Tue,6,FP,,3.48,-0.101,3.48,-0.012,-0.16
2026-04-07 07:30,2026-04-07 15:30,Tue,7,FP,,3.2,-0.056,3.2,-0.046,-0.035
2026-04-07 09:36,2026-04-07 17:36,Tue,9,FP,,4.04,-0.106,4.04,0.165,-0.667
2026-04-07 10:37,2026-04-07 18:37,Tue,10,FP,,3.56,-0.19,3.56,-0.323,1.863
2026-04-07 11:37,2026-04-07 19:37,Tue,11,FP,,7.38,-0.303,7.38,-0.359,0.635
2026-04-07 12:44,2026-04-07 20:44,Tue,12,FP,,4.42,-0.134,4.42,0.006,0.646
2026-04-07 13:45,2026-04-07 21:45,Tue,13,FP,,5.52,-0.29,5.52,-0.141,0.555
2026-04-07 14:50,2026-04-07 22:50,Tue,14,FP,,5.31,-0.073,5.31,-0.106,0.216
2026-04-07 17:29,2026-04-08 01:29,Tue,17,FP,,3.76,-0.057,3.76,-0.03,0.499
2026-04-07 18:49,2026-04-08 02:49,Tue,18,FP,,4.14,-0.078,4.14,-0.278,0.351
2026-04-07 20:46,2026-04-08 04:46,Tue,20,FP,,2.63,-0.059,2.63,0.235,-0.478
2026-04-08 00:45,2026-04-08 08:45,Wed,0,FP,,4.74,-0.086,4.74,-0.054,2.017
2026-04-08 01:45,2026-04-08 09:45,Wed,1,FP,,4.76,-0.15,4.76,0.175,-0.185
2026-04-08 02:50,2026-04-08 10:50,Wed,2,FP,,3.76,-0.14,3.76,0.071,-0.681
2026-04-08 03:59,2026-04-08 11:59,Wed,3,FP,,2.55,-0.135,2.55,-0.035,-0.062
2026-04-08 06:51,2026-04-08 14:51,Wed,6,FP,,2.57,-0.159,2.57,-0.035,-0.956
2026-04-08 07:51,2026-04-08 15:51,Wed,7,FP,,4.34,-0.254,4.34,-0.193,1.089
2026-04-08 08:51,2026-04-08 16:51,Wed,8,FP,,6.46,-0.451,6.46,0.136,-0.675
2026-04-08 09:51,2026-04-08 17:51,Wed,9,FP,,3.57,-0.255,3.57,0.074,-0.095
2026-04-08 11:02,2026-04-08 19:02,Wed,11,FP,,5.04,-0.078,5.04,-0.0,0.609
2026-04-08 12:21,2026-04-08 20:21,Wed,12,FP,,13.33,-0.131,13.33,-0.166,-0.616
2026-04-08 13:30,2026-04-08 21:30,Wed,13,FP,,8.7,-0.058,8.7,-0.086,-0.613
2026-04-08 14:30,2026-04-08 22:30,Wed,14,FP,,6.35,-0.472,6.35,-0.325,1.412
2026-04-08 15:30,2026-04-08 23:30,Wed,15,FP,,4.61,-0.204,4.61,-0.12,1.759
2026-04-08 16:30,2026-04-09 00:30,Wed,16,FP,,3.05,-0.085,3.05,0.254,-1.133
2026-04-08 17:33,2026-04-09 01:33,Wed,17,FP,,5.08,-0.186,5.08,-0.046,1.219
2026-04-08 18:35,2026-04-09 02:35,Wed,18,FP,,2.93,-0.419,2.93,-0.034,-1.23
2026-04-08 19:35,2026-04-09 03:35,Wed,19,FP,,2.88,-0.086,2.88,-0.043,1.819
2026-04-08 20:48,2026-04-09 04:48,Wed,20,FP,,2.58,-0.075,2.58,0.102,0.287
2026-04-08 22:12,2026-04-09 06:12,Wed,22,FP,,7.32,-0.097,7.32,-0.029,0.216
2026-04-08 23:13,2026-04-09 07:13,Wed,23,FP,,4.38,-0.115,4.38,0.018,-0.013
2026-04-09 00:13,2026-04-09 08:13,Thu,0,FP,,3.43,-0.185,3.43,-0.131,0.53
2026-04-09 01:25,2026-04-09 09:25,Thu,1,FP,,5.08,-0.062,5.08,-0.105,1.458
2026-04-09 02:56,2026-04-09 10:56,Thu,2,FP,,5.3,-0.084,5.3,0.009,0.155
2026-04-09 04:03,2026-04-09 12:03,Thu,4,FP,,2.98,-0.142,2.98,-0.001,0.194
2026-04-09 05:10,2026-04-09 13:10,Thu,5,FP,,4.35,-0.207,4.35,-0.083,0.668
2026-04-09 06:19,2026-04-09 14:19,Thu,6,FP,,2.87,-0.088,2.87,-0.021,-0.056
2026-04-09 07:21,2026-04-09 15:21,Thu,7,FP,,3.1,-0.113,3.1,-0.124,0.164
2026-04-09 09:45,2026-04-09 17:45,Thu,9,FP,,2.78,-0.144,2.78,-0.015,-0.123
2026-04-09 12:19,2026-04-09 20:19,Thu,12,FP,,2.7,-0.083,2.7,0.161,-0.151
2026-04-09 14:35,2026-04-09 22:35,Thu,14,FP,,3.47,-0.151,3.47,-0.07,2.701
2026-04-09 16:40,2026-04-10 00:40,Thu,16,FP,,4.37,-0.132,4.37,0.242,-2.335
2026-04-09 18:04,2026-04-10 02:04,Thu,18,FP,,5.79,-0.071,5.79,-0.153,0.031
2026-04-09 19:05,2026-04-10 03:05,Thu,19,FP,,3.42,-0.236,3.42,-0.012,1.006
2026-04-09 20:15,2026-04-10 04:15,Thu,20,FP,,3.72,-0.252,3.72,-0.07,0.337
2026-04-09 22:39,2026-04-10 06:39,Thu,22,FP,,3.77,-0.081,3.77,-0.002,0.796
2026-04-10 00:00,2026-04-10 08:00,Fri,0,FP,,8.06,-0.072,8.06,0.027,-0.487
2026-04-10 02:00,2026-04-10 10:00,Fri,2,FP,,3.99,-0.075,3.99,0.045,-0.265
2026-04-10 03:00,2026-04-10 11:00,Fri,3,FP,,3.04,-0.142,3.04,-0.039,0.142
2026-04-10 04:51,2026-04-10 12:51,Fri,4,FP,,3.07,-0.074,3.07,-0.053,0.537
2026-04-10 06:09,2026-04-10 14:09,Fri,6,FP,,2.79,-0.053,2.79,-0.069,0.051
2026-04-10 07:14,2026-04-10 15:14,Fri,7,FP,,3.87,-0.193,3.87,-0.022,1.137
2026-04-10 08:17,2026-04-10 16:17,Fri,8,FP,,5.33,-0.155,5.33,-0.051,-0.19
2026-04-10 09:31,2026-04-10 17:31,Fri,9,FP,,3.2,-0.053,3.2,-0.006,-0.783
2026-04-10 13:30,2026-04-10 21:30,Fri,13,FP,,6.46,-0.09,6.46,-0.015,0.867
2026-04-10 14:54,2026-04-10 22:54,Fri,14,FP,,5.51,-0.062,5.51,-0.0,0.651
2026-04-10 15:54,2026-04-10 23:54,Fri,15,FP,,2.96,-0.165,2.96,-0.154,0.126
2026-04-10 17:37,2026-04-11 01:37,Fri,17,FP,,2.59,-0.056,2.59,-0.069,-0.279
2026-04-10 19:45,2026-04-11 03:45,Fri,19,FP,,2.63,-0.092,2.63,0.017,-0.296
2026-04-10 20:51,2026-04-11 04:51,Fri,20,FP,,3.09,-0.205,3.09,0.046,-0.771
2026-04-12 22:00,2026-04-13 06:00,Sun,22,FP,,35.73,-1.618,35.73,-1.059,8.967
2026-04-12 23:00,2026-04-13 07:00,Sun,23,FP,,5.82,-0.309,5.82,-0.095,0.411
2026-04-13 02:52,2026-04-13 10:52,Mon,2,FP,,2.59,-0.12,2.59,-0.015,0.158
2026-04-13 04:01,2026-04-13 12:01,Mon,4,FP,,3.29,-0.094,3.29,-0.075,0.158
2026-04-14 00:00,2026-04-14 08:00,Tue,0,FP,,6.54,-0.152,6.54,-0.073,-7.387
2026-04-14 01:37,2026-04-14 09:37,Tue,1,FP,,4.87,-0.078,4.87,-0.058,1.14
2026-04-14 03:59,2026-04-14 11:59,Tue,3,FP,,2.68,-0.154,2.68,-0.022,-0.108
2026-04-14 05:30,2026-04-14 13:30,Tue,5,FP,,4.13,-0.188,4.13,-0.007,0.331
2026-04-14 07:54,2026-04-14 15:54,Tue,7,FP,,3.29,-0.074,3.29,0.123,-1.173
2026-04-14 09:28,2026-04-14 17:28,Tue,9,FP,,4.63,-0.058,4.63,0.014,0.274
2026-04-14 10:37,2026-04-14 18:37,Tue,10,FP,,3.86,-0.072,3.86,-0.028,0.206
2026-04-14 12:12,2026-04-14 20:12,Tue,12,FP,,3.74,-0.115,3.74,0.123,-0.85
2026-04-14 15:02,2026-04-14 23:02,Tue,15,FP,,5.31,-0.094,5.31,0.235,-0.373
2026-04-14 18:48,2026-04-15 02:48,Tue,18,FP,,2.53,-0.116,2.53,-0.23,0.333
2026-04-14 22:01,2026-04-15 06:01,Tue,22,FP,,4.34,-0.053,4.34,0.016,0.185
2026-04-14 23:01,2026-04-15 07:01,Tue,23,FP,,3.27,-0.053,3.27,0.03,-0.315
2026-04-15 00:06,2026-04-15 08:06,Wed,0,FP,,2.79,-0.063,2.79,0.029,-1.191
2026-04-15 01:06,2026-04-15 09:06,Wed,1,FP,,4.41,-0.083,4.41,0.013,-0.309
2026-04-15 02:14,2026-04-15 10:14,Wed,2,FP,,4.18,-0.105,4.18,-0.045,0.544
2026-04-15 03:16,2026-04-15 11:16,Wed,3,FP,,3.76,-0.379,3.76,-0.039,0.573
2026-04-15 05:35,2026-04-15 13:35,Wed,5,FP,,4.21,-0.074,4.21,-0.086,0.46
2026-04-15 06:35,2026-04-15 14:35,Wed,6,FP,,3.97,-0.155,3.97,0.029,-1.265
2026-04-15 07:42,2026-04-15 15:42,Wed,7,FP,,3.41,-0.097,3.41,-0.036,0.408
2026-04-15 09:08,2026-04-15 17:08,Wed,9,FP,,5.99,-0.088,5.99,-0.054,1.363
2026-04-15 10:08,2026-04-15 18:08,Wed,10,FP,,2.53,-0.143,2.53,0.021,0.131
2026-04-15 13:18,2026-04-15 21:18,Wed,13,FP,,3.8,-0.114,3.8,0.036,-1.062
2026-04-15 14:38,2026-04-15 22:38,Wed,14,FP,,3.88,-0.126,3.88,0.022,1.243
2026-04-15 15:40,2026-04-15 23:40,Wed,15,FP,,4.67,-0.311,4.67,0.107,0.659
2026-04-15 17:09,2026-04-16 01:09,Wed,17,FP,,2.63,-0.099,2.63,-0.033,-0.559
2026-04-15 18:10,2026-04-16 02:10,Wed,18,FP,,2.83,-0.163,2.83,0.105,0.125
2026-04-15 19:55,2026-04-16 03:55,Wed,19,FP,,3.07,-0.076,3.07,0.083,-0.214
2026-04-16 01:35,2026-04-16 09:35,Thu,1,FP,,3.9,-0.081,3.9,0.027,0.523
2026-04-16 02:47,2026-04-16 10:47,Thu,2,FP,,3.6,-0.09,3.6,-0.018,0.138
2026-04-16 05:45,2026-04-16 13:45,Thu,5,FP,,4.1,-0.082,4.1,0.013,-0.005
2026-04-16 07:19,2026-04-16 15:19,Thu,7,FP,,4.77,-0.063,4.77,-0.021,0.459
2026-04-16 08:19,2026-04-16 16:19,Thu,8,FP,,3.4,-0.201,3.4,-0.128,0.56
2026-04-16 10:34,2026-04-16 18:34,Thu,10,FP,,2.86,-0.067,2.86,-0.043,0.266
2026-04-16 12:10,2026-04-16 20:10,Thu,12,FP,,3.18,-0.098,3.18,0.02,-0.153
2026-04-16 13:47,2026-04-16 21:47,Thu,13,FP,,7.89,-0.094,7.89,-0.07,0.723
2026-04-16 14:47,2026-04-16 22:47,Thu,14,FP,,4.79,-0.453,4.79,-0.102,0.842
2026-04-16 16:12,2026-04-17 00:12,Thu,16,FP,,3.71,-0.072,3.71,0.159,0.58
2026-04-16 17:13,2026-04-17 01:13,Thu,17,FP,,2.55,-0.25,2.55,-0.267,1.181
2026-04-16 20:59,2026-04-17 04:59,Thu,20,FP,,4.59,-0.114,4.59,-0.016,-0.062
2026-04-17 00:00,2026-04-17 08:00,Fri,0,FP,,3.17,-0.105,3.17,-0.006,0.407
2026-04-17 01:09,2026-04-17 09:09,Fri,1,FP,,7.06,-0.152,7.06,0.031,0.457
2026-04-17 06:00,2026-04-17 14:00,Fri,6,FP,,3.59,-0.252,3.59,0.038,-0.061
2026-04-17 07:04,2026-04-17 15:04,Fri,7,FP,,2.99,-0.095,2.99,0.042,0.558
2026-04-17 08:09,2026-04-17 16:09,Fri,8,FP,,3.92,-0.108,3.92,0.027,-0.383
2026-04-17 10:12,2026-04-17 18:12,Fri,10,FP,,2.76,-0.116,2.76,0.052,-1.508
2026-04-17 11:22,2026-04-17 19:22,Fri,11,FP,,2.75,-0.082,2.75,0.04,0.412
2026-04-17 14:10,2026-04-17 22:10,Fri,14,FP,,2.7,-0.153,2.7,0.09,0.965
2026-04-17 15:15,2026-04-17 23:15,Fri,15,FP,,3.65,-0.131,3.65,0.16,-0.635
2026-04-17 17:08,2026-04-18 01:08,Fri,17,FP,,8.17,-0.282,8.17,-0.085,1.597
2026-04-17 18:50,2026-04-18 02:50,Fri,18,FP,,3.3,-0.056,3.3,-0.119,1.24
2026-04-17 20:03,2026-04-18 04:03,Fri,20,FP,,3.51,-0.147,3.51,0.065,-0.328
2026-04-19 22:00,2026-04-20 06:00,Sun,22,FP,,14.65,-1.305,14.65,-1.025,6.499
2026-04-19 23:01,2026-04-20 07:01,Sun,23,FP,,3.65,-0.082,3.65,0.23,-0.847
2026-04-20 00:01,2026-04-20 08:01,Mon,0,FP,,5.41,-0.577,5.41,-0.107,0.784
2026-04-20 02:30,2026-04-20 10:30,Mon,2,FP,,2.74,-0.098,2.74,0.042,-0.653
2026-04-20 03:32,2026-04-20 11:32,Mon,3,FP,,3.77,-0.141,3.77,-0.003,0.495
2026-04-20 04:32,2026-04-20 12:32,Mon,4,FP,,3.43,-0.071,3.43,-0.063,0.516
2026-04-20 05:42,2026-04-20 13:42,Mon,5,FP,,5.52,-0.107,5.52,-0.089,0.126
2026-04-20 08:02,2026-04-20 16:02,Mon,8,FP,,4.05,-0.2,4.05,-0.153,1.088
2026-04-20 09:32,2026-04-20 17:32,Mon,9,FP,,2.84,-0.115,2.84,0.118,-1.274
2026-04-20 11:11,2026-04-20 19:11,Mon,11,FP,,4.47,-0.168,4.47,-0.148,0.65
2026-04-20 12:52,2026-04-20 20:52,Mon,12,FP,,4.21,-0.052,4.21,0.133,-0.212
2026-04-20 14:12,2026-04-20 22:12,Mon,14,FP,,3.22,-0.146,3.22,0.14,0.295
2026-04-20 15:12,2026-04-20 23:12,Mon,15,FP,,5.39,-0.235,5.39,-0.358,0.861
2026-04-20 16:18,2026-04-21 00:18,Mon,16,FP,,2.54,-0.107,2.54,0.051,0.333
2026-04-21 00:00,2026-04-21 08:00,Tue,0,FP,,4.23,-0.114,4.23,-0.035,-0.197
2026-04-21 01:02,2026-04-21 09:02,Tue,1,FP,,5.02,-0.097,5.02,0.014,0.342
2026-04-21 02:30,2026-04-21 10:30,Tue,2,FP,,3.84,-0.269,3.84,-0.023,-0.029
2026-04-21 04:15,2026-04-21 12:15,Tue,4,FP,,2.77,-0.136,2.77,0.032,-0.19
2026-04-21 05:17,2026-04-21 13:17,Tue,5,FP,,2.58,-0.085,2.58,0.082,-0.625
2026-04-21 06:17,2026-04-21 14:17,Tue,6,FP,,2.68,-0.142,2.68,0.0,0.442
2026-04-21 08:11,2026-04-21 16:11,Tue,8,FP,,5.68,-0.176,5.68,-0.049,-0.339
2026-04-21 09:36,2026-04-21 17:36,Tue,9,FP,,2.95,-0.061,2.95,0.017,0.179
2026-04-21 11:09,2026-04-21 19:09,Tue,11,FP,,9.98,-0.106,9.98,0.043,0.884
2026-04-21 12:20,2026-04-21 20:20,Tue,12,FP,,4.37,-0.056,4.37,-0.091,0.367
2026-04-21 13:20,2026-04-21 21:20,Tue,13,FP,,3.54,-0.21,3.54,-0.084,-0.548
2026-04-21 14:30,2026-04-21 22:30,Tue,14,FP,,4.1,-0.108,4.1,0.132,0.81
2026-04-21 15:33,2026-04-21 23:33,Tue,15,FP,,4.32,-0.488,4.32,-0.452,2.406
2026-04-21 16:33,2026-04-22 00:33,Tue,16,FP,,4.08,-0.417,4.08,-0.032,0.045
2026-04-21 17:34,2026-04-22 01:34,Tue,17,FP,,3.08,-0.398,3.08,-0.244,0.845
2026-04-21 18:37,2026-04-22 02:37,Tue,18,FP,,2.53,-0.082,2.53,0.004,-1.186
2026-04-21 19:41,2026-04-22 03:41,Tue,19,FP,,10.88,-0.217,10.88,-0.043,1.325
2026-04-21 22:27,2026-04-22 06:27,Tue,22,FP,,2.82,-0.062,2.82,0.037,-0.061
2026-04-22 01:02,2026-04-22 09:02,Wed,1,FP,,3.76,-0.053,3.76,0.056,-1.13
2026-04-22 07:45,2026-04-22 15:45,Wed,7,FP,,2.59,-0.074,2.59,0.047,0.518
2026-04-22 08:51,2026-04-22 16:51,Wed,8,FP,,2.99,-0.111,2.99,-0.105,1.832
2026-04-22 09:55,2026-04-22 17:55,Wed,9,FP,,2.67,-0.073,2.67,-0.029,0.149
2026-04-22 11:40,2026-04-22 19:40,Wed,11,FP,,3.07,-0.07,3.07,-0.019,0.211
2026-04-22 12:41,2026-04-22 20:41,Wed,12,FP,,4.34,-0.057,4.34,0.082,0.539
2026-04-22 14:23,2026-04-22 22:23,Wed,14,FP,,3.64,-0.053,3.64,0.207,0.466
2026-04-22 15:26,2026-04-22 23:26,Wed,15,FP,,2.91,-0.306,2.91,-0.058,0.979
2026-04-22 16:30,2026-04-23 00:30,Wed,16,FP,,3.29,-0.208,3.29,-0.203,1.236
2026-04-22 19:50,2026-04-23 03:50,Wed,19,FP,,2.65,-0.123,2.65,0.124,-0.361
2026-04-22 22:45,2026-04-23 06:45,Wed,22,FP,,2.7,-0.169,2.7,-0.037,-0.438
2026-04-23 00:01,2026-04-23 08:01,Thu,0,FP,,3.56,-0.105,3.56,-0.007,0.238
2026-04-23 01:29,2026-04-23 09:29,Thu,1,FP,,5.32,-0.279,5.32,-0.109,0.164
2026-04-23 02:30,2026-04-23 10:30,Thu,2,FP,,5.87,-0.42,5.87,-0.164,1.194
2026-04-23 03:30,2026-04-23 11:30,Thu,3,FP,,2.76,-0.142,2.76,-0.157,0.487
2026-04-23 05:30,2026-04-23 13:30,Thu,5,FP,,14.04,-0.179,14.04,0.035,-0.196
2026-04-23 07:00,2026-04-23 15:00,Thu,7,FP,,3.77,-0.147,3.77,0.035,0.645
2026-04-23 08:37,2026-04-23 16:37,Thu,8,FP,,3.02,-0.08,3.02,-0.037,0.329
2026-04-23 09:51,2026-04-23 17:51,Thu,9,TP,2026-04-23 10:19 UP↑(B) gap=+28min,2.58,-0.123,2.58,0.063,-0.079
2026-04-23 13:05,2026-04-23 21:05,Thu,13,FP,,3.93,-0.071,3.93,-0.116,0.215
2026-04-23 14:05,2026-04-23 22:05,Thu,14,FP,,5.45,-0.079,5.45,0.087,0.654
2026-04-23 15:44,2026-04-23 23:44,Thu,15,FP,,4.17,-0.059,4.17,0.092,0.901
2026-04-23 17:09,2026-04-24 01:09,Thu,17,FP,,9.13,-0.211,9.13,-0.365,1.715
2026-04-23 18:26,2026-04-24 02:26,Thu,18,FP,,2.69,-0.05,2.69,0.143,-0.54
2026-04-23 19:27,2026-04-24 03:27,Thu,19,FP,,3.65,-0.314,3.65,0.02,0.406
2026-04-23 23:14,2026-04-24 07:14,Thu,23,FP,,2.68,-0.163,2.68,-0.014,0.559
2026-04-24 01:29,2026-04-24 09:29,Fri,1,FP,,3.07,-0.152,3.07,-0.045,0.46
2026-04-24 02:30,2026-04-24 10:30,Fri,2,FP,,3.67,-0.287,3.67,-0.14,-0.391
2026-04-24 03:33,2026-04-24 11:33,Fri,3,FP,,3.08,-0.272,3.08,-0.137,0.062
2026-04-24 04:35,2026-04-24 12:35,Fri,4,FP,,3.33,-0.265,3.33,0.028,-0.274
2026-04-24 06:25,2026-04-24 14:25,Fri,6,FP,,2.69,-0.106,2.69,0.035,0.073
2026-04-24 09:23,2026-04-24 17:23,Fri,9,FP,,4.78,-0.085,4.78,-0.158,0.273
2026-04-24 10:24,2026-04-24 18:24,Fri,10,FP,,3.85,-0.058,3.85,0.074,0.098
2026-04-24 12:31,2026-04-24 20:31,Fri,12,FP,,3.57,-0.173,3.57,-0.239,1.408
2026-04-24 13:31,2026-04-24 21:31,Fri,13,FP,,4.0,-0.317,4.0,-0.189,0.31
2026-04-24 15:06,2026-04-24 23:06,Fri,15,FP,,3.25,-0.06,3.25,0.211,0.531
2026-04-24 16:44,2026-04-25 00:44,Fri,16,FP,,2.61,-0.11,2.61,0.136,0.381
2026-04-24 18:05,2026-04-25 02:05,Fri,18,FP,,2.72,-0.157,2.72,-0.018,0.652
2026-04-24 20:01,2026-04-25 04:01,Fri,20,FP,,3.58,-0.194,3.58,0.025,0.511
2026-04-26 22:00,2026-04-27 06:00,Sun,22,FP,,11.63,-0.322,11.63,-0.132,1.16
2026-04-26 23:00,2026-04-27 07:00,Sun,23,FP,,4.6,-0.245,4.6,0.0,0.118
2026-04-27 00:01,2026-04-27 08:01,Mon,0,FP,,2.82,-0.072,2.82,-0.023,0.099
2026-04-27 02:03,2026-04-27 10:03,Mon,2,FP,,4.09,-0.087,4.09,0.113,0.094
2026-04-27 05:30,2026-04-27 13:30,Mon,5,FP,,3.72,-0.265,3.72,-0.157,0.593
2026-04-27 06:30,2026-04-27 14:30,Mon,6,FP,,5.31,-0.116,5.31,-0.075,0.354
2026-04-27 07:53,2026-04-27 15:53,Mon,7,FP,,2.86,-0.05,2.86,-0.007,0.51
2026-04-27 09:09,2026-04-27 17:09,Mon,9,FP,,3.08,-0.159,3.08,0.07,-0.542
2026-04-27 10:17,2026-04-27 18:17,Mon,10,FP,,2.59,-0.054,2.59,-0.004,-0.01
2026-04-27 11:37,2026-04-27 19:37,Mon,11,FP,,3.98,-0.165,3.98,0.052,-0.492
2026-04-27 12:41,2026-04-27 20:41,Mon,12,FP,,4.34,-0.102,4.34,-0.143,1.288
2026-04-27 13:42,2026-04-27 21:42,Mon,13,FP,,3.29,-0.101,3.29,0.05,0.073
2026-04-27 14:50,2026-04-27 22:50,Mon,14,FP,,3.97,-0.07,3.97,0.106,0.135
2026-04-27 15:54,2026-04-27 23:54,Mon,15,FP,,3.53,-0.194,3.53,-0.049,-0.259
2026-04-27 17:16,2026-04-28 01:16,Mon,17,FP,,2.54,-0.105,2.54,0.017,1.044
2026-04-28 01:00,2026-04-28 09:00,Tue,1,FP,,3.14,-0.125,3.14,-0.059,0.445
2026-04-28 02:00,2026-04-28 10:00,Tue,2,FP,,4.0,-0.453,4.0,-0.068,0.252
2026-04-28 05:00,2026-04-28 13:00,Tue,5,FP,,4.49,-0.062,4.49,0.013,-0.149
2026-04-28 06:00,2026-04-28 14:00,Tue,6,FP,,3.14,-0.767,3.14,-0.171,0.698
2026-04-28 07:06,2026-04-28 15:06,Tue,7,FP,,3.82,-0.094,3.82,-0.06,0.577
2026-04-28 08:06,2026-04-28 16:06,Tue,8,FP,,6.88,-0.262,6.88,-0.052,0.518
2026-04-28 09:20,2026-04-28 17:20,Tue,9,FP,,3.06,-0.067,3.06,0.01,0.658
2026-04-28 10:22,2026-04-28 18:22,Tue,10,FP,,3.6,-0.065,3.6,-0.115,0.508
2026-04-28 11:22,2026-04-28 19:22,Tue,11,FP,,4.01,-0.267,4.01,-0.243,0.775
2026-04-28 12:22,2026-04-28 20:22,Tue,12,FP,,4.94,-0.445,4.94,-0.297,-0.769
2026-04-28 13:22,2026-04-28 21:22,Tue,13,FP,,4.42,-0.051,4.42,0.196,-0.22
2026-04-28 14:22,2026-04-28 22:22,Tue,14,FP,,4.77,-0.194,4.77,0.048,0.311
2026-04-29 01:00,2026-04-29 09:00,Wed,1,FP,,6.26,-0.134,6.26,0.021,0.071
2026-04-29 02:00,2026-04-29 10:00,Wed,2,FP,,6.05,-0.09,6.05,-0.021,0.922
2026-04-29 04:16,2026-04-29 12:16,Wed,4,FP,,2.56,-0.076,2.56,-0.003,0.455
2026-04-29 05:30,2026-04-29 13:30,Wed,5,FP,,3.1,-0.104,3.1,-0.003,0.317
2026-04-29 06:35,2026-04-29 14:35,Wed,6,FP,,3.09,-0.248,3.09,-0.035,0.732
2026-04-29 07:36,2026-04-29 15:36,Wed,7,FP,,4.7,-0.246,4.7,-0.063,0.648
2026-04-29 08:38,2026-04-29 16:38,Wed,8,FP,,4.31,-0.342,4.31,-0.146,2.598
2026-04-29 09:42,2026-04-29 17:42,Wed,9,FP,,3.06,-0.085,3.06,0.029,-0.116
2026-04-29 11:18,2026-04-29 19:18,Wed,11,FP,,2.86,-0.065,2.86,-0.021,-0.034
2026-04-29 12:23,2026-04-29 20:23,Wed,12,FP,,3.51,-0.057,3.51,-0.046,-0.145
2026-04-29 13:23,2026-04-29 21:23,Wed,13,FP,,2.59,-0.589,2.59,-0.111,1.007
2026-04-29 14:29,2026-04-29 22:29,Wed,14,FP,,5.1,-0.101,5.1,0.065,0.187
2026-04-29 16:37,2026-04-30 00:37,Wed,16,FP,,4.39,-0.09,4.39,-0.214,1.14
2026-04-29 17:48,2026-04-30 01:48,Wed,17,FP,,3.77,-0.065,3.77,0.091,0.061
2026-04-29 18:49,2026-04-30 02:49,Wed,18,FP,,2.9,-0.323,2.9,-0.14,0.15
2026-04-29 20:15,2026-04-30 04:15,Wed,20,FP,,2.56,-0.066,2.56,-0.401,0.945
2026-04-29 22:04,2026-04-30 06:04,Wed,22,FP,,3.0,-0.09,3.0,0.395,-0.212
2026-04-30 02:29,2026-04-30 10:29,Thu,2,FP,,3.92,-0.149,3.92,-0.116,1.117
2026-04-30 03:42,2026-04-30 11:42,Thu,3,FP,,2.77,-0.081,2.77,-0.063,0.55
2026-04-30 04:45,2026-04-30 12:45,Thu,4,FP,,3.97,-0.249,3.97,-0.312,0.499
2026-04-30 09:10,2026-04-30 17:10,Thu,9,FP,,5.07,-0.079,5.07,-0.028,0.284
2026-04-30 11:27,2026-04-30 19:27,Thu,11,FP,,5.01,-0.193,5.01,0.189,-2.007
2026-04-30 12:44,2026-04-30 20:44,Thu,12,FP,,3.61,-0.086,3.61,0.105,1.389
2026-04-30 13:45,2026-04-30 21:45,Thu,13,FP,,3.8,-0.119,3.8,-0.234,0.014
2026-04-30 14:45,2026-04-30 22:45,Thu,14,FP,,3.18,-0.091,3.18,-0.085,0.489
2026-04-30 15:45,2026-04-30 23:45,Thu,15,FP,,2.92,-0.116,2.92,0.164,-1.185
2026-04-30 16:55,2026-05-01 00:55,Thu,16,FP,,5.76,-0.084,5.76,-0.119,1.029
2026-04-30 19:20,2026-05-01 03:20,Thu,19,FP,,3.56,-0.113,3.56,0.173,0.692
2026-04-30 23:57,2026-05-01 07:57,Thu,23,FP,,2.58,-0.053,2.58,0.076,-0.028
2026-05-01 00:57,2026-05-01 08:57,Fri,0,FP,,3.02,-0.115,3.02,0.069,-0.028
2026-05-01 03:20,2026-05-01 11:20,Fri,3,FP,,3.37,-0.193,3.37,0.004,-0.302
2026-05-01 04:26,2026-05-01 12:26,Fri,4,FP,,2.75,-0.098,2.75,-0.055,-0.346
2026-05-01 05:27,2026-05-01 13:27,Fri,5,FP,,3.0,-0.067,3.0,0.004,-0.18
2026-05-01 06:27,2026-05-01 14:27,Fri,6,FP,,3.47,-0.452,3.47,-0.046,0.832
2026-05-01 07:27,2026-05-01 15:27,Fri,7,FP,,3.21,-0.079,3.21,-0.027,-1.424
2026-05-01 08:32,2026-05-01 16:32,Fri,8,FP,,2.86,-0.342,2.86,-0.032,0.679
2026-05-01 09:54,2026-05-01 17:54,Fri,9,FP,,6.1,-0.159,6.1,0.035,0.005
2026-05-01 13:27,2026-05-01 21:27,Fri,13,FP,,2.77,-0.352,2.77,-0.034,-0.311
2026-05-01 15:01,2026-05-01 23:01,Fri,15,FP,,2.6,-0.16,2.6,-0.264,1.105
2026-05-01 16:33,2026-05-02 00:33,Fri,16,FP,,2.51,-0.065,2.51,-0.2,0.727
2026-05-01 17:33,2026-05-02 01:33,Fri,17,FP,,2.86,-0.092,2.86,0.168,-0.81
2026-05-01 18:41,2026-05-02 02:41,Fri,18,FP,,4.26,-0.158,4.26,-0.225,0.354
2026-05-01 19:42,2026-05-02 03:42,Fri,19,FP,,3.02,-0.215,3.02,0.09,-0.108
2026-05-03 23:01,2026-05-04 07:01,Sun,23,FP,,3.93,-0.221,3.93,-0.084,1.307
2026-05-04 00:01,2026-05-04 08:01,Mon,0,FP,,4.53,-0.248,4.53,-0.095,0.926
2026-05-04 01:04,2026-05-04 09:04,Mon,1,FP,,4.08,-0.155,4.08,0.02,-0.882
2026-05-04 02:28,2026-05-04 10:28,Mon,2,FP,,3.98,-0.068,3.98,-0.021,0.201
2026-05-04 05:06,2026-05-04 13:06,Mon,5,FP,,2.59,-0.103,2.59,0.027,0.296
2026-05-04 06:06,2026-05-04 14:06,Mon,6,FP,,3.36,-0.338,3.36,-0.041,-0.531
2026-05-04 07:06,2026-05-04 15:06,Mon,7,FP,,3.77,-0.059,3.77,-0.007,1.528
2026-05-04 08:07,2026-05-04 16:07,Mon,8,FP,,3.04,-0.254,3.04,-0.109,1.501
2026-05-04 09:57,2026-05-04 17:57,Mon,9,FP,,3.83,-0.061,3.83,0.035,-0.358
2026-05-04 11:00,2026-05-04 19:00,Mon,11,FP,,4.11,-0.175,4.11,-0.21,2.077
2026-05-04 12:02,2026-05-04 20:02,Mon,12,FP,,4.11,-0.107,4.11,0.004,-1.624
2026-05-04 13:16,2026-05-04 21:16,Mon,13,FP,,2.95,-0.134,2.95,-0.049,-0.779
2026-05-04 14:59,2026-05-04 22:59,Mon,14,FP,,6.68,-0.057,6.68,0.017,1.233
2026-05-04 15:59,2026-05-04 23:59,Mon,15,FP,,7.14,-0.873,7.14,-0.464,2.078
2026-05-04 17:00,2026-05-05 01:00,Mon,17,FP,,3.91,-0.232,3.91,-0.136,0.673
2026-05-04 18:07,2026-05-05 02:07,Mon,18,FP,,4.5,-0.123,4.5,0.167,-0.365
2026-05-04 20:40,2026-05-05 04:40,Mon,20,FP,,2.51,-0.21,2.51,-0.033,-0.212
2026-05-04 22:05,2026-05-05 06:05,Mon,22,FP,,3.16,-0.054,3.16,0.09,0.199
2026-05-05 00:26,2026-05-05 08:26,Tue,0,FP,,3.63,-0.106,3.63,-0.035,0.16
2026-05-05 03:01,2026-05-05 11:01,Tue,3,FP,,2.99,-0.055,2.99,-0.011,-0.216
2026-05-05 04:18,2026-05-05 12:18,Tue,4,FP,,3.2,-0.189,3.2,0.01,0.038
2026-05-05 06:24,2026-05-05 14:24,Tue,6,FP,,3.88,-0.092,3.88,-0.071,0.965
2026-05-05 08:04,2026-05-05 16:04,Tue,8,FP,,2.82,-0.064,2.82,-0.001,0.139
2026-05-05 10:09,2026-05-05 18:09,Tue,10,FP,,2.77,-0.154,2.77,-0.007,0.219
2026-05-05 14:13,2026-05-05 22:13,Tue,14,FP,,6.69,-0.072,6.69,0.116,-0.582
2026-05-05 15:24,2026-05-05 23:24,Tue,15,FP,,3.48,-0.056,3.48,-0.008,0.245
2026-05-05 16:25,2026-05-06 00:25,Tue,16,FP,,4.63,-0.455,4.63,0.069,-0.42
2026-05-05 19:50,2026-05-06 03:50,Tue,19,FP,,2.89,-0.143,2.89,-0.062,0.607
2026-05-05 22:02,2026-05-06 06:02,Tue,22,FP,,2.52,-0.063,2.52,0.089,-0.108
2026-05-06 05:31,2026-05-06 13:31,Wed,5,FP,,3.35,-0.101,3.35,-0.017,0.683
2026-05-06 07:31,2026-05-06 15:31,Wed,7,FP,,4.18,-0.083,4.18,-0.034,0.454
2026-05-06 11:40,2026-05-06 19:40,Wed,11,FP,,3.37,-0.073,3.37,0.056,-1.118
2026-05-06 12:40,2026-05-06 20:40,Wed,12,FP,,3.16,-0.581,3.16,-0.235,4.574
2026-05-06 14:54,2026-05-06 22:54,Wed,14,FP,,4.15,-0.054,4.15,0.313,-1.092
2026-05-06 15:57,2026-05-06 23:57,Wed,15,FP,,2.74,-0.259,2.74,-0.054,0.485
2026-05-06 16:57,2026-05-07 00:57,Wed,16,FP,,4.16,-0.172,4.16,-0.111,0.703
2026-05-06 20:46,2026-05-07 04:46,Wed,20,FP,,2.89,-0.179,2.89,0.076,1.054
2026-05-06 23:21,2026-05-07 07:21,Wed,23,FP,,3.0,-0.122,3.0,0.0,0.177
2026-05-07 00:40,2026-05-07 08:40,Thu,0,FP,,3.13,-0.064,3.13,0.035,0.427
2026-05-07 02:12,2026-05-07 10:12,Thu,2,FP,,2.8,-0.075,2.8,-0.01,-0.596
2026-05-07 04:11,2026-05-07 12:11,Thu,4,FP,,2.95,-0.217,2.95,0.041,-0.005
2026-05-07 08:11,2026-05-07 16:11,Thu,8,FP,,2.52,-0.08,2.52,-0.079,1.267
2026-05-07 09:16,2026-05-07 17:16,Thu,9,FP,,4.03,-0.111,4.03,-0.054,-0.651
2026-05-07 10:19,2026-05-07 18:19,Thu,10,FP,,3.02,-0.088,3.02,-0.089,0.259
2026-05-07 13:00,2026-05-07 21:00,Thu,13,FP,,8.86,-0.053,8.86,0.036,-0.518
2026-05-07 14:34,2026-05-07 22:34,Thu,14,FP,,4.33,-0.138,4.33,0.034,0.219
2026-05-07 15:34,2026-05-07 23:34,Thu,15,FP,,2.88,-0.1,2.88,0.104,0.465
2026-05-07 16:37,2026-05-08 00:37,Thu,16,FP,,2.72,-0.621,2.72,-0.29,2.987
2026-05-07 17:37,2026-05-08 01:37,Thu,17,FP,,8.45,-0.294,8.45,-0.254,1.958
2026-05-07 18:50,2026-05-08 02:50,Thu,18,FP,,5.47,-0.072,5.47,-0.054,0.354
2026-05-07 19:58,2026-05-08 03:58,Thu,19,FP,,4.08,-0.105,4.08,0.068,0.42
2026-05-07 20:58,2026-05-08 04:58,Thu,20,FP,,4.16,-0.365,4.16,0.094,1.617
2026-05-08 00:51,2026-05-08 08:51,Fri,0,FP,,2.53,-0.091,2.53,0.127,-0.008
2026-05-08 02:46,2026-05-08 10:46,Fri,2,FP,,3.01,-0.066,3.01,-0.04,0.12
2026-05-08 04:44,2026-05-08 12:44,Fri,4,FP,,2.88,-0.269,2.88,0.001,0.712
2026-05-08 06:47,2026-05-08 14:47,Fri,6,FP,,2.88,-0.06,2.88,0.041,-0.351
2026-05-08 07:48,2026-05-08 15:48,Fri,7,FP,,2.75,-0.275,2.75,0.009,-0.016
2026-05-08 09:31,2026-05-08 17:31,Fri,9,FP,,4.23,-0.088,4.23,0.073,-0.027
2026-05-08 11:52,2026-05-08 19:52,Fri,11,FP,,3.26,-0.156,3.26,0.046,0.507
2026-05-08 14:20,2026-05-08 22:20,Fri,14,FP,,6.26,-0.052,6.26,0.28,1.122
2026-05-08 15:20,2026-05-08 23:20,Fri,15,FP,,3.86,-0.329,3.86,-0.048,0.188
2026-05-08 20:10,2026-05-09 04:10,Fri,20,FP,,2.58,-0.125,2.58,0.074,-0.548
2026-05-10 22:00,2026-05-11 06:00,Sun,22,FP,,20.66,-0.318,20.66,-0.195,3.4
2026-05-10 23:00,2026-05-11 07:00,Sun,23,FP,,3.16,-0.101,3.16,-0.023,0.439
2026-05-11 00:00,2026-05-11 08:00,Mon,0,FP,,8.65,-0.212,8.65,0.0,0.514
2026-05-11 01:00,2026-05-11 09:00,Mon,1,FP,,11.54,-0.124,11.54,-0.034,0.106
2026-05-11 02:04,2026-05-11 10:04,Mon,2,FP,,3.67,-0.051,3.67,0.164,0.035
2026-05-11 03:30,2026-05-11 11:30,Mon,3,FP,,3.06,-0.08,3.06,0.004,0.621
2026-05-11 04:30,2026-05-11 12:30,Mon,4,FP,,2.96,-0.4,2.96,-0.034,0.381
2026-05-11 05:42,2026-05-11 13:42,Mon,5,FP,,3.75,-0.062,3.75,0.012,-0.285
2026-05-11 07:47,2026-05-11 15:47,Mon,7,FP,,4.56,-0.111,4.56,0.026,-0.318
2026-05-11 09:24,2026-05-11 17:24,Mon,9,FP,,4.99,-0.372,4.99,0.015,0.216
2026-05-11 14:25,2026-05-11 22:25,Mon,14,FP,,5.22,-0.101,5.22,0.402,0.393
2026-05-11 15:44,2026-05-11 23:44,Mon,15,FP,,4.36,-0.111,4.36,0.128,0.787
2026-05-11 16:44,2026-05-12 00:44,Mon,16,FP,,4.51,-0.336,4.51,-0.027,1.74
2026-05-12 00:52,2026-05-12 08:52,Tue,0,FP,,4.06,-0.259,4.06,-0.11,0.525
2026-05-12 01:55,2026-05-12 09:55,Tue,1,FP,,3.27,-0.565,3.27,-0.173,0.355
2026-05-12 03:11,2026-05-12 11:11,Tue,3,FP,,4.19,-0.087,4.19,-0.004,-0.03
2026-05-12 04:15,2026-05-12 12:15,Tue,4,FP,,3.72,-0.11,3.72,-0.0,-0.207
2026-05-12 05:20,2026-05-12 13:20,Tue,5,FP,,3.59,-0.218,3.59,-0.094,0.101
2026-05-12 06:22,2026-05-12 14:22,Tue,6,FP,,5.56,-0.324,5.56,-0.043,0.455
2026-05-12 09:05,2026-05-12 17:05,Tue,9,FP,,2.78,-0.12,2.78,-0.076,0.208
2026-05-12 10:30,2026-05-12 18:30,Tue,10,FP,,4.84,-0.167,4.84,-0.061,0.035
2026-05-12 12:30,2026-05-12 20:30,Tue,12,FP,,9.34,-0.162,9.34,-0.021,0.351
2026-05-12 13:30,2026-05-12 21:30,Tue,13,FP,,3.58,-0.081,3.58,0.087,0.03
2026-05-12 14:30,2026-05-12 22:30,Tue,14,FP,,4.43,-0.196,4.43,-0.32,0.502
2026-05-12 15:30,2026-05-12 23:30,Tue,15,TP,2026-05-12 16:23 UP↑(B) gap=+53min,3.83,-0.505,3.83,-0.279,-0.211
2026-05-12 23:53,2026-05-13 07:53,Tue,23,FP,,3.88,-0.065,3.88,-0.131,0.201
2026-05-13 01:00,2026-05-13 09:00,Wed,1,FP,,6.67,-0.098,6.67,0.078,-0.467
2026-05-13 02:02,2026-05-13 10:02,Wed,2,FP,,2.63,-0.16,2.63,0.092,0.261
2026-05-13 03:04,2026-05-13 11:04,Wed,3,FP,,3.91,-0.288,3.91,-0.007,-0.305
2026-05-13 04:40,2026-05-13 12:40,Wed,4,FP,,4.4,-0.153,4.4,0.007,-0.05
2026-05-13 07:01,2026-05-13 15:01,Wed,7,FP,,3.48,-0.124,3.48,-0.03,0.218
2026-05-13 08:26,2026-05-13 16:26,Wed,8,FP,,4.44,-0.237,4.44,0.191,0.313
2026-05-13 09:26,2026-05-13 17:26,Wed,9,FP,,3.04,-0.126,3.04,-0.128,0.42
2026-05-13 10:58,2026-05-13 18:58,Wed,10,FP,,2.51,-0.106,2.51,-0.081,1.092
2026-05-13 12:14,2026-05-13 20:14,Wed,12,FP,,2.66,-0.108,2.66,0.004,-0.269
2026-05-13 13:14,2026-05-13 21:14,Wed,13,FP,,2.86,-0.088,2.86,-0.128,0.447
2026-05-13 14:16,2026-05-13 22:16,Wed,14,FP,,3.18,-0.156,3.18,-0.173,0.977
2026-05-13 17:24,2026-05-14 01:24,Wed,17,FP,,2.6,-0.173,2.6,0.091,0.652
2026-05-13 18:35,2026-05-14 02:35,Wed,18,FP,,3.18,-0.069,3.18,0.124,-0.552
2026-05-14 00:01,2026-05-14 08:01,Thu,0,FP,,3.44,-0.095,3.44,-0.043,0.124
2026-05-14 01:06,2026-05-14 09:06,Thu,1,FP,,6.16,-0.118,6.16,0.09,0.163
2026-05-14 02:17,2026-05-14 10:17,Thu,2,FP,,2.59,-0.069,2.59,-0.06,0.193
2026-05-14 03:19,2026-05-14 11:19,Thu,3,FP,,3.39,-0.151,3.39,0.007,0.094
2026-05-14 05:31,2026-05-14 13:31,Thu,5,FP,,5.18,-0.132,5.18,-0.018,0.227
2026-05-14 06:38,2026-05-14 14:38,Thu,6,FP,,2.67,-0.128,2.67,0.154,-0.61
2026-05-14 07:57,2026-05-14 15:57,Thu,7,FP,,3.01,-0.066,3.01,-0.047,1.032
2026-05-14 09:01,2026-05-14 17:01,Thu,9,FP,,3.46,-0.18,3.46,0.116,-0.275
2026-05-14 10:53,2026-05-14 18:53,Thu,10,FP,,3.89,-0.092,3.89,0.054,0.248
2026-05-14 11:59,2026-05-14 19:59,Thu,11,FP,,4.71,-0.056,4.71,0.034,-0.787
2026-05-14 13:18,2026-05-14 21:18,Thu,13,FP,,6.28,-0.111,6.28,-0.123,0.788
2026-05-14 14:25,2026-05-14 22:25,Thu,14,FP,,5.94,-0.137,5.94,0.212,1.357
2026-05-14 15:37,2026-05-14 23:37,Thu,15,FP,,2.94,-0.069,2.94,0.298,-0.529
2026-05-14 16:38,2026-05-15 00:38,Thu,16,FP,,2.99,-0.228,2.99,-0.047,0.208
2026-05-14 18:00,2026-05-15 02:00,Thu,18,FP,,2.78,-0.109,2.78,-0.107,0.817
2026-05-14 19:29,2026-05-15 03:29,Thu,19,FP,,4.66,-0.218,4.66,0.067,0.445
2026-05-14 20:38,2026-05-15 04:38,Thu,20,FP,,3.26,-0.314,3.26,-0.021,0.159
2026-05-14 23:31,2026-05-15 07:31,Thu,23,FP,,11.58,-0.118,11.58,0.031,0.357
2026-05-15 00:31,2026-05-15 08:31,Fri,0,FP,,3.64,-0.683,3.64,-0.038,-0.087
2026-05-15 01:31,2026-05-15 09:31,Fri,1,FP,,4.41,-0.243,4.41,-0.333,0.825
2026-05-15 02:34,2026-05-15 10:34,Fri,2,FP,,2.87,-0.078,2.87,-0.02,-0.132
2026-05-15 03:34,2026-05-15 11:34,Fri,3,FP,,4.75,-0.077,4.75,0.03,-0.091
2026-05-15 04:38,2026-05-15 12:38,Fri,4,FP,,3.75,-0.086,3.75,-0.13,-0.061
2026-05-15 05:38,2026-05-15 13:38,Fri,5,FP,,5.37,-0.918,5.37,-0.244,0.397
2026-05-15 06:41,2026-05-15 14:41,Fri,6,FP,,2.97,-0.051,2.97,-0.017,0.34
2026-05-15 07:53,2026-05-15 15:53,Fri,7,FP,,3.38,-0.077,3.38,-0.081,0.0
2026-05-15 08:54,2026-05-15 16:54,Fri,8,FP,,2.54,-0.282,2.54,-0.31,1.581
2026-05-15 09:55,2026-05-15 17:55,Fri,9,FP,,4.75,-0.279,4.75,-0.04,0.095
2026-05-15 11:45,2026-05-15 19:45,Fri,11,FP,,2.69,-0.121,2.69,-0.116,0.113
2026-05-15 12:45,2026-05-15 20:45,Fri,12,FP,,3.59,-0.13,3.59,-0.249,0.216
2026-05-15 13:45,2026-05-15 21:45,Fri,13,FP,,9.8,-0.771,9.8,-0.107,-0.355
2026-05-15 15:18,2026-05-15 23:18,Fri,15,FP,,3.28,-0.144,3.28,-0.115,0.961
2026-05-15 16:20,2026-05-16 00:20,Fri,16,FP,,3.01,-0.327,3.01,-0.166,0.579
2026-05-15 18:31,2026-05-16 02:31,Fri,18,FP,,4.16,-0.17,4.16,-0.279,0.701
2026-05-15 20:02,2026-05-16 04:02,Fri,20,FP,,2.57,-0.343,2.57,-0.431,0.235
2026-05-17 22:00,2026-05-18 06:00,Sun,22,FP,,13.64,-0.169,13.64,0.035,1.528
2026-05-17 23:05,2026-05-18 07:05,Sun,23,FP,,5.4,-0.235,5.4,-0.073,0.15
2026-05-18 00:05,2026-05-18 08:05,Mon,0,FP,,6.0,-0.292,6.0,-0.419,-0.218
2026-05-18 01:05,2026-05-18 09:05,Mon,1,FP,,6.03,-0.597,6.03,-0.084,1.213
2026-05-18 03:03,2026-05-18 11:03,Mon,3,FP,,2.92,-0.051,2.92,-0.041,-0.114
2026-05-18 04:28,2026-05-18 12:28,Mon,4,FP,,4.84,-0.09,4.84,-0.055,0.085
2026-05-18 05:40,2026-05-18 13:40,Mon,5,FP,,5.61,-0.075,5.61,0.122,-0.449
2026-05-18 06:42,2026-05-18 14:42,Mon,6,FP,,3.38,-0.097,3.38,-0.02,0.335
2026-05-18 07:50,2026-05-18 15:50,Mon,7,FP,,4.67,-0.058,4.67,0.026,-0.979
2026-05-18 09:03,2026-05-18 17:03,Mon,9,FP,,5.68,-0.104,5.68,0.131,0.039
2026-05-18 10:05,2026-05-18 18:05,Mon,10,FP,,2.84,-0.07,2.84,-0.161,0.368
2026-05-18 11:09,2026-05-18 19:09,Mon,11,FP,,6.35,-0.126,6.35,-0.095,0.683
2026-05-18 12:41,2026-05-18 20:41,Mon,12,FP,,5.85,-0.06,5.85,0.046,-0.361
2026-05-18 13:44,2026-05-18 21:44,Mon,13,FP,,8.86,-0.072,8.86,-0.292,0.808
2026-05-18 14:45,2026-05-18 22:45,Mon,14,FP,,6.86,-0.657,6.86,-0.105,2.323
2026-05-18 15:52,2026-05-18 23:52,Mon,15,FP,,2.6,-0.18,2.6,-0.334,0.755
2026-05-18 18:06,2026-05-19 02:06,Mon,18,FP,,2.79,-0.289,2.79,-0.222,0.819
2026-05-19 00:13,2026-05-19 08:13,Tue,0,FP,,3.73,-0.145,3.73,-0.068,0.144
2026-05-19 01:14,2026-05-19 09:14,Tue,1,FP,,3.62,-0.282,3.62,-0.097,0.425
2026-05-19 02:15,2026-05-19 10:15,Tue,2,FP,,3.19,-0.32,3.19,-0.224,-0.151
2026-05-19 03:17,2026-05-19 11:17,Tue,3,FP,,3.16,-0.126,3.16,0.097,0.073
2026-05-19 04:20,2026-05-19 12:20,Tue,4,FP,,2.94,-0.154,2.94,-0.131,-0.092
2026-05-19 05:21,2026-05-19 13:21,Tue,5,FP,,3.6,-0.065,3.6,-0.071,0.282
2026-05-19 07:20,2026-05-19 15:20,Tue,7,FP,,5.16,-0.062,5.16,0.149,0.602
2026-05-19 08:23,2026-05-19 16:23,Tue,8,FP,,3.52,-0.121,3.52,-0.081,-0.087
2026-05-19 09:33,2026-05-19 17:33,Tue,9,FP,,3.18,-0.088,3.18,-0.291,0.082
2026-05-19 10:41,2026-05-19 18:41,Tue,10,FP,,5.05,-0.061,5.05,0.099,-0.184
2026-05-19 12:00,2026-05-19 20:00,Tue,12,FP,,3.18,-0.348,3.18,-0.184,0.469
2026-05-19 13:02,2026-05-19 21:02,Tue,13,FP,,4.94,-0.075,4.94,0.152,-0.492
2026-05-19 14:02,2026-05-19 22:02,Tue,14,FP,,5.96,-0.733,5.96,-0.312,0.136
2026-05-19 15:04,2026-05-19 23:04,Tue,15,FP,,3.45,-0.326,3.45,-0.215,0.343
2026-05-19 17:34,2026-05-20 01:34,Tue,17,FP,,3.13,-0.071,3.13,0.261,-0.149
2026-05-19 18:53,2026-05-20 02:53,Tue,18,FP,,3.04,-0.111,3.04,-0.159,1.087
2026-05-19 20:00,2026-05-20 04:00,Tue,20,FP,,2.66,-0.323,2.66,-0.202,-0.17
2026-05-20 00:08,2026-05-20 08:08,Wed,0,FP,,4.04,-0.058,4.04,-0.093,-0.345
2026-05-20 01:23,2026-05-20 09:23,Wed,1,FP,,3.85,-0.051,3.85,0.249,0.077
2026-05-20 02:25,2026-05-20 10:25,Wed,2,FP,,3.54,-0.06,3.54,0.101,-0.243
2026-05-20 03:26,2026-05-20 11:26,Wed,3,FP,,4.18,-0.381,4.18,-0.285,0.241
2026-05-20 04:47,2026-05-20 12:47,Wed,4,FP,,3.03,-0.064,3.03,-0.011,-0.082
2026-05-20 06:24,2026-05-20 14:24,Wed,6,FP,,4.36,-0.054,4.36,0.17,-0.593
2026-05-20 08:42,2026-05-20 16:42,Wed,8,FP,,2.64,-0.073,2.64,0.137,-0.544
2026-05-20 12:26,2026-05-20 20:26,Wed,12,FP,,3.25,-0.05,3.25,0.07,-0.608
2026-05-20 13:26,2026-05-20 21:26,Wed,13,FP,,3.28,-0.087,3.28,-0.114,0.454
2026-05-20 15:57,2026-05-20 23:57,Wed,15,FP,,5.01,-0.131,5.01,0.112,-0.995
2026-05-20 18:01,2026-05-21 02:01,Wed,18,FP,,3.0,-0.057,3.0,0.062,0.174
2026-05-20 22:09,2026-05-21 06:09,Wed,22,FP,,3.91,-0.102,3.91,-0.495,-0.154
2026-05-21 01:00,2026-05-21 09:00,Thu,1,FP,,7.84,-0.176,7.84,0.077,0.233
2026-05-21 02:12,2026-05-21 10:12,Thu,2,FP,,4.15,-0.076,4.15,0.117,0.015
2026-05-21 03:15,2026-05-21 11:15,Thu,3,FP,,3.55,-0.383,3.55,0.016,0.4
2026-05-21 05:12,2026-05-21 13:12,Thu,5,FP,,2.95,-0.077,2.95,0.08,-0.323
2026-05-21 06:50,2026-05-21 14:50,Thu,6,FP,,2.89,-0.085,2.89,-0.105,0.279
2026-05-21 07:50,2026-05-21 15:50,Thu,7,FP,,4.28,-0.052,4.28,0.051,-0.356
2026-05-21 10:11,2026-05-21 18:11,Thu,10,FP,,2.71,-0.096,2.71,-0.051,-0.39
2026-05-21 11:12,2026-05-21 19:12,Thu,11,FP,,3.1,-0.324,3.1,-0.367,3.191
2026-05-21 12:15,2026-05-21 20:15,Thu,12,FP,,4.36,-0.141,4.36,-0.078,0.229
2026-05-21 13:15,2026-05-21 21:15,Thu,13,FP,,4.7,-0.235,4.7,-0.07,1.046
2026-05-21 14:16,2026-05-21 22:16,Thu,14,FP,,6.07,-0.061,6.07,0.061,-0.486
2026-05-21 15:27,2026-05-21 23:27,Thu,15,FP,,3.07,-0.098,3.07,0.04,1.479
2026-05-21 18:48,2026-05-22 02:48,Thu,18,FP,,8.15,-0.165,8.15,-0.151,-0.049
2026-05-21 23:41,2026-05-22 07:41,Thu,23,FP,,3.16,-0.134,3.16,0.078,-0.176
2026-05-22 00:51,2026-05-22 08:51,Fri,0,FP,,3.39,-0.144,3.39,0.055,0.148
2026-05-22 02:00,2026-05-22 10:00,Fri,2,FP,,2.88,-0.15,2.88,-0.047,-0.153
2026-05-22 03:05,2026-05-22 11:05,Fri,3,FP,,3.02,-0.052,3.02,0.01,-0.368
2026-05-22 05:02,2026-05-22 13:02,Fri,5,FP,,2.52,-0.065,2.52,0.04,-0.072
2026-05-22 06:03,2026-05-22 14:03,Fri,6,FP,,2.66,-0.155,2.66,-0.077,0.986
2026-05-22 07:39,2026-05-22 15:39,Fri,7,FP,,2.55,-0.125,2.55,-0.151,0.704
2026-05-22 09:13,2026-05-22 17:13,Fri,9,FP,,2.55,-0.13,2.55,-0.159,0.426
2026-05-22 10:36,2026-05-22 18:36,Fri,10,FP,,3.3,-0.06,3.3,-0.1,0.392
2026-05-22 13:42,2026-05-22 21:42,Fri,13,FP,,7.14,-0.071,7.14,0.19,0.646
2026-05-22 14:43,2026-05-22 22:43,Fri,14,FP,,2.63,-0.323,2.63,-0.188,0.339
2026-05-22 16:42,2026-05-23 00:42,Fri,16,FP,,3.09,-0.052,3.09,-0.08,-0.175
2026-05-22 18:04,2026-05-23 02:04,Fri,18,FP,,4.67,-0.071,4.67,-0.091,-0.099
2026-05-22 19:30,2026-05-23 03:30,Fri,19,FP,,2.51,-0.203,2.51,-0.241,0.176
2026-05-25 00:12,2026-05-25 08:12,Mon,0,FP,,3.06,-0.068,3.06,0.069,0.491
2026-05-25 01:14,2026-05-25 09:14,Mon,1,FP,,3.69,-0.151,3.69,0.036,0.103
2026-05-25 02:16,2026-05-25 10:16,Mon,2,FP,,2.89,-0.121,2.89,0.013,-0.07
2026-05-25 05:32,2026-05-25 13:32,Mon,5,FP,,3.09,-0.138,3.09,0.073,-0.335
2026-05-25 08:05,2026-05-25 16:05,Mon,8,FP,,3.08,-0.073,3.08,-0.046,0.372
2026-05-25 12:07,2026-05-25 20:07,Mon,12,FP,,3.32,-0.178,3.32,0.049,-0.214
2026-05-25 17:45,2026-05-26 01:45,Mon,17,FP,,2.59,-0.164,2.59,0.033,-0.606
2026-05-25 23:26,2026-05-26 07:26,Mon,23,FP,,2.82,-0.062,2.82,-0.185,0.315
2026-05-26 00:27,2026-05-26 08:27,Tue,0,FP,,3.2,-0.423,3.2,-0.036,0.457
2026-05-26 01:29,2026-05-26 09:29,Tue,1,FP,,2.57,-0.117,2.57,-0.078,0.685
2026-05-26 02:30,2026-05-26 10:30,Tue,2,FP,,2.82,-0.123,2.82,0.049,-0.283
2026-05-26 04:30,2026-05-26 12:30,Tue,4,FP,,2.98,-0.232,2.98,-0.017,0.476
2026-05-26 07:09,2026-05-26 15:09,Tue,7,FP,,3.06,-0.073,3.06,-0.109,0.747
2026-05-26 08:24,2026-05-26 16:24,Tue,8,FP,,3.16,-0.067,3.16,-0.017,0.412
2026-05-26 09:31,2026-05-26 17:31,Tue,9,FP,,2.89,-0.055,2.89,0.096,0.194
2026-05-26 11:30,2026-05-26 19:30,Tue,11,FP,,6.03,-0.326,6.03,-0.122,0.862
2026-05-26 12:30,2026-05-26 20:30,Tue,12,FP,,4.32,-0.371,4.32,0.029,0.352
2026-05-26 13:53,2026-05-26 21:53,Tue,13,FP,,7.8,-0.163,7.8,-0.159,1.743
2026-05-26 14:55,2026-05-26 22:55,Tue,14,FP,,2.65,-0.066,2.65,0.126,0.154
2026-05-26 16:06,2026-05-27 00:06,Tue,16,FP,,3.29,-0.165,3.29,-0.232,-0.44
2026-05-26 17:28,2026-05-27 01:28,Tue,17,TP,2026-05-26 18:02 UP↑(B) gap=+34min,2.78,-0.073,2.78,-0.137,0.016
2026-05-26 20:59,2026-05-27 04:59,Tue,20,FP,,2.6,-0.081,2.6,-0.037,0.05
2026-05-26 22:04,2026-05-27 06:04,Tue,22,FP,,10.84,-0.096,10.84,-0.009,-0.195
2026-05-27 00:45,2026-05-27 08:45,Wed,0,FP,,3.06,-0.107,3.06,0.037,-0.258
2026-05-27 01:48,2026-05-27 09:48,Wed,1,FP,,2.64,-0.212,2.64,-0.015,-0.091
2026-05-27 04:00,2026-05-27 12:00,Wed,4,FP,,2.61,-0.167,2.61,-0.059,-0.271
2026-05-27 05:33,2026-05-27 13:33,Wed,5,FP,,5.54,-0.085,5.54,0.027,0.185
2026-05-27 06:34,2026-05-27 14:34,Wed,6,FP,,2.91,-0.293,2.91,0.013,-0.212
2026-05-27 07:48,2026-05-27 15:48,Wed,7,FP,,2.59,-0.164,2.59,0.069,-0.175
2026-05-27 10:00,2026-05-27 18:00,Wed,10,FP,,2.61,-0.154,2.61,0.049,-0.316
2026-05-27 11:00,2026-05-27 19:00,Wed,11,FP,,3.72,-0.903,3.72,0.056,0.311
2026-05-27 12:00,2026-05-27 20:00,Wed,12,FP,,3.38,-0.408,3.38,-0.204,0.471
2026-05-27 13:04,2026-05-27 21:04,Wed,13,FP,,5.65,-0.053,5.65,0.044,-1.296
2026-05-27 15:05,2026-05-27 23:05,Wed,15,FP,,2.61,-0.096,2.61,-0.191,1.339
2026-05-27 19:23,2026-05-28 03:23,Wed,19,FP,,3.22,-0.06,3.22,0.043,0.513
2026-05-27 23:00,2026-05-28 07:00,Wed,23,FP,,2.67,-0.174,2.67,-0.106,0.44
2026-05-28 00:00,2026-05-28 08:00,Thu,0,FP,,3.89,-0.149,3.89,-0.154,0.719
2026-05-28 01:02,2026-05-28 09:02,Thu,1,FP,,4.11,-0.11,4.11,0.128,-0.011
2026-05-28 02:02,2026-05-28 10:02,Thu,2,FP,,4.82,-0.968,4.82,-0.019,-0.144
2026-05-28 03:03,2026-05-28 11:03,Thu,3,FP,,2.81,-0.386,2.81,-0.114,0.809
2026-05-28 04:03,2026-05-28 12:03,Thu,4,FP,,3.29,-0.39,3.29,-0.339,1.54
2026-05-28 05:03,2026-05-28 13:03,Thu,5,FP,,4.01,-0.092,4.01,-0.027,-0.222
2026-05-28 06:36,2026-05-28 14:36,Thu,6,FP,,2.62,-0.108,2.62,0.023,-0.48
2026-05-28 08:25,2026-05-28 16:25,Thu,8,FP,,2.6,-0.105,2.6,0.032,-0.45
2026-05-28 10:49,2026-05-28 18:49,Thu,10,FP,,4.82,-0.275,4.82,-0.066,0.604
2026-05-28 12:20,2026-05-28 20:20,Thu,12,FP,,7.11,-0.165,7.11,0.016,0.115
2026-05-28 14:00,2026-05-28 22:00,Thu,14,FP,,6.16,-0.15,6.16,-0.039,0.636
2026-05-28 18:50,2026-05-29 02:50,Thu,18,FP,,2.79,-0.139,2.79,-0.079,0.575
2026-05-28 20:18,2026-05-29 04:18,Thu,20,FP,,3.23,-0.074,3.23,0.165,-0.239
2026-05-29 02:12,2026-05-29 10:12,Fri,2,FP,,2.61,-0.067,2.61,0.057,-0.091
2026-05-29 03:13,2026-05-29 11:13,Fri,3,FP,,2.93,-0.188,2.93,0.007,-0.45
2026-05-29 05:36,2026-05-29 13:36,Fri,5,FP,,2.53,-0.054,2.53,0.006,-0.046
2026-05-29 07:24,2026-05-29 15:24,Fri,7,FP,,2.74,-0.15,2.74,-0.003,0.028
2026-05-29 08:37,2026-05-29 16:37,Fri,8,FP,,2.6,-0.202,2.6,0.053,0.39
2026-05-29 10:17,2026-05-29 18:17,Fri,10,FP,,3.4,-0.075,3.4,-0.097,0.32
2026-05-29 11:30,2026-05-29 19:30,Fri,11,FP,,2.8,-0.124,2.8,0.003,-0.365
2026-05-29 12:30,2026-05-29 20:30,Fri,12,FP,,3.86,-0.107,3.86,0.05,0.298
2026-05-29 16:04,2026-05-30 00:04,Fri,16,FP,,2.85,-0.234,2.85,0.076,0.401
2026-05-29 17:04,2026-05-30 01:04,Fri,17,FP,,3.0,-0.08,3.0,-0.03,-1.054
2026-05-29 18:08,2026-05-30 02:08,Fri,18,FP,,2.94,-0.237,2.94,-0.129,0.489
2026-05-29 19:50,2026-05-30 03:50,Fri,19,FP,,3.1,-0.17,3.1,0.141,0.342
2026-05-29 20:59,2026-05-30 04:59,Fri,20,FP,,3.22,-0.145,3.22,0.012,-0.361
2026-05-31 22:00,2026-06-01 06:00,Sun,22,FP,,8.82,-0.343,8.82,-0.012,1.328
2026-06-01 00:17,2026-06-01 08:17,Mon,0,FP,,2.7,-0.092,2.7,0.063,0.369
2026-06-01 01:17,2026-06-01 09:17,Mon,1,FP,,2.7,-0.141,2.7,0.042,-0.078
2026-06-01 02:30,2026-06-01 10:30,Mon,2,FP,,6.84,-0.103,6.84,0.064,0.111
2026-06-01 03:38,2026-06-01 11:38,Mon,3,FP,,3.21,-0.243,3.21,-0.004,-0.334
2026-06-01 06:11,2026-06-01 14:11,Mon,6,FP,,3.78,-0.105,3.78,0.026,0.357
2026-06-01 07:11,2026-06-01 15:11,Mon,7,FP,,2.75,-0.157,2.75,0.011,0.367
2026-06-01 08:15,2026-06-01 16:15,Mon,8,FP,,3.73,-0.319,3.73,-0.118,0.527
2026-06-01 09:33,2026-06-01 17:33,Mon,9,FP,,3.25,-0.051,3.25,0.069,-0.247
2026-06-01 12:18,2026-06-01 20:18,Mon,12,FP,,4.28,-0.093,4.28,-0.09,-0.276
2026-06-01 13:18,2026-06-01 21:18,Mon,13,FP,,3.21,-0.329,3.21,-0.19,0.798
2026-06-01 14:18,2026-06-01 22:18,Mon,14,FP,,6.58,-0.72,6.58,-0.075,3.097
2026-06-01 16:30,2026-06-02 00:30,Mon,16,FP,,3.07,-0.068,3.07,-0.026,1.206
2026-06-01 19:52,2026-06-02 03:52,Mon,19,FP,,2.54,-0.165,2.54,-0.147,-0.211
2026-06-01 23:49,2026-06-02 07:49,Mon,23,FP,,2.67,-0.067,2.67,-0.007,-0.401
2026-06-02 01:00,2026-06-02 09:00,Tue,1,FP,,4.45,-0.125,4.45,-0.152,0.446
2026-06-02 02:03,2026-06-02 10:03,Tue,2,TP,2026-06-02 02:40 UP↑(A) gap=+37min,4.15,-0.173,4.15,-0.049,-0.974
2026-06-02 07:54,2026-06-02 15:54,Tue,7,FP,,2.76,-0.053,2.76,0.069,-0.95
2026-06-02 09:12,2026-06-02 17:12,Tue,9,FP,,2.73,-0.081,2.73,-0.056,-0.143
2026-06-02 10:21,2026-06-02 18:21,Tue,10,FP,,3.08,-0.111,3.08,0.03,1.386
2026-06-02 12:30,2026-06-02 20:30,Tue,12,FP,,7.88,-0.166,7.88,-0.026,0.0
2026-06-02 13:30,2026-06-02 21:30,Tue,13,FP,,4.46,-0.326,4.46,0.014,1.285
2026-06-02 14:32,2026-06-02 22:32,Tue,14,FP,,2.66,-0.224,2.66,0.099,-0.412
2026-06-02 16:07,2026-06-03 00:07,Tue,16,FP,,4.83,-0.135,4.83,-0.04,1.059
2026-06-02 17:08,2026-06-03 01:08,Tue,17,FP,,2.99,-0.21,2.99,0.013,0.508
2026-06-02 19:37,2026-06-03 03:37,Tue,19,FP,,2.59,-0.05,2.59,0.083,-0.208
2026-06-02 22:45,2026-06-03 06:45,Tue,22,FP,,8.38,-0.061,8.38,-0.009,0.608
2026-06-02 23:45,2026-06-03 07:45,Tue,23,FP,,4.73,-0.345,4.73,-0.066,1.038
2026-06-03 01:01,2026-06-03 09:01,Wed,1,FP,,7.53,-0.079,7.53,-0.05,0.477
2026-06-03 04:17,2026-06-03 12:17,Wed,4,FP,,3.08,-0.09,3.08,0.026,0.338
2026-06-03 05:24,2026-06-03 13:24,Wed,5,FP,,3.0,-0.267,3.0,-0.01,0.037
2026-06-03 06:33,2026-06-03 14:33,Wed,6,FP,,3.02,-0.103,3.02,-0.039,0.516
2026-06-03 07:39,2026-06-03 15:39,Wed,7,FP,,2.61,-0.104,2.61,-0.032,0.399
2026-06-03 08:45,2026-06-03 16:45,Wed,8,FP,,3.34,-0.082,3.34,0.014,0.287
2026-06-03 09:45,2026-06-03 17:45,Wed,9,FP,,3.15,-0.188,3.15,-0.053,0.322
2026-06-03 12:07,2026-06-03 20:07,Wed,12,FP,,3.7,-0.128,3.7,0.013,-0.224
2026-06-03 13:20,2026-06-03 21:20,Wed,13,FP,,4.28,-0.164,4.28,-0.103,-1.097
2026-06-03 14:20,2026-06-03 22:20,Wed,14,FP,,4.36,-0.101,4.36,-0.186,-0.126
2026-06-03 15:20,2026-06-03 23:20,Wed,15,FP,,2.86,-0.128,2.86,-0.05,0.311
2026-06-03 16:23,2026-06-04 00:23,Wed,16,FP,,3.62,-0.143,3.62,-0.143,0.603
2026-06-03 17:30,2026-06-04 01:30,Wed,17,FP,,3.41,-0.059,3.41,-0.027,0.255
2026-06-03 20:05,2026-06-04 04:05,Wed,20,FP,,3.71,-0.208,3.71,-0.14,0.354
2026-06-03 22:04,2026-06-04 06:04,Wed,22,FP,,5.69,-0.055,5.69,-0.343,-0.454
2026-06-04 00:35,2026-06-04 08:35,Thu,0,FP,,4.14,-0.056,4.14,0.2,0.089
2026-06-04 02:10,2026-06-04 10:10,Thu,2,FP,,2.77,-0.084,2.77,-0.173,-0.126
2026-06-04 03:47,2026-06-04 11:47,Thu,3,FP,,2.51,-0.171,2.51,0.029,0.654
2026-06-04 05:30,2026-06-04 13:30,Thu,5,FP,,3.2,-0.076,3.2,-0.062,0.239
2026-06-04 06:41,2026-06-04 14:41,Thu,6,FP,,3.2,-0.061,3.2,0.075,-0.178
2026-06-04 07:44,2026-06-04 15:44,Thu,7,FP,,2.53,-0.176,2.53,0.049,0.284
2026-06-04 09:30,2026-06-04 17:30,Thu,9,FP,,3.42,-0.083,3.42,-0.109,0.355
2026-06-04 13:00,2026-06-04 21:00,Thu,13,FP,,4.32,-0.203,4.32,0.067,0.536
2026-06-04 14:00,2026-06-04 22:00,Thu,14,FP,,4.69,-0.122,4.69,0.127,-0.431
2026-06-04 15:00,2026-06-04 23:00,Thu,15,FP,,4.99,-0.708,4.99,0.172,0.747
2026-06-04 17:29,2026-06-05 01:29,Thu,17,FP,,3.14,-0.15,3.14,0.079,-0.845
2026-06-04 23:01,2026-06-05 07:01,Thu,23,FP,,3.33,-0.117,3.33,-0.029,-0.013
2026-06-05 00:01,2026-06-05 08:01,Fri,0,FP,,4.78,-0.159,4.78,-0.237,0.092
2026-06-05 01:25,2026-06-05 09:25,Fri,1,FP,,4.44,-0.086,4.44,-0.195,0.248
2026-06-05 02:30,2026-06-05 10:30,Fri,2,FP,,7.95,-0.282,7.95,0.15,0.425
2026-06-05 03:30,2026-06-05 11:30,Fri,3,FP,,2.74,-0.133,2.74,-0.053,-0.246
2026-06-05 05:57,2026-06-05 13:57,Fri,5,FP,,2.57,-0.162,2.57,-0.097,0.043
2026-06-05 09:30,2026-06-05 17:30,Fri,9,FP,,3.04,-0.082,3.04,0.01,0.61
2026-06-05 11:24,2026-06-05 19:24,Fri,11,FP,,5.06,-0.129,5.06,-0.149,0.919
2026-06-05 12:30,2026-06-05 20:30,Fri,12,FP,,18.58,-0.359,18.58,-0.168,0.022
2026-06-05 13:30,2026-06-05 21:30,Fri,13,FP,,9.29,-1.149,9.29,-0.171,-1.388
2026-06-05 14:30,2026-06-05 22:30,Fri,14,FP,,3.61,-0.853,3.61,-0.301,-0.602
2026-06-05 15:30,2026-06-05 23:30,Fri,15,FP,,3.61,-0.178,3.61,-0.166,-0.333
2026-06-05 16:30,2026-06-06 00:30,Fri,16,FP,,3.41,-0.599,3.41,-0.543,-0.856
2026-06-05 18:03,2026-06-06 02:03,Fri,18,FP,,3.31,-0.127,3.31,0.008,-0.098
2026-06-05 19:03,2026-06-06 03:03,Fri,19,FP,,3.53,-0.359,3.53,-0.62,0.189
2026-06-07 22:02,2026-06-08 06:02,Sun,22,FP,,15.92,-0.126,15.92,0.063,3.924
2026-06-08 01:00,2026-06-08 09:00,Mon,1,FP,,9.44,-0.134,9.44,0.244,-0.34
2026-06-08 02:00,2026-06-08 10:00,Mon,2,FP,,5.43,-0.187,5.43,-0.089,0.933
2026-06-08 03:00,2026-06-08 11:00,Mon,3,FP,,3.71,-0.372,3.71,0.102,0.354
2026-06-08 04:52,2026-06-08 12:52,Mon,4,FP,,2.89,-0.054,2.89,-0.146,0.863
2026-06-08 05:52,2026-06-08 13:52,Mon,5,FP,,4.37,-0.398,4.37,-0.199,0.207
2026-06-08 07:01,2026-06-08 15:01,Mon,7,FP,,3.16,-0.156,3.16,0.056,0.663
2026-06-08 08:01,2026-06-08 16:01,Mon,8,FP,,3.69,-0.132,3.69,0.264,-0.156
2026-06-08 09:05,2026-06-08 17:05,Mon,9,FP,,4.16,-0.089,4.16,-0.108,-0.245
2026-06-08 12:21,2026-06-08 20:21,Mon,12,FP,,3.03,-0.084,3.03,0.057,-0.431
2026-06-08 13:57,2026-06-08 21:57,Mon,13,FP,,3.56,-0.058,3.56,-0.299,-0.719
2026-06-08 17:03,2026-06-09 01:03,Mon,17,FP,,2.63,-0.08,2.63,-0.331,-0.483
2026-06-08 19:16,2026-06-09 03:16,Mon,19,FP,,2.84,-0.306,2.84,-0.31,-0.082
2026-06-08 23:34,2026-06-09 07:34,Mon,23,FP,,3.48,-0.174,3.48,0.162,0.06
2026-06-09 00:38,2026-06-09 08:38,Tue,0,FP,,3.73,-0.054,3.73,-0.345,-0.46
2026-06-09 02:36,2026-06-09 10:36,Tue,2,FP,,2.98,-0.086,2.98,0.059,-0.143
2026-06-09 04:12,2026-06-09 12:12,Tue,4,FP,,2.55,-0.064,2.55,0.1,-0.282
2026-06-09 06:31,2026-06-09 14:31,Tue,6,FP,,2.61,-0.076,2.61,-0.053,-0.072
2026-06-09 07:31,2026-06-09 15:31,Tue,7,FP,,2.81,-0.143,2.81,-0.0,-0.322
2026-06-09 09:27,2026-06-09 17:27,Tue,9,FP,,3.84,-0.065,3.84,0.088,-0.435
2026-06-09 13:03,2026-06-09 21:03,Tue,13,FP,,3.08,-0.052,3.08,0.11,0.011
2026-06-09 14:03,2026-06-09 22:03,Tue,14,FP,,7.0,-0.315,7.0,0.15,-1.913
2026-06-09 15:03,2026-06-09 23:03,Tue,15,FP,,4.71,-0.762,4.71,-0.901,-0.011
2026-06-09 16:03,2026-06-10 00:03,Tue,16,FP,,3.97,-0.451,3.97,-1.065,-1.318
2026-06-09 17:03,2026-06-10 01:03,Tue,17,FP,,3.32,-0.374,3.32,-0.212,1.439
2026-06-09 19:11,2026-06-10 03:11,Tue,19,FP,,3.46,-0.066,3.46,0.336,-0.395
2026-06-09 22:00,2026-06-10 06:00,Tue,22,FP,,8.29,-0.128,8.29,-0.108,0.835
2026-06-09 23:00,2026-06-10 07:00,Tue,23,FP,,3.71,-0.396,3.71,-0.095,-0.324
2026-06-10 00:01,2026-06-10 08:01,Wed,0,FP,,5.39,-0.461,5.39,0.123,0.309
2026-06-10 01:01,2026-06-10 09:01,Wed,1,FP,,12.81,-0.354,12.81,0.003,-0.362
2026-06-10 02:03,2026-06-10 10:03,Wed,2,FP,,4.27,-0.287,4.27,-0.092,0.352
2026-06-10 03:04,2026-06-10 11:04,Wed,3,FP,,3.56,-0.242,3.56,0.0,-0.509
2026-06-10 04:28,2026-06-10 12:28,Wed,4,FP,,4.4,-0.08,4.4,-0.136,-0.247
2026-06-10 06:55,2026-06-10 14:55,Wed,6,FP,,2.55,-0.077,2.55,0.021,-0.011
2026-06-10 07:56,2026-06-10 15:56,Wed,7,FP,,2.53,-0.418,2.53,-0.026,-0.079
2026-06-10 08:58,2026-06-10 16:58,Wed,8,FP,,2.77,-0.421,2.77,-0.449,-0.59
2026-06-10 10:05,2026-06-10 18:05,Wed,10,FP,,4.03,-0.058,4.03,-0.075,0.881
2026-06-10 11:05,2026-06-10 19:05,Wed,11,FP,,10.55,-0.109,10.55,-0.26,1.574
2026-06-10 12:05,2026-06-10 20:05,Wed,12,FP,,3.79,-0.275,3.79,0.217,0.08
2026-06-10 13:16,2026-06-10 21:16,Wed,13,FP,,8.72,-0.081,8.72,0.361,-0.334
2026-06-10 14:36,2026-06-10 22:36,Wed,14,FP,,3.54,-0.113,3.54,0.428,0.998
2026-06-10 15:36,2026-06-10 23:36,Wed,15,FP,,5.1,-0.598,5.1,-0.725,-0.61
2026-06-10 16:41,2026-06-11 00:41,Wed,16,FP,,3.64,-0.061,3.64,-0.044,1.359
2026-06-10 17:44,2026-06-11 01:44,Wed,17,FP,,4.01,-0.484,4.01,-0.392,0.676
2026-06-10 18:48,2026-06-11 02:48,Wed,18,FP,,3.01,-0.124,3.01,-0.294,-1.324
2026-06-10 19:49,2026-06-11 03:49,Wed,19,FP,,2.65,-0.391,2.65,-0.151,0.355
2026-06-10 22:01,2026-06-11 06:01,Wed,22,FP,,5.89,-0.152,5.89,-0.231,0.267
2026-06-10 23:01,2026-06-11 07:01,Wed,23,FP,,2.7,-0.404,2.7,-0.104,1.247
2026-06-11 00:03,2026-06-11 08:03,Thu,0,FP,,9.03,-0.13,9.03,0.042,-0.873
2026-06-11 02:17,2026-06-11 10:17,Thu,2,FP,,2.63,-0.205,2.63,-0.185,-0.071
2026-06-11 03:19,2026-06-11 11:19,Thu,3,FP,,2.93,-0.694,2.93,-0.051,-0.055
2026-06-11 05:15,2026-06-11 13:15,Thu,5,FP,,3.99,-0.07,3.99,0.037,-0.752
2026-06-11 06:34,2026-06-11 14:34,Thu,6,FP,,2.78,-0.266,2.78,-0.045,-0.105
2026-06-11 08:23,2026-06-11 16:23,Thu,8,FP,,3.72,-0.073,3.72,0.078,-0.96
2026-06-11 09:23,2026-06-11 17:23,Thu,9,FP,,2.75,-0.463,2.75,-0.016,0.359
2026-06-11 11:00,2026-06-11 19:00,Thu,11,FP,,3.14,-0.131,3.14,-0.105,-0.185
2026-06-11 12:00,2026-06-11 20:00,Thu,12,FP,,2.93,-0.18,2.93,0.061,-0.14
2026-06-11 13:01,2026-06-11 21:01,Thu,13,FP,,3.97,-0.137,3.97,-0.311,1.41
2026-06-11 14:02,2026-06-11 22:02,Thu,14,FP,,7.17,-0.161,7.17,0.255,-0.605
2026-06-11 15:02,2026-06-11 23:02,Thu,15,FP,,4.81,-0.126,4.81,-0.796,0.508
2026-06-11 16:38,2026-06-12 00:38,Thu,16,FP,,2.52,-0.05,2.52,0.067,0.484
2026-06-11 18:41,2026-06-12 02:41,Thu,18,FP,,4.71,-0.085,4.71,-0.137,1.548
2026-06-11 22:02,2026-06-12 06:02,Thu,22,FP,,6.12,-0.07,6.12,-0.016,-0.909
2026-06-11 23:41,2026-06-12 07:41,Thu,23,FP,,3.11,-0.084,3.11,0.032,0.207
2026-06-12 00:42,2026-06-12 08:42,Fri,0,FP,,4.21,-0.226,4.21,0.032,0.61
2026-06-12 01:42,2026-06-12 09:42,Fri,1,FP,,2.75,-0.653,2.75,-0.196,0.283
2026-06-12 02:47,2026-06-12 10:47,Fri,2,FP,,2.51,-0.132,2.51,0.085,-0.012
2026-06-12 04:16,2026-06-12 12:16,Fri,4,FP,,3.29,-0.132,3.29,-0.036,-0.795
2026-06-12 05:17,2026-06-12 13:17,Fri,5,FP,,2.65,-0.119,2.65,0.096,-0.174
2026-06-12 06:22,2026-06-12 14:22,Fri,6,FP,,3.18,-0.167,3.18,-0.181,0.035
2026-06-12 07:28,2026-06-12 15:28,Fri,7,FP,,2.95,-0.055,2.95,-0.237,0.093
2026-06-12 10:15,2026-06-12 18:15,Fri,10,FP,,3.48,-0.051,3.48,0.104,0.585
2026-06-12 11:18,2026-06-12 19:18,Fri,11,FP,,3.46,-0.254,3.46,-0.023,-0.083
2026-06-12 12:21,2026-06-12 20:21,Fri,12,FP,,3.01,-0.081,3.01,-0.053,0.998
2026-06-12 13:40,2026-06-12 21:40,Fri,13,FP,,16.55,-0.078,16.55,-0.449,0.554
2026-06-12 14:41,2026-06-12 22:41,Fri,14,FP,,7.75,-0.082,7.75,0.336,-0.264
2026-06-12 16:24,2026-06-13 00:24,Fri,16,FP,,2.98,-0.23,2.98,-0.471,0.362
2026-06-12 18:58,2026-06-13 02:58,Fri,18,FP,,3.25,-0.116,3.25,0.031,-0.63
2026-06-12 19:58,2026-06-13 03:58,Fri,19,FP,,2.82,-0.13,2.82,0.033,-0.13
2026-06-14 23:04,2026-06-15 07:04,Sun,23,FP,,2.91,-0.38,2.91,0.033,0.065
2026-06-15 01:00,2026-06-15 09:00,Mon,1,FP,,9.45,-0.111,9.45,0.12,0.167
2026-06-15 03:26,2026-06-15 11:26,Mon,3,FP,,2.87,-0.126,2.87,0.044,-0.218
2026-06-15 05:33,2026-06-15 13:33,Mon,5,FP,,2.62,-0.053,2.62,0.04,0.428
2026-06-15 06:33,2026-06-15 14:33,Mon,6,FP,,2.77,-0.441,2.77,-0.004,-0.408
2026-06-15 09:35,2026-06-15 17:35,Mon,9,FP,,3.56,-0.091,3.56,-0.088,-0.081
2026-06-15 10:39,2026-06-15 18:39,Mon,10,FP,,3.56,-0.073,3.56,0.029,0.337
2026-06-15 11:45,2026-06-15 19:45,Mon,11,FP,,2.85,-0.088,2.85,0.035,0.068
2026-06-15 14:36,2026-06-15 22:36,Mon,14,FP,,3.36,-0.077,3.36,-0.001,-0.616
2026-06-15 16:17,2026-06-16 00:17,Mon,16,FP,,4.92,-0.134,4.92,0.193,-0.627
2026-06-15 17:25,2026-06-16 01:25,Mon,17,FP,,3.1,-0.25,3.1,-0.024,0.537
2026-06-15 18:29,2026-06-16 02:29,Mon,18,FP,,2.63,-0.117,2.63,-0.196,0.416
2026-06-15 20:21,2026-06-16 04:21,Mon,20,FP,,4.9,-0.237,4.9,-0.005,0.28
2026-06-16 00:22,2026-06-16 08:22,Tue,0,FP,,2.94,-0.123,2.94,0.011,-0.037
2026-06-16 02:07,2026-06-16 10:07,Tue,2,FP,,2.88,-0.156,2.88,0.03,-0.16
2026-06-16 05:39,2026-06-16 13:39,Tue,5,FP,,3.91,-0.169,3.91,-0.05,-0.291
2026-06-16 11:15,2026-06-16 19:15,Tue,11,FP,,3.55,-0.127,3.55,0.077,-0.546
2026-06-16 13:22,2026-06-16 21:22,Tue,13,FP,,4.82,-0.131,4.82,0.026,0.019
2026-06-16 14:22,2026-06-16 22:22,Tue,14,FP,,2.57,-0.215,2.57,-0.132,-0.206
2026-06-16 15:24,2026-06-16 23:24,Tue,15,FP,,3.89,-0.085,3.89,-0.081,-0.638
2026-06-16 17:13,2026-06-17 01:13,Tue,17,FP,,2.75,-0.189,2.75,-0.122,0.165
2026-06-16 19:58,2026-06-17 03:58,Tue,19,FP,,2.73,-0.127,2.73,-0.142,0.615
2026-06-16 23:50,2026-06-17 07:50,Tue,23,FP,,2.67,-0.057,2.67,-0.062,-0.104
2026-06-17 02:45,2026-06-17 10:45,Wed,2,FP,,3.53,-0.094,3.53,-0.008,-0.282
2026-06-17 04:01,2026-06-17 12:01,Wed,4,FP,,3.03,-0.091,3.03,0.013,-0.572
2026-06-17 05:17,2026-06-17 13:17,Wed,5,FP,,3.17,-0.175,3.17,-0.002,-0.47
2026-06-17 06:21,2026-06-17 14:21,Wed,6,FP,,3.2,-0.09,3.2,-0.02,0.829
2026-06-17 07:49,2026-06-17 15:49,Wed,7,FP,,2.64,-0.063,2.64,-0.053,0.293
2026-06-17 08:50,2026-06-17 16:50,Wed,8,FP,,3.27,-0.15,3.27,-0.167,1.463
2026-06-17 11:56,2026-06-17 19:56,Wed,11,FP,,3.07,-0.25,3.07,-0.11,0.819
2026-06-17 14:47,2026-06-17 22:47,Wed,14,FP,,24.13,-0.12,24.13,-0.382,2.428
2026-06-17 17:05,2026-06-18 01:05,Wed,17,FP,,2.92,-0.101,2.92,-0.169,0.163
2026-06-17 18:05,2026-06-18 02:05,Wed,18,FP,,18.02,-1.27,18.02,-0.8,-0.557
2026-06-17 19:05,2026-06-18 03:05,Wed,19,FP,,5.06,-0.704,5.06,0.357,0.192
2026-06-17 20:05,2026-06-18 04:05,Wed,20,FP,,7.66,-0.599,7.66,-0.605,-0.689
2026-06-18 02:02,2026-06-18 10:02,Thu,2,FP,,4.03,-0.096,4.03,0.001,-0.426
2026-06-18 03:04,2026-06-18 11:04,Thu,3,FP,,2.82,-0.225,2.82,0.013,-0.16
2026-06-18 04:20,2026-06-18 12:20,Thu,4,FP,,3.94,-0.081,3.94,-0.124,-0.344
2026-06-18 05:46,2026-06-18 13:46,Thu,5,FP,,6.63,-0.164,6.63,0.066,0.034
2026-06-18 07:01,2026-06-18 15:01,Thu,7,FP,,2.77,-0.07,2.77,0.158,0.026
2026-06-18 08:01,2026-06-18 16:01,Thu,8,FP,,3.78,-0.375,3.78,0.094,0.27
2026-06-18 09:01,2026-06-18 17:01,Thu,9,FP,,4.69,-0.533,4.69,-0.22,-0.427
2026-06-18 10:22,2026-06-18 18:22,Thu,10,FP,,5.91,-0.103,5.91,0.101,0.196
2026-06-18 11:28,2026-06-18 19:28,Thu,11,FP,,3.74,-0.428,3.74,-0.266,0.687
2026-06-18 13:20,2026-06-18 21:20,Thu,13,FP,,4.55,-0.186,4.55,0.201,-0.484
2026-06-18 14:20,2026-06-18 22:20,Thu,14,FP,,3.32,-0.126,3.32,-0.095,-1.248
2026-06-18 15:20,2026-06-18 23:20,Thu,15,FP,,2.82,-0.142,2.82,0.038,-0.294
2026-06-18 16:20,2026-06-19 00:20,Thu,16,FP,,2.53,-0.451,2.53,0.051,1.686
2026-06-18 18:50,2026-06-19 02:50,Thu,18,FP,,2.57,-0.267,2.57,-0.06,1.491
2026-06-18 19:55,2026-06-19 03:55,Thu,19,FP,,2.67,-0.147,2.67,0.14,0.026
2026-06-18 22:03,2026-06-19 06:03,Thu,22,FP,,5.4,-0.093,5.4,-0.017,-0.013
2026-06-18 23:03,2026-06-19 07:03,Thu,23,FP,,2.92,-0.12,2.92,-0.175,-0.102
2026-06-19 00:03,2026-06-19 08:03,Fri,0,FP,,3.05,-0.205,3.05,0.055,-0.318
2026-06-19 01:05,2026-06-19 09:05,Fri,1,FP,,6.39,-0.096,6.39,-0.092,0.087
2026-06-19 02:08,2026-06-19 10:08,Fri,2,FP,,5.59,-0.117,5.59,-0.131,0.739
2026-06-19 03:14,2026-06-19 11:14,Fri,3,FP,,3.4,-0.325,3.4,-0.004,-0.112
2026-06-19 04:15,2026-06-19 12:15,Fri,4,FP,,4.32,-0.586,4.32,-0.086,-0.363
2026-06-19 05:20,2026-06-19 13:20,Fri,5,FP,,2.66,-0.525,2.66,-0.237,0.789
2026-06-19 09:23,2026-06-19 17:23,Fri,9,FP,,4.75,-0.188,4.75,-0.039,-0.473
2026-06-19 10:25,2026-06-19 18:25,Fri,10,FP,,2.73,-0.311,2.73,-0.094,0.172
2026-06-19 11:25,2026-06-19 19:25,Fri,11,FP,,3.0,-0.203,3.0,-0.112,0.04
2026-06-19 12:47,2026-06-19 20:47,Fri,12,FP,,4.05,-0.119,4.05,-0.059,0.811
2026-06-19 13:56,2026-06-19 21:56,Fri,13,FP,,4.02,-0.463,4.02,0.012,0.564
2026-06-19 14:58,2026-06-19 22:58,Fri,14,FP,,2.7,-0.125,2.7,0.067,0.25
2026-06-21 22:00,2026-06-22 06:00,Sun,22,FP,,10.02,-0.163,10.02,-0.244,1.615
2026-06-21 23:31,2026-06-22 07:31,Sun,23,FP,,4.86,-0.068,4.86,-0.229,0.387
2026-06-22 01:55,2026-06-22 09:55,Mon,1,FP,,2.93,-0.058,2.93,0.051,-2.196
2026-06-22 03:06,2026-06-22 11:06,Mon,3,FP,,3.27,-0.066,3.27,-0.172,0.073
2026-06-22 04:28,2026-06-22 12:28,Mon,4,FP,,2.99,-0.056,2.99,-0.121,-0.178
2026-06-22 07:30,2026-06-22 15:30,Mon,7,FP,,3.41,-0.061,3.41,0.171,0.452
2026-06-22 08:30,2026-06-22 16:30,Mon,8,FP,,2.77,-0.119,2.77,-0.154,-0.093
2026-06-22 11:11,2026-06-22 19:11,Mon,11,FP,,2.54,-0.134,2.54,-0.024,0.047
2026-06-22 12:44,2026-06-22 20:44,Mon,12,FP,,2.68,-0.064,2.68,0.075,-0.792
2026-06-22 13:44,2026-06-22 21:44,Mon,13,FP,,3.15,-0.307,3.15,0.093,-0.899
2026-06-22 14:54,2026-06-22 22:54,Mon,14,FP,,4.21,-0.156,4.21,-0.709,0.176
2026-06-22 15:54,2026-06-22 23:54,Mon,15,FP,,4.31,-0.442,4.31,0.111,-0.663
2026-06-22 17:32,2026-06-23 01:32,Mon,17,FP,,2.64,-0.096,2.64,0.013,-0.204
2026-06-22 19:53,2026-06-23 03:53,Mon,19,FP,,2.59,-0.073,2.59,0.116,0.609
2026-06-23 00:01,2026-06-23 08:01,Tue,0,FP,,4.11,-0.067,4.11,-0.027,-0.061
2026-06-23 01:17,2026-06-23 09:17,Tue,1,FP,,6.56,-0.119,6.56,0.104,-0.02
2026-06-23 02:18,2026-06-23 10:18,Tue,2,FP,,3.33,-0.372,3.33,-0.184,-0.007
2026-06-23 03:18,2026-06-23 11:18,Tue,3,FP,,4.69,-0.6,4.69,-0.187,-0.378
2026-06-23 04:35,2026-06-23 12:35,Tue,4,FP,,2.8,-0.063,2.8,-0.125,0.02
2026-06-23 05:35,2026-06-23 13:35,Tue,5,FP,,3.37,-0.138,3.37,-0.299,-0.333
2026-06-23 06:35,2026-06-23 14:35,Tue,6,FP,,3.78,-0.375,3.78,-0.22,-0.974
2026-06-23 07:35,2026-06-23 15:35,Tue,7,FP,,4.66,-0.051,4.66,-0.19,0.378
2026-06-23 08:35,2026-06-23 16:35,Tue,8,FP,,3.58,-0.26,3.58,-0.091,0.994
2026-06-23 11:01,2026-06-23 19:01,Tue,11,FP,,4.05,-0.214,4.05,-0.139,0.401
2026-06-23 12:09,2026-06-23 20:09,Tue,12,FP,,2.75,-0.143,2.75,0.198,-0.42
2026-06-23 13:10,2026-06-23 21:10,Tue,13,FP,,4.16,-0.148,4.16,-0.212,0.238
2026-06-23 14:48,2026-06-23 22:48,Tue,14,FP,,3.37,-0.159,3.37,0.058,0.144
2026-06-23 16:56,2026-06-24 00:56,Tue,16,FP,,3.99,-0.061,3.99,0.177,-0.13
2026-06-23 18:23,2026-06-24 02:23,Tue,18,FP,,2.8,-0.294,2.8,-0.259,-0.225
2026-06-23 20:00,2026-06-24 04:00,Tue,20,FP,,3.56,-0.183,3.56,-0.09,0.01
2026-06-23 22:20,2026-06-24 06:20,Tue,22,FP,,5.59,-0.1,5.59,0.129,0.134
2026-06-23 23:31,2026-06-24 07:31,Tue,23,FP,,3.02,-0.241,3.02,-0.054,-0.328
2026-06-24 00:57,2026-06-24 08:57,Wed,0,FP,,2.59,-0.074,2.59,0.078,0.268
2026-06-24 01:58,2026-06-24 09:58,Wed,1,FP,,3.52,-0.144,3.52,0.003,-0.336
2026-06-24 02:59,2026-06-24 10:59,Wed,2,FP,,5.06,-0.682,5.06,-0.288,-0.668
2026-06-24 04:48,2026-06-24 12:48,Wed,4,FP,,2.58,-0.087,2.58,0.037,0.311
2026-06-24 07:16,2026-06-24 15:16,Wed,7,FP,,3.14,-0.144,3.14,-0.004,-0.536
2026-06-24 08:24,2026-06-24 16:24,Wed,8,FP,,2.93,-0.194,2.93,-0.004,-0.333
2026-06-24 09:29,2026-06-24 17:29,Wed,9,FP,,3.69,-0.274,3.69,-0.026,-0.084
2026-06-24 10:29,2026-06-24 18:29,Wed,10,FP,,2.52,-0.209,2.52,0.045,0.418
2026-06-24 11:30,2026-06-24 19:30,Wed,11,FP,,2.73,-0.393,2.73,-0.016,-0.695
2026-06-24 12:30,2026-06-24 20:30,Wed,12,FP,,6.02,-0.843,6.02,0.191,-0.63
2026-06-24 13:30,2026-06-24 21:30,Wed,13,FP,,7.74,-0.811,7.74,-0.284,-1.472
2026-06-24 14:45,2026-06-24 22:45,Wed,14,FP,,4.18,-0.063,4.18,0.257,-0.47
2026-06-24 15:45,2026-06-24 23:45,Wed,15,TP,2026-06-24 16:35 DN↓(B) gap=+50min,4.41,-0.079,4.41,0.051,0.615
2026-06-24 16:50,2026-06-25 00:50,Wed,16,TP,2026-06-24 16:35 DN↓(B) gap=-15min,3.89,-0.059,3.89,-0.29,0.341
2026-06-24 17:50,2026-06-25 01:50,Wed,17,FP,,5.12,-0.793,5.12,-0.587,-0.212
2026-06-24 19:11,2026-06-25 03:11,Wed,19,FP,,2.58,-0.366,2.58,-0.219,-0.456
2026-06-24 22:53,2026-06-25 06:53,Wed,22,FP,,3.91,-0.077,3.91,0.058,0.033
2026-06-25 00:30,2026-06-25 08:30,Thu,0,FP,,2.69,-0.108,2.69,-0.038,0.186
2026-06-25 01:30,2026-06-25 09:30,Thu,1,FP,,3.75,-0.086,3.75,-0.119,-1.049
2026-06-25 02:30,2026-06-25 10:30,Thu,2,FP,,8.48,-0.277,8.48,0.053,-0.209
2026-06-25 03:30,2026-06-25 11:30,Thu,3,FP,,3.89,-0.192,3.89,0.097,-0.072
2026-06-25 05:22,2026-06-25 13:22,Thu,5,FP,,2.69,-0.089,2.69,0.041,0.123
2026-06-25 06:23,2026-06-25 14:23,Thu,6,FP,,2.9,-0.381,2.9,0.126,0.317
2026-06-25 07:39,2026-06-25 15:39,Thu,7,FP,,3.18,-0.061,3.18,0.095,0.072
2026-06-25 09:17,2026-06-25 17:17,Thu,9,FP,,3.32,-0.063,3.32,-0.05,-0.753
2026-06-25 10:18,2026-06-25 18:18,Thu,10,FP,,2.9,-0.064,2.9,0.131,0.173
2026-06-25 11:18,2026-06-25 19:18,Thu,11,FP,,4.25,-0.127,4.25,-0.08,-0.043
2026-06-25 13:47,2026-06-25 21:47,Thu,13,FP,,3.89,-0.113,3.89,-0.995,1.003
2026-06-25 14:50,2026-06-25 22:50,Thu,14,FP,,3.36,-0.059,3.36,0.417,0.77
2026-06-25 16:45,2026-06-26 00:45,Thu,16,FP,,7.65,-0.133,7.65,-0.523,0.161
2026-06-25 18:05,2026-06-26 02:05,Thu,18,FP,,3.03,-0.062,3.03,-0.05,0.363
2026-06-25 19:28,2026-06-26 03:28,Thu,19,FP,,2.92,-0.127,2.92,-0.475,0.542
2026-06-25 20:59,2026-06-26 04:59,Thu,20,FP,,2.69,-0.06,2.69,0.135,-0.83
2026-06-25 22:24,2026-06-26 06:24,Thu,22,FP,,3.33,-0.07,3.33,-0.205,0.046
2026-06-25 23:33,2026-06-26 07:33,Thu,23,FP,,2.99,-0.095,2.99,0.393,0.091
2026-06-26 00:36,2026-06-26 08:36,Fri,0,FP,,3.3,-0.183,3.3,-0.208,0.276
2026-06-26 01:46,2026-06-26 09:46,Fri,1,FP,,3.73,-0.12,3.73,-0.343,-0.328
2026-06-26 02:46,2026-06-26 10:46,Fri,2,FP,,3.41,-0.659,3.41,-0.291,-0.505
2026-06-26 05:55,2026-06-26 13:55,Fri,5,FP,,3.41,-0.051,3.41,0.085,0.554
2026-06-26 08:01,2026-06-26 16:01,Fri,8,FP,,3.36,-0.107,3.36,0.042,-0.888
2026-06-26 10:19,2026-06-26 18:19,Fri,10,FP,,4.19,-0.051,4.19,0.003,-0.058
2026-06-26 11:50,2026-06-26 19:50,Fri,11,FP,,2.69,-0.146,2.69,0.002,1.116
2026-06-26 13:09,2026-06-26 21:09,Fri,13,FP,,3.64,-0.081,3.64,-0.275,-0.208
2026-06-26 15:15,2026-06-26 23:15,Fri,15,FP,,2.94,-0.16,2.94,-0.191,-0.795
2026-06-26 16:39,2026-06-27 00:39,Fri,16,FP,,2.69,-0.177,2.69,-0.186,0.189
2026-06-26 17:42,2026-06-27 01:42,Fri,17,FP,,3.0,-0.172,3.0,-0.032,0.383
2026-06-26 19:08,2026-06-27 03:08,Fri,19,FP,,2.51,-0.269,2.51,-0.266,-0.339
2026-06-28 22:00,2026-06-29 06:00,Sun,22,FP,,9.0,-0.203,9.0,-0.002,0.192
2026-06-28 23:01,2026-06-29 07:01,Sun,23,FP,,3.02,-0.159,3.02,0.281,-0.178
2026-06-29 00:01,2026-06-29 08:01,Mon,0,FP,,4.39,-0.178,4.39,-0.005,-0.65
2026-06-29 01:03,2026-06-29 09:03,Mon,1,FP,,4.39,-0.059,4.39,-0.089,0.632
2026-06-29 02:05,2026-06-29 10:05,Mon,2,FP,,3.09,-0.057,3.09,-0.002,0.079
2026-06-29 04:33,2026-06-29 12:33,Mon,4,FP,,2.6,-0.172,2.6,0.053,-0.043
2026-06-29 05:33,2026-06-29 13:33,Mon,5,FP,,4.04,-0.476,4.04,0.022,-0.607
2026-06-29 08:41,2026-06-29 16:41,Mon,8,FP,,3.38,-0.06,3.38,0.056,0.603
2026-06-29 09:48,2026-06-29 17:48,Mon,9,FP,,4.92,-0.465,4.92,-0.041,0.6
2026-06-29 11:14,2026-06-29 19:14,Mon,11,FP,,2.58,-0.103,2.58,0.089,-0.393
2026-06-29 13:12,2026-06-29 21:12,Mon,13,FP,,3.52,-0.071,3.52,0.028,0.15
2026-06-29 14:12,2026-06-29 22:12,Mon,14,FP,,3.05,-0.932,3.05,-0.545,0.214
2026-06-29 15:25,2026-06-29 23:25,Mon,15,FP,,2.83,-0.088,2.83,0.296,0.171
2026-06-29 16:32,2026-06-30 00:32,Mon,16,FP,,3.88,-0.145,3.88,0.063,0.518
2026-06-29 18:55,2026-06-30 02:55,Mon,18,FP,,3.53,-0.173,3.53,0.026,-0.452
2026-06-29 22:44,2026-06-30 06:44,Mon,22,FP,,3.9,-0.143,3.9,-0.023,-0.124
2026-06-30 00:00,2026-06-30 08:00,Tue,0,FP,,2.95,-0.054,2.95,-0.013,-0.1
2026-06-30 01:00,2026-06-30 09:00,Tue,1,FP,,7.14,-0.853,7.14,-0.051,0.128
2026-06-30 02:00,2026-06-30 10:00,Tue,2,FP,,5.27,-0.325,5.27,0.093,0.028
2026-06-30 03:01,2026-06-30 11:01,Tue,3,FP,,2.61,-0.168,2.61,-0.058,0.569
2026-06-30 05:30,2026-06-30 13:30,Tue,5,FP,,7.0,-0.251,7.0,0.008,-0.192
2026-06-30 07:48,2026-06-30 15:48,Tue,7,FP,,3.1,-0.08,3.1,-0.003,0.55
2026-06-30 08:51,2026-06-30 16:51,Tue,8,FP,,3.75,-0.33,3.75,-0.081,0.612
2026-06-30 12:09,2026-06-30 20:09,Tue,12,FP,,2.57,-0.069,2.57,-0.157,0.601
2026-06-30 13:09,2026-06-30 21:09,Tue,13,FP,,4.36,-0.118,4.36,-0.114,0.127
2026-06-30 15:10,2026-06-30 23:10,Tue,15,FP,,2.6,-0.342,2.6,0.154,-0.847
2026-06-30 16:55,2026-07-01 00:55,Tue,16,FP,,2.76,-0.132,2.76,0.136,0.122
2026-06-30 19:50,2026-07-01 03:50,Tue,19,FP,,2.58,-0.33,2.58,-0.099,0.179
2026-06-30 20:55,2026-07-01 04:55,Tue,20,FP,,2.66,-0.175,2.66,-0.181,-0.054
2026-06-30 23:31,2026-07-01 07:31,Tue,23,FP,,2.63,-0.108,2.63,-0.053,0.172
2026-07-01 00:34,2026-07-01 08:34,Wed,0,FP,,3.0,-0.206,3.0,0.013,0.146
2026-07-01 01:34,2026-07-01 09:34,Wed,1,FP,,3.34,-0.589,3.34,-0.169,-0.25
2026-07-01 03:42,2026-07-01 11:42,Wed,3,FP,,3.84,-0.113,3.84,0.003,0.079
2026-07-01 05:02,2026-07-01 13:02,Wed,5,FP,,2.76,-0.063,2.76,0.002,-0.136
2026-07-01 06:05,2026-07-01 14:05,Wed,6,FP,,6.04,-0.103,6.04,-0.064,-0.194
2026-07-01 07:07,2026-07-01 15:07,Wed,7,FP,,4.12,-0.126,4.12,-0.087,-0.316
2026-07-01 08:58,2026-07-01 16:58,Wed,8,FP,,3.01,-0.109,3.01,0.087,-1.378
2026-07-01 12:45,2026-07-01 20:45,Wed,12,FP,,2.59,-0.066,2.59,-0.088,-0.181
2026-07-01 14:44,2026-07-01 22:44,Wed,14,FP,,3.66,-0.121,3.66,0.456,-0.348
2026-07-01 15:45,2026-07-01 23:45,Wed,15,FP,,3.35,-0.188,3.35,0.38,-0.423
2026-07-01 16:51,2026-07-02 00:51,Wed,16,FP,,3.59,-0.355,3.59,-0.03,0.433
2026-07-01 18:18,2026-07-02 02:18,Wed,18,FP,,3.67,-0.052,3.67,-0.136,-0.015
2026-07-01 19:45,2026-07-02 03:45,Wed,19,FP,,3.25,-0.259,3.25,-0.078,-0.424
2026-07-01 20:51,2026-07-02 04:51,Wed,20,FP,,2.93,-0.31,2.93,-0.144,-0.012
2026-07-01 23:45,2026-07-02 07:45,Wed,23,FP,,2.68,-0.17,2.68,-0.056,0.007
2026-07-02 02:01,2026-07-02 10:01,Thu,2,FP,,3.33,-0.388,3.33,0.148,-0.044
2026-07-02 04:51,2026-07-02 12:51,Thu,4,FP,,2.68,-0.115,2.68,-0.103,0.177
2026-07-02 07:00,2026-07-02 15:00,Thu,7,FP,,4.93,-0.062,4.93,-0.175,-0.515
2026-07-02 08:00,2026-07-02 16:00,Thu,8,FP,,4.02,-0.17,4.02,-0.038,0.533
2026-07-02 09:24,2026-07-02 17:24,Thu,9,FP,,3.4,-0.18,3.4,0.032,-0.925
2026-07-02 10:41,2026-07-02 18:41,Thu,10,FP,,3.56,-0.056,3.56,0.024,0.2
2026-07-02 13:38,2026-07-02 21:38,Thu,13,FP,,5.09,-0.05,5.09,-0.092,0.728
2026-07-02 14:38,2026-07-02 22:38,Thu,14,FP,,2.57,-0.289,2.57,0.113,-0.221
2026-07-02 16:02,2026-07-03 00:02,Thu,16,FP,,3.46,-0.127,3.46,-0.457,0.052
2026-07-02 17:05,2026-07-03 01:05,Thu,17,FP,,2.65,-0.242,2.65,-0.431,0.553
2026-07-02 20:00,2026-07-03 04:00,Thu,20,FP,,3.87,-0.065,3.87,0.255,-0.019
2026-07-03 02:21,2026-07-03 10:21,Fri,2,FP,,2.64,-0.169,2.64,0.029,0.746
2026-07-03 03:43,2026-07-03 11:43,Fri,3,FP,,3.58,-0.107,3.58,-0.001,-0.138
2026-07-03 05:22,2026-07-03 13:22,Fri,5,FP,,2.85,-0.138,2.85,-0.056,0.094
2026-07-03 06:23,2026-07-03 14:23,Fri,6,FP,,3.83,-0.244,3.83,0.088,-0.152
2026-07-03 08:49,2026-07-03 16:49,Fri,8,FP,,2.69,-0.074,2.69,-0.093,0.102
2026-07-03 10:01,2026-07-03 18:01,Fri,10,FP,,2.54,-0.094,2.54,0.031,-0.211
2026-07-03 12:34,2026-07-03 20:34,Fri,12,FP,,2.53,-0.168,2.53,0.025,-0.453
2026-07-03 13:37,2026-07-03 21:37,Fri,13,FP,,2.67,-0.151,2.67,0.034,0.594
2026-07-03 14:44,2026-07-03 22:44,Fri,14,FP,,2.6,-0.075,2.6,0.076,0.292
2026-07-05 23:46,2026-07-06 07:46,Sun,23,FP,,12.13,-0.088,12.13,-0.03,-0.146
2026-07-06 00:58,2026-07-06 08:58,Mon,0,FP,,10.47,-0.211,10.47,-0.054,0.081
2026-07-06 02:03,2026-07-06 10:03,Mon,2,FP,,4.69,-0.129,4.69,-0.137,0.746
2026-07-06 03:03,2026-07-06 11:03,Mon,3,FP,,3.21,-0.373,3.21,-0.136,-0.544
2026-07-06 04:31,2026-07-06 12:31,Mon,4,FP,,2.52,-0.127,2.52,0.054,0.102
2026-07-06 05:31,2026-07-06 13:31,Mon,5,FP,,3.55,-0.191,3.55,-0.027,0.19
2026-07-06 07:30,2026-07-06 15:30,Mon,7,FP,,3.13,-0.09,3.13,0.067,-0.624
2026-07-06 08:37,2026-07-06 16:37,Mon,8,FP,,4.03,-0.169,4.03,0.019,-0.263
2026-07-06 12:20,2026-07-06 20:20,Mon,12,FP,,4.74,-0.068,4.74,-0.019,-0.452
2026-07-06 13:21,2026-07-06 21:21,Mon,13,FP,,3.24,-0.16,3.24,-0.08,0.439
2026-07-06 14:22,2026-07-06 22:22,Mon,14,FP,,3.24,-0.247,3.24,0.228,0.131
2026-07-06 23:57,2026-07-07 07:57,Mon,23,FP,,3.13,-0.178,3.13,-0.128,0.051
2026-07-07 00:59,2026-07-07 08:59,Tue,0,FP,,4.3,-0.271,4.3,-0.011,0.182
2026-07-07 02:48,2026-07-07 10:48,Tue,2,FP,,2.86,-0.225,2.86,-0.09,0.261
2026-07-07 03:57,2026-07-07 11:57,Tue,3,FP,,4.31,-0.128,4.31,-0.09,-0.138
2026-07-07 05:01,2026-07-07 13:01,Tue,5,FP,,3.53,-0.207,3.53,-0.075,0.116
2026-07-07 06:09,2026-07-07 14:09,Tue,6,FP,,3.15,-0.078,3.15,0.053,0.42
2026-07-07 08:53,2026-07-07 16:53,Tue,8,FP,,4.09,-0.131,4.09,0.062,-0.122
2026-07-07 13:12,2026-07-07 21:12,Tue,13,FP,,3.3,-0.053,3.3,-0.047,0.464
2026-07-07 14:13,2026-07-07 22:13,Tue,14,FP,,3.47,-0.325,3.47,-0.358,1.327
2026-07-07 15:13,2026-07-07 23:13,Tue,15,FP,,2.88,-0.111,2.88,-0.149,0.093
2026-07-07 18:26,2026-07-08 02:26,Tue,18,FP,,2.73,-0.078,2.73,0.005,-0.248
2026-07-07 19:27,2026-07-08 03:27,Tue,19,FP,,3.19,-0.914,3.19,-0.306,2.607
2026-07-07 22:00,2026-07-08 06:00,Tue,22,FP,,8.61,-0.255,8.61,-0.164,0.392
2026-07-07 23:01,2026-07-08 07:01,Tue,23,FP,,2.69,-0.093,2.69,0.048,0.305
2026-07-08 00:06,2026-07-08 08:06,Wed,0,FP,,2.91,-0.101,2.91,-0.035,0.062
2026-07-08 01:28,2026-07-08 09:28,Wed,1,FP,,4.55,-0.102,4.55,0.033,-0.89
2026-07-08 04:13,2026-07-08 12:13,Wed,4,FP,,2.63,-0.086,2.63,-0.07,0.035
2026-07-08 05:30,2026-07-08 13:30,Wed,5,FP,,4.98,-0.056,4.98,-0.092,0.644
2026-07-08 07:00,2026-07-08 15:00,Wed,7,FP,,2.74,-0.058,2.74,-0.078,-0.206
2026-07-08 08:00,2026-07-08 16:00,Wed,8,FP,,3.1,-0.139,3.1,0.059,-0.799
2026-07-08 09:00,2026-07-08 17:00,Wed,9,FP,,4.78,-1.61,4.78,-0.791,3.858
2026-07-08 10:00,2026-07-08 18:00,Wed,10,FP,,3.79,-0.141,3.79,-0.083,0.127
2026-07-08 11:21,2026-07-08 19:21,Wed,11,FP,,3.73,-0.064,3.73,0.09,0.007
2026-07-08 13:18,2026-07-08 21:18,Wed,13,FP,,2.89,-0.077,2.89,0.043,0.34
2026-07-08 14:18,2026-07-08 22:18,Wed,14,FP,,3.6,-0.319,3.6,-0.073,1.076
2026-07-08 15:18,2026-07-08 23:18,Wed,15,TP,2026-07-08 15:30 UP↑(B) gap=+12min,2.58,-0.718,2.58,-0.282,1.379
2026-07-08 18:30,2026-07-09 02:30,Wed,18,FP,,2.98,-0.207,2.98,-0.202,-0.359
2026-07-08 19:47,2026-07-09 03:47,Wed,19,FP,,3.94,-0.192,3.94,-0.074,0.699
2026-07-08 20:53,2026-07-09 04:53,Wed,20,FP,,2.83,-0.091,2.83,-0.085,0.799
2026-07-08 23:46,2026-07-09 07:46,Wed,23,FP,,4.28,-0.153,4.28,0.09,-0.087
2026-07-09 00:54,2026-07-09 08:54,Thu,0,FP,,3.36,-0.123,3.36,0.07,-0.192
2026-07-09 02:48,2026-07-09 10:48,Thu,2,FP,,2.93,-0.108,2.93,-0.106,0.512
2026-07-09 04:43,2026-07-09 12:43,Thu,4,FP,,2.51,-0.097,2.51,0.074,-0.054
2026-07-09 09:22,2026-07-09 17:22,Thu,9,FP,,3.07,-0.167,3.07,-0.178,0.766
2026-07-09 10:52,2026-07-09 18:52,Thu,10,FP,,4.84,-0.259,4.84,-0.171,1.267
2026-07-09 14:15,2026-07-09 22:15,Thu,14,FP,,5.44,-0.117,5.44,-0.095,-0.935
2026-07-09 17:32,2026-07-10 01:32,Thu,17,FP,,3.62,-0.217,3.62,0.106,-0.278
2026-07-10 00:18,2026-07-10 08:18,Fri,0,FP,,3.09,-0.077,3.09,-0.096,0.1
2026-07-10 01:38,2026-07-10 09:38,Fri,1,FP,,3.81,-0.072,3.81,0.056,0.299
2026-07-10 03:31,2026-07-10 11:31,Fri,3,FP,,2.55,-0.084,2.55,0.043,-0.104
2026-07-10 05:30,2026-07-10 13:30,Fri,5,FP,,4.87,-0.175,4.87,-0.056,-0.228
2026-07-10 07:08,2026-07-10 15:08,Fri,7,FP,,2.58,-0.166,2.58,-0.062,0.063
2026-07-10 08:50,2026-07-10 16:50,Fri,8,FP,,2.98,-0.229,2.98,0.048,0.616
2026-07-10 11:25,2026-07-10 19:25,Fri,11,FP,,2.7,-0.071,2.7,0.047,0.653
2026-07-10 12:45,2026-07-10 20:45,Fri,12,FP,,3.18,-0.155,3.18,0.082,-0.483
2026-07-10 13:45,2026-07-10 21:45,Fri,13,FP,,2.79,-0.073,2.79,0.053,-0.624
2026-07-10 14:55,2026-07-10 22:55,Fri,14,FP,,4.01,-0.052,4.01,-0.173,0.216
2026-07-10 17:08,2026-07-11 01:08,Fri,17,FP,,2.8,-0.132,2.8,0.113,-0.183
2026-07-12 22:00,2026-07-13 06:00,Sun,22,FP,,5.42,-0.556,5.42,-0.162,2.574
2026-07-12 23:00,2026-07-13 07:00,Sun,23,FP,,4.12,-0.639,4.12,-0.141,0.495
2026-07-13 00:34,2026-07-13 08:34,Mon,0,FP,,8.62,-0.247,8.62,0.064,0.522
2026-07-13 01:55,2026-07-13 09:55,Mon,1,FP,,8.0,-0.116,8.0,-0.096,0.209
2026-07-13 02:59,2026-07-13 10:59,Mon,2,FP,,2.53,-0.089,2.53,-0.078,-0.182
2026-07-13 04:01,2026-07-13 12:01,Mon,4,FP,,2.61,-0.238,2.61,-0.055,0.034
2026-07-13 06:02,2026-07-13 14:02,Mon,6,FP,,2.88,-0.078,2.88,0.047,0.201
2026-07-13 07:02,2026-07-13 15:02,Mon,7,FP,,3.19,-0.056,3.19,0.053,-0.684
2026-07-13 09:40,2026-07-13 17:40,Mon,9,FP,,2.79,-0.1,2.79,0.096,-0.954
2026-07-13 10:41,2026-07-13 18:41,Mon,10,FP,,12.71,-0.451,12.71,-0.066,1.223
2026-07-13 12:07,2026-07-13 20:07,Mon,12,FP,,3.53,-0.222,3.53,-0.134,0.414
2026-07-13 13:33,2026-07-13 21:33,Mon,13,FP,,5.3,-0.095,5.3,0.207,-0.801
2026-07-13 14:33,2026-07-13 22:33,Mon,14,FP,,5.02,-1.2,5.02,-0.052,1.316
2026-07-13 16:24,2026-07-14 00:24,Mon,16,FP,,2.98,-0.152,2.98,-0.237,0.395
2026-07-13 17:24,2026-07-14 01:24,Mon,17,FP,,3.66,-0.274,3.66,-0.128,1.24
2026-07-13 18:31,2026-07-14 02:31,Mon,18,FP,,2.83,-0.054,2.83,-0.06,2.651
2026-07-13 19:35,2026-07-14 03:35,Mon,19,FP,,2.98,-0.104,2.98,-0.153,-0.032
2026-07-13 23:22,2026-07-14 07:22,Mon,23,FP,,2.51,-0.173,2.51,-0.118,1.232
2026-07-14 00:23,2026-07-14 08:23,Tue,0,FP,,3.87,-0.273,3.87,-0.072,1.812
2026-07-14 01:34,2026-07-14 09:34,Tue,1,FP,,2.91,-0.158,2.91,0.047,-0.788
2026-07-14 03:17,2026-07-14 11:17,Tue,3,FP,,2.6,-0.095,2.6,-0.175,0.852
2026-07-14 07:00,2026-07-14 15:00,Tue,7,FP,,3.16,-0.232,3.16,-0.153,1.361
2026-07-14 08:02,2026-07-14 16:02,Tue,8,FP,,3.34,-0.088,3.34,0.034,0.099
2026-07-14 09:30,2026-07-14 17:30,Tue,9,FP,,2.72,-0.233,2.72,-0.116,0.286
2026-07-14 11:00,2026-07-14 19:00,Tue,11,FP,,3.08,-0.051,3.08,-0.062,0.515
2026-07-14 13:31,2026-07-14 21:31,Tue,13,FP,,7.83,-0.178,7.83,-0.435,0.249
2026-07-14 14:31,2026-07-14 22:31,Tue,14,FP,,3.34,-0.102,3.34,0.111,-1.406
2026-07-14 15:39,2026-07-14 23:39,Tue,15,FP,,3.84,-0.088,3.84,-0.009,0.594
2026-07-14 16:49,2026-07-15 00:49,Tue,16,FP,,2.57,-0.291,2.57,-0.023,-0.37
2026-07-14 18:24,2026-07-15 02:24,Tue,18,FP,,2.9,-0.09,2.9,-0.001,0.076
2026-07-14 19:30,2026-07-15 03:30,Tue,19,FP,,3.01,-0.199,3.01,-0.07,0.258
2026-07-14 22:13,2026-07-15 06:13,Tue,22,FP,,4.51,-0.061,4.51,-0.057,0.229
2026-07-15 01:29,2026-07-15 09:29,Wed,1,FP,,3.03,-0.098,3.03,-0.01,-0.237
2026-07-15 02:30,2026-07-15 10:30,Wed,2,FP,,3.71,-0.399,3.71,0.038,0.206
2026-07-15 03:30,2026-07-15 11:30,Wed,3,FP,,3.64,-0.19,3.64,0.013,-0.193
2026-07-15 05:11,2026-07-15 13:11,Wed,5,FP,,4.2,-0.141,4.2,-0.026,-0.275
2026-07-15 06:18,2026-07-15 14:18,Wed,6,FP,,3.12,-0.077,3.12,-0.003,-0.175
2026-07-15 07:26,2026-07-15 15:26,Wed,7,FP,,3.55,-0.137,3.55,-0.165,0.872
2026-07-15 10:08,2026-07-15 18:08,Wed,10,FP,,2.69,-0.077,2.69,-0.056,0.931
2026-07-15 13:37,2026-07-15 21:37,Wed,13,FP,,3.0,-0.103,3.0,0.152,0.038
2026-07-15 14:45,2026-07-15 22:45,Wed,14,FP,,3.08,-0.125,3.08,-0.128,-0.901
2026-07-15 16:02,2026-07-16 00:02,Wed,16,TP,2026-07-15 16:56 UP↑(B) gap=+54min,2.76,-0.42,2.76,-0.174,0.171
2026-07-15 17:02,2026-07-16 01:02,Wed,17,TP,2026-07-15 16:56 UP↑(B) gap=-6min,2.65,-0.138,2.65,-0.022,0.456
2026-07-15 18:57,2026-07-16 02:57,Wed,18,FP,,2.81,-0.074,2.81,-0.136,1.007
2026-07-15 23:10,2026-07-16 07:10,Wed,23,FP,,2.6,-0.078,2.6,-0.018,0.2
2026-07-16 00:54,2026-07-16 08:54,Thu,0,FP,,2.66,-0.115,2.66,-0.007,-0.175
2026-07-16 02:02,2026-07-16 10:02,Thu,2,FP,,3.01,-0.103,3.01,-0.036,-0.249
2026-07-16 05:30,2026-07-16 13:30,Thu,5,FP,,4.22,-0.17,4.22,0.096,-0.296
2026-07-16 06:34,2026-07-16 14:34,Thu,6,FP,,3.08,-0.079,3.08,-0.104,0.391
2026-07-16 07:52,2026-07-16 15:52,Thu,7,FP,,3.64,-0.062,3.64,-0.168,0.233
2026-07-16 09:45,2026-07-16 17:45,Thu,9,FP,,2.72,-0.067,2.72,0.013,0.05
2026-07-16 11:13,2026-07-16 19:13,Thu,11,FP,,3.37,-0.126,3.37,-0.073,-0.077
2026-07-16 12:16,2026-07-16 20:16,Thu,12,FP,,13.69,-0.172,13.69,-0.063,0.781
2026-07-16 13:16,2026-07-16 21:16,Thu,13,FP,,2.67,-0.605,2.67,0.063,0.362
2026-07-16 14:23,2026-07-16 22:23,Thu,14,FP,,4.02,-0.082,4.02,0.103,-0.18
2026-07-16 16:14,2026-07-17 00:14,Thu,16,FP,,2.78,-0.074,2.78,-0.169,-0.326
2026-07-16 17:25,2026-07-17 01:25,Thu,17,FP,,3.96,-0.078,3.96,0.058,-0.917
2026-07-16 18:34,2026-07-17 02:34,Thu,18,FP,,2.6,-0.133,2.6,-0.187,-0.267
2026-07-16 19:35,2026-07-17 03:35,Thu,19,FP,,5.24,-0.193,5.24,-0.28,0.306
2026-07-17 01:49,2026-07-17 09:49,Fri,1,FP,,2.59,-0.059,2.59,-0.176,0.202
2026-07-17 02:50,2026-07-17 10:50,Fri,2,FP,,2.58,-0.201,2.58,-0.113,-0.316
2026-07-17 04:21,2026-07-17 12:21,Fri,4,FP,,3.28,-0.457,3.28,-0.29,0.387
2026-07-17 05:30,2026-07-17 13:30,Fri,5,FP,,7.76,-0.058,7.76,-0.009,-0.316
2026-07-17 07:14,2026-07-17 15:14,Fri,7,FP,,3.05,-0.074,3.05,0.007,0.947
2026-07-17 08:16,2026-07-17 16:16,Fri,8,FP,,2.8,-0.178,2.8,-0.197,-0.184
2026-07-17 10:42,2026-07-17 18:42,Fri,10,FP,,2.78,-0.051,2.78,0.204,0.088
2026-07-17 11:46,2026-07-17 19:46,Fri,11,FP,,3.96,-0.064,3.96,-0.082,0.163
2026-07-17 12:46,2026-07-17 20:46,Fri,12,FP,,4.63,-0.592,4.63,-0.06,0.288
2026-07-17 17:29,2026-07-18 01:29,Fri,17,FP,,2.68,-0.122,2.68,0.127,0.289
2026-07-19 22:00,2026-07-20 06:00,Sun,22,FP,,7.61,-0.315,7.61,0.0,2.538
2026-07-19 23:00,2026-07-20 07:00,Sun,23,FP,,3.36,-0.259,3.36,0.083,0.218
2026-07-20 00:00,2026-07-20 08:00,Mon,0,FP,,7.01,-0.058,7.01,0.084,-0.179
2026-07-20 01:27,2026-07-20 09:27,Mon,1,FP,,2.6,-0.057,2.6,-0.11,-0.185
2026-07-20 04:55,2026-07-20 12:55,Mon,4,FP,,3.13,-0.104,3.13,0.033,-0.114
2026-07-20 06:00,2026-07-20 14:00,Mon,6,FP,,2.81,-0.247,2.81,-0.167,0.425
2026-07-20 07:01,2026-07-20 15:01,Mon,7,FP,,3.14,-0.146,3.14,0.047,-0.137
2026-07-20 09:27,2026-07-20 17:27,Mon,9,FP,,2.98,-0.181,2.98,-0.013,-0.38
2026-07-20 12:00,2026-07-20 20:00,Mon,12,FP,,6.72,-0.159,6.72,0.118,-1.154
2026-07-20 13:00,2026-07-20 21:00,Mon,13,FP,,4.61,-0.183,4.61,-0.053,1.335
2026-07-20 14:00,2026-07-20 22:00,Mon,14,FP,,4.52,-0.174,4.52,-0.07,0.037
2026-07-20 16:30,2026-07-21 00:30,Mon,16,FP,,2.71,-0.131,2.71,0.071,0.516
2026-07-20 18:00,2026-07-21 02:00,Mon,18,FP,,2.9,-0.098,2.9,-0.031,0.33
2026-07-20 19:15,2026-07-21 03:15,Mon,19,FP,,2.59,-0.088,2.59,-0.427,0.982
2026-07-20 22:41,2026-07-21 06:41,Mon,22,FP,,2.74,-0.096,2.74,-0.069,0.283
2026-07-21 00:07,2026-07-21 08:07,Tue,0,FP,,2.9,-0.066,2.9,-0.07,-0.314
2026-07-21 02:10,2026-07-21 10:10,Tue,2,FP,,2.93,-0.073,2.93,-0.058,0.189
2026-07-21 07:32,2026-07-21 15:32,Tue,7,FP,,2.85,-0.08,2.85,-0.064,0.988
2026-07-21 10:04,2026-07-21 18:04,Tue,10,FP,,2.75,-0.054,2.75,-0.033,1.231
2026-07-21 11:04,2026-07-21 19:04,Tue,11,FP,,3.85,-0.176,3.85,-0.067,0.337
2026-07-21 12:15,2026-07-21 20:15,Tue,12,FP,,3.04,-0.058,3.04,-0.102,0.509
2026-07-21 13:21,2026-07-21 21:21,Tue,13,FP,,3.47,-0.113,3.47,0.067,0.429
2026-07-21 16:36,2026-07-22 00:36,Tue,16,FP,,3.07,-0.234,3.07,0.126,-0.272
2026-07-21 23:46,2026-07-22 07:46,Tue,23,FP,,3.69,-0.068,3.69,0.042,0.183
2026-07-22 05:16,2026-07-22 13:16,Wed,5,FP,,3.86,-0.114,3.86,-0.043,0.193
2026-07-22 06:25,2026-07-22 14:25,Wed,6,FP,,3.97,-0.063,3.97,-0.126,0.653
2026-07-22 07:44,2026-07-22 15:44,Wed,7,FP,,2.56,-0.156,2.56,-0.116,1.791
2026-07-22 09:53,2026-07-22 17:53,Wed,9,FP,,2.85,-0.098,2.85,-0.063,1.133
2026-07-22 11:43,2026-07-22 19:43,Wed,11,FP,,3.86,-0.084,3.86,-0.194,0.653
2026-07-22 12:56,2026-07-22 20:56,Wed,12,FP,,10.89,-0.266,10.89,-0.069,0.227
2026-07-22 15:00,2026-07-22 23:00,Wed,15,FP,,3.73,-0.096,3.73,-0.094,-0.121
2026-07-22 16:25,2026-07-23 00:25,Wed,16,FP,,2.53,-0.208,2.53,0.047,-0.358
2026-07-22 17:36,2026-07-23 01:36,Wed,17,FP,,3.2,-0.066,3.2,-0.1,0.347
2026-07-22 19:54,2026-07-23 03:54,Wed,19,FP,,2.88,-0.171,2.88,-0.097,-0.534
2026-07-22 22:00,2026-07-23 06:00,Wed,22,FP,,18.18,-0.32,18.18,-0.307,1.328
2026-07-22 23:15,2026-07-23 07:15,Wed,23,FP,,3.1,-0.069,3.1,-0.057,-0.085
2026-07-23 01:36,2026-07-23 09:36,Thu,1,FP,,4.59,-0.126,4.59,0.022,-0.017
2026-07-23 02:39,2026-07-23 10:39,Thu,2,FP,,2.84,-0.1,2.84,-0.174,0.205
2026-07-23 04:30,2026-07-23 12:30,Thu,4,FP,,2.78,-0.054,2.78,0.075,-0.311
2026-07-23 06:40,2026-07-23 14:40,Thu,6,FP,,2.88,-0.178,2.88,-0.127,0.62
2026-07-23 07:42,2026-07-23 15:42,Thu,7,FP,,6.11,-0.594,6.11,-0.298,1.34
2026-07-23 08:48,2026-07-23 16:48,Thu,8,FP,,2.71,-0.155,2.71,0.154,-0.307
2026-07-23 09:57,2026-07-23 17:57,Thu,9,FP,,2.63,-0.12,2.63,-0.07,0.743
2026-07-23 11:15,2026-07-23 19:15,Thu,11,FP,,3.36,-0.115,3.36,0.057,0.394
2026-07-23 12:15,2026-07-23 20:15,Thu,12,FP,,3.75,-0.153,3.75,-0.256,0.531
2026-07-23 13:15,2026-07-23 21:15,Thu,13,FP,,3.08,-0.936,3.08,-0.518,0.677
2026-07-23 14:18,2026-07-23 22:18,Thu,14,FP,,5.5,-0.075,5.5,0.044,0.432
2026-07-23 15:29,2026-07-23 23:29,Thu,15,FP,,2.79,-0.235,2.79,-0.507,0.796
2026-07-23 17:35,2026-07-24 01:35,Thu,17,FP,,3.0,-0.1,3.0,-0.222,0.216
2026-07-24 00:10,2026-07-24 08:10,Fri,0,FP,,2.71,-0.098,2.71,-0.054,0.385
2026-07-24 01:33,2026-07-24 09:33,Fri,1,FP,,3.11,-0.061,3.11,0.103,-0.791
2026-07-24 02:47,2026-07-24 10:47,Fri,2,FP,,6.0,-0.317,6.0,-0.19,0.612
2026-07-24 05:18,2026-07-24 13:18,Fri,5,FP,,4.91,-0.125,4.91,0.074,0.06
2026-07-24 11:58,2026-07-24 19:58,Fri,11,FP,,6.75,-0.061,6.75,0.055,-0.929
2026-07-24 13:05,2026-07-24 21:05,Fri,13,FP,,2.87,-0.087,2.87,-0.121,-0.045
2026-07-24 16:30,2026-07-25 00:30,Fri,16,FP,,3.69,-0.078,3.69,0.018,0.365
2026-07-24 18:25,2026-07-25 02:25,Fri,18,FP,,2.86,-0.28,2.86,-0.236,0.253
2026-07-26 23:22,2026-07-27 07:22,Sun,23,FP,,5.39,-0.108,5.39,0.05,0.986
2026-07-27 01:11,2026-07-27 09:11,Mon,1,FP,,2.62,-0.085,2.62,-0.185,0.84
2026-07-27 03:00,2026-07-27 11:00,Mon,3,FP,,2.55,-0.315,2.55,0.06,0.188
2026-07-27 05:45,2026-07-27 13:45,Mon,5,FP,,3.65,-0.135,3.65,0.097,-0.035
2026-07-27 07:58,2026-07-27 15:58,Mon,7,FP,,2.77,-0.144,2.77,-0.067,0.916
2026-07-27 10:10,2026-07-27 18:10,Mon,10,FP,,3.11,-0.08,3.11,0.03,0.199
2026-07-27 11:43,2026-07-27 19:43,Mon,11,FP,,3.9,-0.111,3.9,-0.132,0.205
2026-07-27 12:45,2026-07-27 20:45,Mon,12,FP,,2.96,-0.187,2.96,0.007,0.962
2026-07-27 13:55,2026-07-27 21:55,Mon,13,FP,,4.86,-0.064,4.86,-0.324,0.155
2026-07-27 15:09,2026-07-27 23:09,Mon,15,FP,,2.61,-0.115,2.61,-0.344,-0.436
2026-07-27 17:11,2026-07-28 01:11,Mon,17,FP,,4.91,-0.279,4.91,-0.294,-0.774
2026-07-27 22:27,2026-07-28 06:27,Mon,22,FP,,3.48,-0.099,3.48,-0.023,0.071
2026-07-28 00:04,2026-07-28 08:04,Tue,0,FP,,4.72,-0.155,4.72,0.121,-0.256
2026-07-28 01:04,2026-07-28 09:04,Tue,1,FP,,2.51,-0.163,2.51,-0.212,0.037
2026-07-28 02:09,2026-07-28 10:09,Tue,2,FP,,2.59,-0.238,2.59,0.017,-0.269
2026-07-28 04:48,2026-07-28 12:48,Tue,4,FP,,3.84,-0.173,3.84,-0.142,0.221
2026-07-28 08:10,2026-07-28 16:10,Tue,8,FP,,3.39,-0.118,3.39,-0.105,-0.389
2026-07-28 09:30,2026-07-28 17:30,Tue,9,FP,,2.85,-0.207,2.85,0.052,0.006
2026-07-28 10:31,2026-07-28 18:31,Tue,10,FP,,2.83,-0.443,2.83,-0.008,0.683
2026-07-28 12:00,2026-07-28 20:00,Tue,12,FP,,4.92,-0.092,4.92,0.098,0.777
2026-07-28 13:36,2026-07-28 21:36,Tue,13,FP,,4.96,-0.063,4.96,-0.199,-0.154
2026-07-28 14:36,2026-07-28 22:36,Tue,14,FP,,3.28,-0.099,3.28,-0.027,0.062
2026-07-28 17:06,2026-07-29 01:06,Tue,17,FP,,2.64,-0.115,2.64,0.005,0.064
2026-07-28 22:20,2026-07-29 06:20,Tue,22,FP,,2.53,-0.181,2.53,-0.057,3.33
2026-07-29 01:02,2026-07-29 09:02,Wed,1,FP,,4.21,-0.109,4.21,-0.104,0.836
2026-07-29 03:37,2026-07-29 11:37,Wed,3,FP,,2.53,-0.142,2.53,-0.108,0.418
2026-07-29 09:30,2026-07-29 17:30,Wed,9,FP,,2.98,-0.117,2.98,0.07,-0.377
2026-07-29 12:16,2026-07-29 20:16,Wed,12,FP,,4.83,-0.15,4.83,-0.282,1.397
2026-07-29 13:37,2026-07-29 21:37,Wed,13,FP,,2.91,-0.065,2.91,-0.088,0.321
2026-07-29 14:39,2026-07-29 22:39,Wed,14,TP,2026-07-29 14:43 UP↑(A) gap=+4min,2.75,-0.294,2.75,-0.685,0.76
2026-07-29 19:39,2026-07-30 03:39,Wed,19,FP,,4.06,-0.054,4.06,-0.988,0.077
2026-07-29 20:49,2026-07-30 04:49,Wed,20,FP,,2.83,-0.136,2.83,-0.506,-0.239
2026-07-30 00:00,2026-07-30 08:00,Thu,0,FP,,2.57,-0.079,2.57,0.126,-0.338
2026-07-30 01:00,2026-07-30 09:00,Thu,1,FP,,3.85,-0.308,3.85,-0.058,0.291
2026-07-30 02:31,2026-07-30 10:31,Thu,2,FP,,2.89,-0.129,2.89,-0.059,-0.833
2026-07-30 03:36,2026-07-30 11:36,Thu,3,FP,,5.14,-0.641,5.14,-0.142,0.108
2026-07-30 04:47,2026-07-30 12:47,Thu,4,FP,,2.66,-0.144,2.66,-0.013,0.09
2026-07-30 05:47,2026-07-30 13:47,Thu,5,FP,,2.94,-0.396,2.94,-0.007,1.225
2026-07-30 08:01,2026-07-30 16:01,Thu,8,FP,,2.85,-0.089,2.85,-0.289,0.572
2026-07-30 09:30,2026-07-30 17:30,Thu,9,FP,,4.21,-0.065,4.21,0.054,-0.801
2026-07-30 12:11,2026-07-30 20:11,Thu,12,FP,,5.47,-0.162,5.47,0.136,-0.143
2026-07-30 13:11,2026-07-30 21:11,Thu,13,FP,,3.07,-0.114,3.07,-0.01,-0.377
2026-07-30 14:55,2026-07-30 22:55,Thu,14,FP,,3.19,-0.074,3.19,-0.225,0.654
2026-07-30 17:29,2026-07-31 01:29,Thu,17,FP,,6.82,-0.348,6.82,0.128,0.299
2026-07-30 20:30,2026-07-31 04:30,Thu,20,FP,,2.98,-0.071,2.98,0.173,0.685
2026-07-30 23:36,2026-07-31 07:36,Thu,23,FP,,2.53,-0.104,2.53,0.077,-0.077
2026-07-31 01:00,2026-07-31 09:00,Fri,1,FP,,4.35,-0.165,4.35,0.126,-1.702
2026-07-31 02:01,2026-07-31 10:01,Fri,2,FP,,2.7,-0.33,2.7,-0.003,-0.371
2026-07-31 06:01,2026-07-31 14:01,Fri,6,FP,,2.74,-0.215,2.74,-0.007,0.018
2026-07-31 07:29,2026-07-31 15:29,Fri,7,FP,,3.28,-0.299,3.28,-0.037,0.659
2026-07-31 08:31,2026-07-31 16:31,Fri,8,FP,,3.42,-0.368,3.42,0.084,0.285
2026-07-31 12:22,2026-07-31 20:22,Fri,12,FP,,2.61,-0.19,2.61,-0.197,0.548
2026-07-31 13:22,2026-07-31 21:22,Fri,13,FP,,7.83,-0.196,7.83,0.067,0.426
2026-07-31 14:22,2026-07-31 22:22,Fri,14,FP,,2.75,-0.174,2.75,-0.566,-0.558
2026-07-31 16:15,2026-08-01 00:15,Fri,16,FP,,2.81,-0.121,2.81,0.05,-1.201
2026-07-31 19:01,2026-08-01 03:01,Fri,19,FP,,2.83,-0.119,2.83,0.044,0.112
2026-07-31 20:53,2026-08-01 04:53,Fri,20,FP,,6.68,-0.114,6.68,-0.229,0.763
2026-08-02 23:13,2026-08-03 07:13,Sun,23,FP,,4.47,-0.307,4.47,-0.146,1.221
2026-08-03 00:25,2026-08-03 08:25,Mon,0,FP,,3.63,-0.186,3.63,-0.01,-0.47
2026-08-03 01:33,2026-08-03 09:33,Mon,1,FP,,2.6,-0.279,2.6,0.062,-0.118
2026-08-03 02:36,2026-08-03 10:36,Mon,2,FP,,2.6,-0.087,2.6,0.086,-0.112
2026-08-03 05:03,2026-08-03 13:03,Mon,5,FP,,2.64,-0.076,2.64,0.036,-0.238
2026-08-03 07:00,2026-08-03 15:00,Mon,7,FP,,3.15,-0.122,3.15,-0.076,-0.49
2026-08-03 09:21,2026-08-03 17:21,Mon,9,FP,,4.52,-0.092,4.52,0.093,-0.225
2026-08-03 10:21,2026-08-03 18:21,Mon,10,FP,,2.86,-0.059,2.86,0.007,-0.031
2026-08-03 12:36,2026-08-03 20:36,Mon,12,FP,,3.46,-0.074,3.46,-0.07,-1.152
2026-08-03 13:36,2026-08-03 21:36,Mon,13,FP,,3.1,-0.53,3.1,0.116,-0.329
2026-08-03 15:28,2026-08-03 23:28,Mon,15,FP,,2.69,-0.08,2.69,0.085,1.068
2026-08-03 17:29,2026-08-04 01:29,Mon,17,FP,,2.67,-0.065,2.67,0.069,0.661
2026-08-03 22:03,2026-08-04 06:03,Mon,22,FP,,2.66,-0.095,2.66,-0.0,0.01
2026-08-04 01:00,2026-08-04 09:00,Tue,1,FP,,3.24,-0.247,3.24,-0.016,0.852
2026-08-04 04:19,2026-08-04 12:19,Tue,4,FP,,2.77,-0.085,2.77,0.059,0.142
2026-08-04 05:37,2026-08-04 13:37,Tue,5,FP,,2.6,-0.058,2.6,0.044,0.086
2026-08-04 08:36,2026-08-04 16:36,Tue,8,FP,,3.37,-0.12,3.37,-0.082,0.736
2026-08-04 10:18,2026-08-04 18:18,Tue,10,FP,,2.51,-0.09,2.51,0.054,-0.438
2026-08-04 12:58,2026-08-04 20:58,Tue,12,FP,,2.95,-0.066,2.95,-0.022,0.938
2026-08-04 14:34,2026-08-04 22:34,Tue,14,FP,,6.91,-0.138,6.91,0.411,0.085
2026-08-04 18:02,2026-08-05 02:02,Tue,18,FP,,2.72,-0.253,2.72,0.141,-0.158
2026-08-04 23:00,2026-08-05 07:00,Tue,23,FP,,5.55,-0.151,5.55,0.063,0.093
2026-08-05 07:37,2026-08-05 15:37,Wed,7,FP,,2.84,-0.254,2.84,-0.071,0.968
2026-08-05 08:45,2026-08-05 16:45,Wed,8,FP,,2.99,-0.074,2.99,-0.122,0.343
2026-08-05 09:56,2026-08-05 17:56,Wed,9,TP,2026-08-05 10:02 UP↑(B) gap=+6min,3.24,-0.175,3.24,0.057,0.387
2026-08-05 12:57,2026-08-05 20:57,Wed,12,FP,,3.16,-0.167,3.16,0.019,0.513
2026-08-05 15:56,2026-08-05 23:56,Wed,15,FP,,3.23,-0.123,3.23,-0.3,0.573
2026-08-05 17:25,2026-08-06 01:25,Wed,17,FP,,2.97,-0.051,2.97,0.007,-1.429
2026-08-05 19:19,2026-08-06 03:19,Wed,19,FP,,4.08,-0.123,4.08,-0.023,-0.126
2026-08-06 01:21,2026-08-06 09:21,Thu,1,FP,,5.49,-0.06,5.49,-0.127,1.199
2026-08-06 02:38,2026-08-06 10:38,Thu,2,FP,,2.74,-0.124,2.74,0.118,-0.152
2026-08-06 03:38,2026-08-06 11:38,Thu,3,FP,,2.56,-0.513,2.56,0.0,-0.847
2026-08-06 04:43,2026-08-06 12:43,Thu,4,FP,,2.86,-0.116,2.86,-0.018,-0.3
2026-08-06 06:40,2026-08-06 14:40,Thu,6,FP,,3.89,-0.28,3.89,-0.095,0.895
2026-08-06 09:54,2026-08-06 17:54,Thu,9,FP,,2.7,-0.087,2.7,0.002,0.293
2026-08-06 11:04,2026-08-06 19:04,Thu,11,FP,,2.58,-0.067,2.58,-0.126,0.805
2026-08-06 12:06,2026-08-06 20:06,Thu,12,FP,,3.19,-0.161,3.19,0.095,-0.099
2026-08-06 13:06,2026-08-06 21:06,Thu,13,FP,,5.87,-0.395,5.87,-0.106,0.989
2026-08-06 15:11,2026-08-06 23:11,Thu,15,FP,,3.43,-0.21,3.43,-0.155,0.702
2026-08-06 16:11,2026-08-07 00:11,Thu,16,FP,,3.08,-0.614,3.08,-0.334,1.389
2026-08-06 19:24,2026-08-07 03:24,Thu,19,FP,,5.8,-0.185,5.8,-0.093,0.789
2026-08-07 00:16,2026-08-07 08:16,Fri,0,FP,,2.77,-0.086,2.77,-0.037,0.265
2026-08-07 01:30,2026-08-07 09:30,Fri,1,FP,,6.11,-0.063,6.11,0.059,-0.556
2026-08-07 02:45,2026-08-07 10:45,Fri,2,FP,,2.51,-0.26,2.51,-0.06,0.212
2026-08-07 05:05,2026-08-07 13:05,Fri,5,FP,,3.38,-0.092,3.38,0.059,0.295
2026-08-07 07:42,2026-08-07 15:42,Fri,7,FP,,2.66,-0.187,2.66,0.081,-0.372
2026-08-07 12:04,2026-08-07 20:04,Fri,12,FP,,4.41,-0.088,4.41,0.054,-0.039
2026-08-07 13:33,2026-08-07 21:33,Fri,13,FP,,7.59,-0.093,7.59,-0.061,0.019
2026-08-07 14:33,2026-08-07 22:33,Fri,14,FP,,2.53,-0.142,2.53,0.17,0.721
2026-08-07 15:52,2026-08-07 23:52,Fri,15,FP,,4.34,-0.073,4.34,0.165,0.682
2026-08-07 16:54,2026-08-08 00:54,Fri,16,FP,,3.15,-0.212,3.15,-0.142,0.045
2026-08-07 18:28,2026-08-08 02:28,Fri,18,FP,,2.84,-0.212,2.84,-0.069,0.321
2026-08-07 20:16,2026-08-08 04:16,Fri,20,FP,,2.54,-0.168,2.54,-0.08,-0.095
2026-08-09 22:02,2026-08-10 06:02,Sun,22,FP,,9.64,-0.128,9.64,-0.005,2.745
2026-08-09 23:56,2026-08-10 07:56,Sun,23,FP,,3.91,-0.1,3.91,0.0,-0.032
2026-08-10 01:00,2026-08-10 09:00,Mon,1,FP,,6.12,-0.116,6.12,0.046,-0.312
2026-08-10 02:01,2026-08-10 10:01,Mon,2,FP,,3.53,-0.4,3.53,0.084,0.446
2026-08-10 03:24,2026-08-10 11:24,Mon,3,FP,,3.24,-0.08,3.24,0.055,-0.197
2026-08-10 08:51,2026-08-10 16:51,Mon,8,FP,,2.8,-0.197,2.8,-0.009,1.253
2026-08-10 10:53,2026-08-10 18:53,Mon,10,FP,,2.58,-0.089,2.58,-0.032,0.551
2026-08-10 12:00,2026-08-10 20:00,Mon,12,FP,,2.51,-0.066,2.51,-0.013,0.013
2026-08-10 13:00,2026-08-10 21:00,Mon,13,FP,,4.71,-0.05,4.71,-0.113,-0.145
2026-08-10 14:00,2026-08-10 22:00,Mon,14,FP,,5.29,-0.183,5.29,0.097,1.58
2026-08-11 01:02,2026-08-11 09:02,Tue,1,FP,,5.9,-0.067,5.9,0.14,-0.085
2026-08-11 02:38,2026-08-11 10:38,Tue,2,FP,,4.27,-0.061,4.27,0.016,-0.194
2026-08-11 04:19,2026-08-11 12:19,Tue,4,FP,,3.07,-0.089,3.07,0.015,-0.425
2026-08-11 05:22,2026-08-11 13:22,Tue,5,FP,,2.73,-0.316,2.73,-0.022,0.537
2026-08-11 06:22,2026-08-11 14:22,Tue,6,FP,,3.7,-0.585,3.7,-0.096,0.176
2026-08-11 07:26,2026-08-11 15:26,Tue,7,FP,,4.77,-0.165,4.77,-0.036,1.265
2026-08-11 09:42,2026-08-11 17:42,Tue,9,FP,,2.54,-0.086,2.54,0.055,-0.131
2026-08-11 12:03,2026-08-11 20:03,Tue,12,FP,,2.88,-0.142,2.88,-0.072,0.177
2026-08-11 13:14,2026-08-11 21:14,Tue,13,FP,,4.73,-0.072,4.73,-0.058,-0.341
2026-08-11 14:15,2026-08-11 22:15,Tue,14,FP,,2.62,-0.152,2.62,-0.027,0.269
2026-08-11 15:34,2026-08-11 23:34,Tue,15,FP,,9.44,-0.293,9.44,-0.218,1.229
2026-08-11 17:30,2026-08-12 01:30,Tue,17,FP,,3.38,-0.073,3.38,-0.133,0.556
2026-08-11 19:52,2026-08-12 03:52,Tue,19,FP,,2.84,-0.118,2.84,-0.056,0.313
2026-08-11 23:03,2026-08-12 07:03,Tue,23,FP,,2.85,-0.084,2.85,-0.002,0.016
2026-08-12 04:40,2026-08-12 12:40,Wed,4,FP,,3.68,-0.173,3.68,0.013,-0.226
2026-08-12 05:41,2026-08-12 13:41,Wed,5,FP,,3.82,-0.135,3.82,0.016,-0.256
2026-08-12 08:47,2026-08-12 16:47,Wed,8,FP,,2.62,-0.085,2.62,0.036,-0.429
2026-08-12 10:48,2026-08-12 18:48,Wed,10,FP,,3.77,-0.054,3.77,-0.036,0.553
2026-08-12 12:20,2026-08-12 20:20,Wed,12,FP,,2.63,-0.057,2.63,0.063,0.396
2026-08-12 13:29,2026-08-12 21:29,Wed,13,FP,,2.72,-0.182,2.72,0.148,-1.033
2026-08-12 14:48,2026-08-12 22:48,Wed,14,FP,,2.8,-0.096,2.8,-0.141,0.078
2026-08-12 15:51,2026-08-12 23:51,Wed,15,FP,,3.94,-0.124,3.94,-0.051,0.464
2026-08-12 16:51,2026-08-13 00:51,Wed,16,FP,,3.32,-0.171,3.32,0.154,-0.384
2026-08-12 17:53,2026-08-13 01:53,Wed,17,FP,,2.75,-0.107,2.75,-0.034,0.175
2026-08-12 19:49,2026-08-13 03:49,Wed,19,FP,,4.24,-0.173,4.24,-0.088,-0.301
2026-08-12 22:05,2026-08-13 06:05,Wed,22,FP,,2.66,-0.105,2.66,-0.034,0.252
2026-08-13 01:20,2026-08-13 09:20,Thu,1,FP,,4.14,-0.15,4.14,-0.068,-0.37
2026-08-13 02:24,2026-08-13 10:24,Thu,2,FP,,2.82,-0.33,2.82,0.074,-0.146
2026-08-13 03:46,2026-08-13 11:46,Thu,3,FP,,2.6,-0.069,2.6,0.023,0.268
2026-08-13 04:46,2026-08-13 12:46,Thu,4,FP,,2.56,-0.191,2.56,0.014,0.607
2026-08-13 05:46,2026-08-13 13:46,Thu,5,FP,,5.54,-0.304,5.54,0.031,0.121
2026-08-13 06:47,2026-08-13 14:47,Thu,6,FP,,3.52,-0.185,3.52,-0.055,0.012
2026-08-13 07:48,2026-08-13 15:48,Thu,7,FP,,3.29,-0.114,3.29,0.063,-1.072
2026-08-13 11:44,2026-08-13 19:44,Thu,11,FP,,2.97,-0.149,2.97,0.048,0.16
2026-08-13 13:29,2026-08-13 21:29,Thu,13,FP,,2.96,-0.125,2.96,0.128,-0.577
2026-08-13 14:29,2026-08-13 22:29,Thu,14,FP,,5.07,-0.402,5.07,0.552,-0.278
2026-08-13 15:29,2026-08-13 23:29,Thu,15,FP,,2.85,-0.055,2.85,-0.384,2.234
2026-08-13 16:29,2026-08-14 00:29,Thu,16,FP,,4.9,-0.063,4.9,0.043,-0.393
2026-08-13 17:33,2026-08-14 01:33,Thu,17,FP,,2.67,-0.127,2.67,0.023,-0.073
2026-08-13 19:13,2026-08-14 03:13,Thu,19,FP,,5.08,-0.305,5.08,0.099,0.129
2026-08-13 23:06,2026-08-14 07:06,Thu,23,FP,,2.82,-0.097,2.82,-0.013,0.093
2026-08-14 00:12,2026-08-14 08:12,Fri,0,FP,,4.5,-0.1,4.5,-0.013,0.317
2026-08-14 01:12,2026-08-14 09:12,Fri,1,FP,,3.29,-0.613,3.29,-0.061,-0.111
2026-08-14 02:14,2026-08-14 10:14,Fri,2,FP,,2.81,-0.267,2.81,0.07,-0.333
2026-08-14 05:30,2026-08-14 13:30,Fri,5,FP,,6.92,-0.297,6.92,-0.023,0.295
2026-08-14 14:34,2026-08-14 22:34,Fri,14,FP,,4.7,-0.153,4.7,-0.17,0.617
2026-08-14 16:33,2026-08-15 00:33,Fri,16,FP,,3.22,-0.052,3.22,0.042,0.079
2026-08-14 18:03,2026-08-15 02:03,Fri,18,FP,,2.73,-0.099,2.73,0.025,0.201
2026-08-16 23:32,2026-08-17 07:32,Sun,23,FP,,4.8,-0.102,4.8,0.009,-0.012
2026-08-17 01:52,2026-08-17 09:52,Mon,1,FP,,2.55,-0.05,2.55,-0.029,0.658
2026-08-17 02:56,2026-08-17 10:56,Mon,2,FP,,3.76,-0.058,3.76,0.016,-0.176
2026-08-17 05:01,2026-08-17 13:01,Mon,5,FP,,2.7,-0.113,2.7,-0.002,0.03
2026-08-17 08:40,2026-08-17 16:40,Mon,8,FP,,2.88,-0.225,2.88,-0.032,0.534
2026-08-17 10:26,2026-08-17 18:26,Mon,10,FP,,4.16,-0.098,4.16,-0.034,0.644
2026-08-17 12:01,2026-08-17 20:01,Mon,12,FP,,3.04,-0.109,3.04,-0.052,-0.545
2026-08-17 13:01,2026-08-17 21:01,Mon,13,FP,,3.4,-0.18,3.4,-0.106,0.62
2026-08-17 17:19,2026-08-18 01:19,Mon,17,FP,,2.58,-0.142,2.58,-0.165,1.639
2026-08-17 18:24,2026-08-18 02:24,Mon,18,FP,,3.84,-0.17,3.84,-0.004,1.122
2026-08-17 20:59,2026-08-18 04:59,Mon,20,FP,,3.0,-0.116,3.0,-0.019,0.351
2026-08-17 23:00,2026-08-18 07:00,Mon,23,FP,,3.04,-0.146,3.04,-0.025,0.077
2026-08-18 01:21,2026-08-18 09:21,Tue,1,FP,,3.02,-0.085,3.02,-0.048,-0.012
2026-08-18 02:30,2026-08-18 10:30,Tue,2,FP,,2.74,-0.524,2.74,-0.22,0.226
2026-08-18 04:39,2026-08-18 12:39,Tue,4,FP,,2.91,-0.086,2.91,-0.049,0.107
2026-08-18 06:00,2026-08-18 14:00,Tue,6,FP,,4.26,-0.051,4.26,-0.168,-0.006
2026-08-18 08:06,2026-08-18 16:06,Tue,8,FP,,2.71,-0.172,2.71,-0.266,0.297
2026-08-18 09:38,2026-08-18 17:38,Tue,9,FP,,2.66,-0.104,2.66,-0.046,-0.046
2026-08-18 11:40,2026-08-18 19:40,Tue,11,FP,,2.56,-0.136,2.56,0.022,0.161
2026-08-18 13:00,2026-08-18 21:00,Tue,13,FP,,5.53,-0.052,5.53,0.023,0.319
2026-08-18 14:14,2026-08-18 22:14,Tue,14,FP,,2.89,-0.054,2.89,-0.129,-0.25
2026-08-18 15:14,2026-08-18 23:14,Tue,15,FP,,4.87,-0.755,4.87,-0.049,0.12
2026-08-18 17:19,2026-08-19 01:19,Tue,17,FP,,2.97,-0.063,2.97,-0.0,-0.215
2026-08-18 18:28,2026-08-19 02:28,Tue,18,FP,,2.68,-0.125,2.68,0.016,-0.172
2026-08-18 19:44,2026-08-19 03:44,Tue,19,FP,,5.19,-0.098,5.19,-0.027,-0.07
2026-08-18 20:47,2026-08-19 04:47,Tue,20,FP,,2.82,-0.47,2.82,-0.049,0.377
2026-08-18 23:08,2026-08-19 07:08,Tue,23,FP,,2.55,-0.151,2.55,-0.037,-0.013
2026-08-19 01:00,2026-08-19 09:00,Wed,1,FP,,7.69,-0.08,7.69,0.007,0.462
2026-08-19 02:56,2026-08-19 10:56,Wed,2,FP,,2.9,-0.058,2.9,-0.032,-0.171
2026-08-19 04:57,2026-08-19 12:57,Wed,4,FP,,3.26,-0.176,3.26,-0.054,-0.142
2026-08-19 06:00,2026-08-19 14:00,Wed,6,FP,,5.44,-0.189,5.44,-0.046,0.184
2026-08-19 11:41,2026-08-19 19:41,Wed,11,FP,,2.53,-0.091,2.53,0.005,-0.182
2026-08-19 15:27,2026-08-19 23:27,Wed,15,FP,,3.51,-0.099,3.51,0.185,0.706
2026-08-19 17:11,2026-08-20 01:11,Wed,17,FP,,4.04,-0.182,4.04,-0.251,0.422
2026-08-19 18:14,2026-08-20 02:14,Wed,18,FP,,2.57,-0.103,2.57,-0.047,-0.876
2026-08-19 22:32,2026-08-20 06:32,Wed,22,FP,,4.35,-0.097,4.35,0.128,-0.026
2026-08-19 23:34,2026-08-20 07:34,Wed,23,FP,,2.87,-0.104,2.87,0.032,0.19
2026-08-20 00:35,2026-08-20 08:35,Thu,0,FP,,3.06,-0.113,3.06,-0.029,0.13
2026-08-20 01:36,2026-08-20 09:36,Thu,1,FP,,2.93,-0.314,2.93,-0.007,0.202
2026-08-20 02:37,2026-08-20 10:37,Thu,2,FP,,3.17,-0.081,3.17,-0.011,-0.335
2026-08-20 04:29,2026-08-20 12:29,Thu,4,FP,,3.07,-0.079,3.07,0.02,0.307
2026-08-20 05:30,2026-08-20 13:30,Thu,5,FP,,4.71,-0.124,4.71,-0.046,-0.212
2026-08-20 07:15,2026-08-20 15:15,Thu,7,FP,,2.91,-0.105,2.91,-0.065,0.792
2026-08-20 08:46,2026-08-20 16:46,Thu,8,FP,,2.66,-0.085,2.66,-0.211,0.852
2026-08-20 09:47,2026-08-20 17:47,Thu,9,FP,,2.64,-0.055,2.64,0.105,0.012
2026-08-20 11:13,2026-08-20 19:13,Thu,11,FP,,3.0,-0.134,3.0,-0.075,0.265
2026-08-20 12:14,2026-08-20 20:14,Thu,12,FP,,3.83,-0.508,3.83,-0.48,0.661
2026-08-20 16:03,2026-08-21 00:03,Thu,16,FP,,3.34,-0.284,3.34,-0.213,0.361
2026-08-20 17:08,2026-08-21 01:08,Thu,17,FP,,3.14,-0.255,3.14,-0.038,-0.434
2026-08-20 20:13,2026-08-21 04:13,Thu,20,FP,,2.56,-0.118,2.56,-0.145,-0.247
2026-08-21 00:03,2026-08-21 08:03,Fri,0,FP,,2.72,-0.117,2.72,0.015,-0.225
2026-08-21 01:03,2026-08-21 09:03,Fri,1,FP,,4.96,-0.172,4.96,-0.047,0.161
2026-08-21 02:32,2026-08-21 10:32,Fri,2,FP,,3.4,-0.151,3.4,0.082,0.029
2026-08-21 03:48,2026-08-21 11:48,Fri,3,FP,,3.45,-0.096,3.45,-0.036,-0.115
2026-08-21 05:15,2026-08-21 13:15,Fri,5,FP,,2.9,-0.059,2.9,-0.003,-0.244
2026-08-21 07:37,2026-08-21 15:37,Fri,7,FP,,2.96,-0.101,2.96,0.095,0.082
2026-08-21 10:11,2026-08-21 18:11,Fri,10,FP,,3.34,-0.364,3.34,0.031,1.581
2026-08-21 12:18,2026-08-21 20:18,Fri,12,FP,,3.87,-0.241,3.87,0.074,-0.103
2026-08-21 13:34,2026-08-21 21:34,Fri,13,FP,,3.33,-0.086,3.33,-0.221,0.013
2026-08-21 14:38,2026-08-21 22:38,Fri,14,FP,,4.77,-0.125,4.77,-0.042,-0.667
2026-08-21 17:45,2026-08-22 01:45,Fri,17,FP,,2.52,-0.082,2.52,-0.073,0.393
2026-08-21 19:05,2026-08-22 03:05,Fri,19,FP,,3.71,-0.108,3.71,0.061,-0.287
2026-08-21 20:48,2026-08-22 04:48,Fri,20,FP,,4.18,-0.37,4.18,-0.14,0.054
2026-08-23 23:02,2026-08-24 07:02,Sun,23,FP,,2.59,-0.127,2.59,0.037,-0.219
2026-08-24 00:25,2026-08-24 08:25,Mon,0,FP,,9.09,-0.084,9.09,-0.073,-0.199
2026-08-24 03:10,2026-08-24 11:10,Mon,3,FP,,3.75,-0.29,3.75,-0.005,0.357
2026-08-24 04:24,2026-08-24 12:24,Mon,4,FP,,2.67,-0.098,2.67,-0.109,-0.124
2026-08-24 05:29,2026-08-24 13:29,Mon,5,FP,,4.31,-0.094,4.31,-0.039,-0.069
2026-08-24 07:09,2026-08-24 15:09,Mon,7,FP,,2.99,-0.05,2.99,0.05,-0.458
2026-08-24 08:11,2026-08-24 16:11,Mon,8,FP,,4.28,-0.285,4.28,-0.046,0.727
2026-08-24 09:45,2026-08-24 17:45,Mon,9,FP,,2.6,-0.099,2.6,-0.029,0.059
2026-08-24 11:03,2026-08-24 19:03,Mon,11,FP,,3.79,-0.072,3.79,-0.186,-0.006
2026-08-24 12:37,2026-08-24 20:37,Mon,12,FP,,2.67,-0.105,2.67,-0.091,0.317
2026-08-24 13:52,2026-08-24 21:52,Mon,13,FP,,6.81,-0.063,6.81,-0.206,-0.209
2026-08-24 15:37,2026-08-24 23:37,Mon,15,FP,,3.14,-0.107,3.14,0.033,-0.459
2026-08-24 16:58,2026-08-25 00:58,Mon,16,FP,,4.28,-0.064,4.28,-0.013,0.6
2026-08-24 18:02,2026-08-25 02:02,Mon,18,FP,,4.42,-0.074,4.42,-0.055,-0.281
2026-08-25 01:00,2026-08-25 09:00,Tue,1,FP,,12.03,-0.289,12.03,0.045,-0.317
2026-08-25 02:00,2026-08-25 10:00,Tue,2,FP,,3.13,-0.348,3.13,0.021,0.707
2026-08-25 03:00,2026-08-25 11:00,Tue,3,FP,,2.89,-0.629,2.89,-0.069,0.094
2026-08-25 04:32,2026-08-25 12:32,Tue,4,FP,,3.58,-0.18,3.58,0.01,-0.117
2026-08-25 07:02,2026-08-25 15:02,Tue,7,FP,,2.81,-0.144,2.81,0.116,0.024
2026-08-25 08:02,2026-08-25 16:02,Tue,8,FP,,2.54,-0.259,2.54,-0.108,0.439
2026-08-25 09:30,2026-08-25 17:30,Tue,9,FP,,3.18,-0.195,3.18,0.083,-1.436
2026-08-25 12:18,2026-08-25 20:18,Tue,12,FP,,4.82,-0.223,4.82,0.126,-0.267
2026-08-25 13:20,2026-08-25 21:20,Tue,13,FP,,3.07,-0.252,3.07,-0.079,0.025
2026-08-25 16:21,2026-08-26 00:21,Tue,16,FP,,3.09,-0.092,3.09,0.042,0.085
2026-08-25 17:27,2026-08-26 01:27,Tue,17,FP,,2.74,-0.053,2.74,-0.128,0.073
2026-08-26 00:00,2026-08-26 08:00,Wed,0,FP,,4.49,-0.389,4.49,-0.133,0.074
2026-08-26 01:00,2026-08-26 09:00,Wed,1,FP,,11.05,-0.311,11.05,-0.072,-0.723
2026-08-26 03:06,2026-08-26 11:06,Wed,3,FP,,2.68,-0.134,2.68,0.169,-0.026
2026-08-26 05:46,2026-08-26 13:46,Wed,5,FP,,2.55,-0.081,2.55,0.007,0.76
2026-08-26 06:55,2026-08-26 14:55,Wed,6,FP,,2.6,-0.129,2.6,0.02,-0.452
2026-08-26 08:08,2026-08-26 16:08,Wed,8,FP,,2.56,-0.111,2.56,0.048,-0.188
2026-08-26 09:13,2026-08-26 17:13,Wed,9,FP,,2.79,-0.059,2.79,-0.007,-0.355
2026-08-26 10:31,2026-08-26 18:31,Wed,10,FP,,2.89,-0.071,2.89,-0.042,0.074
2026-08-26 12:31,2026-08-26 20:31,Wed,12,FP,,9.09,-0.161,9.09,-0.085,-0.073
2026-08-26 13:32,2026-08-26 21:32,Wed,13,FP,,4.43,-0.098,4.43,0.012,0.91
2026-08-26 14:46,2026-08-26 22:46,Wed,14,FP,,5.31,-0.089,5.31,-0.121,0.491
2026-08-26 15:50,2026-08-26 23:50,Wed,15,FP,,2.77,-0.122,2.77,0.042,0.666
2026-08-26 16:51,2026-08-27 00:51,Wed,16,FP,,4.06,-0.207,4.06,-0.183,0.23
2026-08-26 19:03,2026-08-27 03:03,Wed,19,FP,,2.52,-0.23,2.52,0.196,-0.559
2026-08-26 20:20,2026-08-27 04:20,Wed,20,FP,,5.23,-0.147,5.23,0.018,-0.248
2026-08-27 00:27,2026-08-27 08:27,Thu,0,FP,,2.85,-0.084,2.85,-0.027,-0.281
2026-08-27 02:40,2026-08-27 10:40,Thu,2,FP,,2.79,-0.109,2.79,0.049,-0.159
2026-08-27 04:05,2026-08-27 12:05,Thu,4,FP,,2.55,-0.175,2.55,-0.029,0.277
2026-08-27 05:23,2026-08-27 13:23,Thu,5,FP,,2.58,-0.051,2.58,-0.146,-0.183
2026-08-27 06:27,2026-08-27 14:27,Thu,6,FP,,2.58,-0.238,2.58,-0.052,-0.417
2026-08-27 07:29,2026-08-27 15:29,Thu,7,FP,,3.46,-0.234,3.46,0.114,-0.405
2026-08-27 09:02,2026-08-27 17:02,Thu,9,FP,,3.38,-0.159,3.38,-0.014,0.749
2026-08-27 10:02,2026-08-27 18:02,Thu,10,FP,,9.16,-0.58,9.16,-0.019,0.685
2026-08-27 12:32,2026-08-27 20:32,Thu,12,FP,,2.74,-0.057,2.74,-0.02,0.231
2026-08-27 13:32,2026-08-27 21:32,Thu,13,FP,,5.16,-0.275,5.16,-0.149,0.412
2026-08-27 17:51,2026-08-28 01:51,Thu,17,FP,,3.39,-0.086,3.39,-0.062,0.435
2026-08-27 19:55,2026-08-28 03:55,Thu,19,FP,,2.7,-0.087,2.7,0.205,-0.072
2026-08-27 23:20,2026-08-28 07:20,Thu,23,FP,,2.85,-0.115,2.85,-0.029,0.072
2026-08-28 00:21,2026-08-28 08:21,Fri,0,FP,,2.82,-0.218,2.82,0.048,-0.203
2026-08-28 01:25,2026-08-28 09:25,Fri,1,FP,,4.13,-0.067,4.13,0.033,-0.077
2026-08-28 02:32,2026-08-28 10:32,Fri,2,FP,,3.05,-0.055,3.05,0.068,0.458
2026-08-28 05:30,2026-08-28 13:30,Fri,5,FP,,5.73,-0.089,5.73,-0.064,0.061
2026-08-28 08:37,2026-08-28 16:37,Fri,8,FP,,3.62,-0.105,3.62,0.029,-0.158
2026-08-28 10:52,2026-08-28 18:52,Fri,10,FP,,2.89,-0.168,2.89,-0.041,0.469
2026-08-28 12:03,2026-08-28 20:03,Fri,12,FP,,3.8,-0.072,3.8,0.017,-0.325
2026-08-28 13:25,2026-08-28 21:25,Fri,13,FP,,3.96,-0.055,3.96,-0.068,-0.46
2026-08-28 14:25,2026-08-28 22:25,Fri,14,FP,,9.96,-1.104,9.96,-0.048,0.437
2026-08-28 15:32,2026-08-28 23:32,Fri,15,FP,,5.74,-0.086,5.74,0.437,0.418
2026-08-28 16:32,2026-08-29 00:32,Fri,16,FP,,5.5,-1.557,5.5,-0.569,-0.109
2026-08-28 17:32,2026-08-29 01:32,Fri,17,FP,,3.36,-0.215,3.36,-0.141,0.277
2026-08-28 18:32,2026-08-29 02:32,Fri,18,FP,,3.18,-0.501,3.18,-0.027,-0.083
2026-08-28 20:20,2026-08-29 04:20,Fri,20,FP,,3.45,-0.134,3.45,-0.037,0.167
2026-08-30 22:00,2026-08-31 06:00,Sun,22,FP,,13.18,-0.306,13.18,-0.059,2.084
2026-08-30 23:24,2026-08-31 07:24,Sun,23,FP,,3.66,-0.066,3.66,-0.125,-0.141
2026-08-31 00:28,2026-08-31 08:28,Mon,0,FP,,2.92,-0.062,2.92,-0.037,-0.508
2026-08-31 01:28,2026-08-31 09:28,Mon,1,FP,,4.23,-0.241,4.23,-0.117,0.587
2026-08-31 02:29,2026-08-31 10:29,Mon,2,FP,,3.78,-0.466,3.78,0.003,0.548
2026-08-31 04:11,2026-08-31 12:11,Mon,4,FP,,3.22,-0.153,3.22,-0.042,-0.059
2026-08-31 08:33,2026-08-31 16:33,Mon,8,FP,,2.58,-0.142,2.58,0.025,1.185
2026-08-31 12:20,2026-08-31 20:20,Mon,12,FP,,3.33,-0.059,3.33,-0.038,-0.232
2026-08-31 13:22,2026-08-31 21:22,Mon,13,FP,,3.54,-0.254,3.54,-0.075,-0.517
2026-08-31 14:22,2026-08-31 22:22,Mon,14,FP,,2.51,-0.404,2.51,-0.2,0.029
2026-08-31 15:37,2026-08-31 23:37,Mon,15,FP,,3.1,-0.063,3.1,0.02,0.264
2026-08-31 17:29,2026-09-01 01:29,Mon,17,FP,,5.03,-0.178,5.03,-0.066,0.07
2026-08-31 18:30,2026-09-01 02:30,Mon,18,FP,,3.05,-0.09,3.05,0.152,0.345
2026-09-01 01:03,2026-09-01 09:03,Tue,1,FP,,5.19,-0.061,5.19,0.026,-0.064
2026-09-01 02:07,2026-09-01 10:07,Tue,2,FP,,3.08,-0.063,3.08,-0.016,-0.244
2026-09-01 03:13,2026-09-01 11:13,Tue,3,FP,,3.1,-0.099,3.1,-0.029,0.439
2026-09-01 04:18,2026-09-01 12:18,Tue,4,FP,,3.96,-0.148,3.96,0.008,0.069
2026-09-01 06:44,2026-09-01 14:44,Tue,6,FP,,2.51,-0.17,2.51,-0.045,0.03
2026-09-01 07:44,2026-09-01 15:44,Tue,7,FP,,2.8,-0.377,2.8,-0.108,0.75
2026-09-01 08:44,2026-09-01 16:44,Tue,8,FP,,5.78,-0.963,5.78,-0.39,0.954
2026-09-01 09:47,2026-09-01 17:47,Tue,9,FP,,3.13,-0.056,3.13,-0.088,0.058
2026-09-01 11:21,2026-09-01 19:21,Tue,11,FP,,4.21,-0.144,4.21,-0.052,-0.033
2026-09-01 12:22,2026-09-01 20:22,Tue,12,FP,,3.33,-0.15,3.33,-0.062,0.022
2026-09-01 13:22,2026-09-01 21:22,Tue,13,FP,,3.5,-0.825,3.5,-0.066,0.433
2026-09-01 14:56,2026-09-01 22:56,Tue,14,FP,,2.98,-0.107,2.98,0.255,-0.779
2026-09-01 16:20,2026-09-02 00:20,Tue,16,FP,,2.85,-0.179,2.85,-0.07,1.756
2026-09-01 17:25,2026-09-02 01:25,Tue,17,FP,,6.08,-0.305,6.08,-0.197,0.0
2026-09-01 18:30,2026-09-02 02:30,Tue,18,FP,,3.26,-0.369,3.26,-0.096,0.791
2026-09-01 19:32,2026-09-02 03:32,Tue,19,FP,,2.58,-0.109,2.58,-0.032,0.206
2026-09-01 23:00,2026-09-02 07:00,Tue,23,FP,,2.52,-0.167,2.52,-0.005,0.167
2026-09-02 00:02,2026-09-02 08:02,Wed,0,FP,,9.59,-0.142,9.59,-0.003,0.055
2026-09-02 01:02,2026-09-02 09:02,Wed,1,FP,,10.51,-0.204,10.51,-0.057,1.091
2026-09-02 02:02,2026-09-02 10:02,Wed,2,FP,,3.51,-0.415,3.51,-0.069,-0.437
2026-09-02 03:16,2026-09-02 11:16,Wed,3,FP,,3.66,-0.057,3.66,0.016,-0.292
2026-09-02 06:33,2026-09-02 14:33,Wed,6,FP,,2.71,-0.084,2.71,-0.134,0.344
2026-09-02 07:43,2026-09-02 15:43,Wed,7,FP,,2.76,-0.05,2.76,-0.02,-0.619
2026-09-02 08:54,2026-09-02 16:54,Wed,8,FP,,3.46,-0.177,3.46,-0.19,0.2
2026-09-02 10:06,2026-09-02 18:06,Wed,10,FP,,3.92,-0.444,3.92,-0.115,0.309
2026-09-02 14:59,2026-09-02 22:59,Wed,14,FP,,2.93,-0.187,2.93,0.302,1.65
2026-09-02 16:05,2026-09-03 00:05,Wed,16,FP,,4.43,-0.222,4.43,0.045,0.243
2026-09-02 17:16,2026-09-03 01:16,Wed,17,FP,,2.64,-0.059,2.64,-0.068,0.355
2026-09-03 05:15,2026-09-03 13:15,Thu,5,FP,,3.04,-0.054,3.04,-0.149,-0.45
2026-09-03 06:24,2026-09-03 14:24,Thu,6,FP,,4.62,-0.15,4.62,0.153,-0.478
2026-09-03 09:06,2026-09-03 17:06,Thu,9,FP,,3.03,-0.066,3.03,-0.091,1.721
2026-09-03 10:24,2026-09-03 18:24,Thu,10,FP,,3.16,-0.288,3.16,-0.177,1.419
2026-09-03 13:38,2026-09-03 21:38,Thu,13,FP,,3.01,-0.087,3.01,0.356,-0.931
2026-09-03 14:39,2026-09-03 22:39,Thu,14,FP,,4.49,-0.139,4.49,-0.205,0.676
2026-09-03 16:03,2026-09-04 00:03,Thu,16,FP,,2.63,-0.054,2.63,0.397,-1.106
2026-09-03 17:04,2026-09-04 01:04,Thu,17,FP,,3.14,-0.077,3.14,0.0,0.433
2026-09-03 18:05,2026-09-04 02:05,Thu,18,FP,,4.54,-0.074,4.54,0.123,-0.328
2026-09-03 19:30,2026-09-04 03:30,Thu,19,FP,,2.62,-0.083,2.62,-0.044,0.111
2026-09-03 23:06,2026-09-04 07:06,Thu,23,FP,,4.22,-0.106,4.22,0.037,0.164
2026-09-04 01:04,2026-09-04 09:04,Fri,1,FP,,2.78,-0.066,2.78,0.03,-0.12
2026-09-04 02:12,2026-09-04 10:12,Fri,2,FP,,3.11,-0.064,3.11,0.026,0.163
2026-09-04 03:20,2026-09-04 11:20,Fri,3,FP,,2.51,-0.065,2.51,0.031,0.104
2026-09-04 05:30,2026-09-04 13:30,Fri,5,FP,,5.33,-0.055,5.33,0.014,-0.414
2026-09-04 06:34,2026-09-04 14:34,Fri,6,FP,,2.89,-0.18,2.89,-0.04,0.097
2026-09-04 08:56,2026-09-04 16:56,Fri,8,FP,,2.67,-0.145,2.67,0.04,-0.241
2026-09-04 09:59,2026-09-04 17:59,Fri,9,FP,,2.73,-0.272,2.73,-0.046,0.447
2026-09-04 11:17,2026-09-04 19:17,Fri,11,FP,,2.71,-0.079,2.71,-0.014,0.055
2026-09-04 12:20,2026-09-04 20:20,Fri,12,FP,,3.96,-0.059,3.96,-0.07,-0.376
2026-09-04 13:20,2026-09-04 21:20,Fri,13,FP,,3.63,-1.459,3.63,-0.165,-0.221
2026-09-04 14:47,2026-09-04 22:47,Fri,14,FP,,5.01,-0.156,5.01,-0.276,1.514
2026-09-04 16:09,2026-09-05 00:09,Fri,16,FP,,2.63,-0.066,2.63,0.083,0.642
2026-09-04 17:18,2026-09-05 01:18,Fri,17,FP,,3.54,-0.054,3.54,-0.047,0.242
2026-09-04 18:21,2026-09-05 02:21,Fri,18,FP,,3.51,-0.293,3.51,-0.033,0.329
2026-09-06 22:00,2026-09-07 06:00,Sun,22,FP,,6.11,-0.178,6.11,0.025,1.1
2026-09-06 23:40,2026-09-07 07:40,Sun,23,FP,,2.54,-0.097,2.54,-0.012,-0.011
2026-09-07 00:50,2026-09-07 08:50,Mon,0,FP,,4.97,-0.073,4.97,-0.045,-0.315
2026-09-07 01:52,2026-09-07 09:52,Mon,1,FP,,5.33,-0.213,5.33,0.016,-0.076
2026-09-07 03:31,2026-09-07 11:31,Mon,3,FP,,2.52,-0.118,2.52,-0.018,0.065
2026-09-07 05:01,2026-09-07 13:01,Mon,5,FP,,2.88,-0.062,2.88,0.008,0.093
2026-09-07 06:01,2026-09-07 14:01,Mon,6,FP,,2.98,-0.21,2.98,0.032,0.292
2026-09-07 07:33,2026-09-07 15:33,Mon,7,FP,,3.66,-0.056,3.66,-0.006,-0.562
2026-09-07 09:30,2026-09-07 17:30,Mon,9,FP,,2.99,-0.379,2.99,-0.065,0.538
2026-09-07 10:41,2026-09-07 18:41,Mon,10,FP,,2.58,-0.303,2.58,-0.005,0.126
2026-09-07 11:45,2026-09-07 19:45,Mon,11,FP,,2.6,-0.24,2.6,-0.123,0.775
2026-09-07 18:25,2026-09-08 02:25,Mon,18,FP,,2.69,-0.232,2.69,0.0,0.0
2026-09-08 00:43,2026-09-08 08:43,Tue,0,FP,,3.83,-0.106,3.83,0.039,-0.178
2026-09-08 02:28,2026-09-08 10:28,Tue,2,FP,,2.68,-0.183,2.68,0.097,0.109
2026-09-08 05:22,2026-09-08 13:22,Tue,5,FP,,2.79,-0.111,2.79,-0.021,0.279
2026-09-08 06:23,2026-09-08 14:23,Tue,6,FP,,3.94,-0.528,3.94,-0.267,0.735
2026-09-08 07:34,2026-09-08 15:34,Tue,7,FP,,2.92,-0.098,2.92,0.016,0.411
2026-09-08 08:35,2026-09-08 16:35,Tue,8,FP,,2.82,-0.056,2.82,-0.091,0.19
2026-09-08 12:14,2026-09-08 20:14,Tue,12,FP,,3.04,-0.073,3.04,0.038,-0.032
2026-09-08 13:32,2026-09-08 21:32,Tue,13,FP,,4.26,-0.144,4.26,-0.007,-0.225
2026-09-08 14:32,2026-09-08 22:32,Tue,14,FP,,3.11,-0.061,3.11,-0.286,-0.087
2026-09-08 16:04,2026-09-09 00:04,Tue,16,FP,,3.45,-0.192,3.45,0.001,-0.518
2026-09-08 17:34,2026-09-09 01:34,Tue,17,FP,,2.72,-0.073,2.72,0.061,-0.174
2026-09-08 18:47,2026-09-09 02:47,Tue,18,FP,,4.71,-0.102,4.71,-0.066,1.014
2026-09-08 19:50,2026-09-09 03:50,Tue,19,FP,,4.76,-0.091,4.76,-0.085,0.433
2026-09-08 20:50,2026-09-09 04:50,Tue,20,FP,,3.68,-0.265,3.68,-0.051,0.495
2026-09-08 22:08,2026-09-09 06:08,Tue,22,FP,,2.8,-0.059,2.8,0.016,0.066
2026-09-09 00:00,2026-09-09 08:00,Wed,0,FP,,3.7,-0.137,3.7,-0.072,0.447
2026-09-09 02:39,2026-09-09 10:39,Wed,2,FP,,3.35,-0.158,3.35,-0.018,-0.032
2026-09-09 09:10,2026-09-09 17:10,Wed,9,FP,,2.52,-0.126,2.52,-0.093,0.816
2026-09-09 10:19,2026-09-09 18:19,Wed,10,FP,,2.95,-0.123,2.95,-0.215,0.17
2026-09-09 12:12,2026-09-09 20:12,Wed,12,FP,,2.73,-0.083,2.73,-0.137,0.858
2026-09-09 14:20,2026-09-09 22:20,Wed,14,FP,,3.49,-0.067,3.49,-0.112,0.449
2026-09-09 15:20,2026-09-09 23:20,Wed,15,FP,,4.23,-0.628,4.23,-0.129,0.426
2026-09-09 18:41,2026-09-10 02:41,Wed,18,FP,,4.32,-0.094,4.32,0.072,0.522
2026-09-09 19:50,2026-09-10 03:50,Wed,19,FP,,3.1,-0.228,3.1,-0.091,0.228
2026-09-09 22:48,2026-09-10 06:48,Wed,22,FP,,3.15,-0.067,3.15,0.02,0.333
2026-09-10 00:09,2026-09-10 08:09,Thu,0,FP,,3.56,-0.14,3.56,0.098,-0.149
2026-09-10 02:16,2026-09-10 10:16,Thu,2,FP,,2.75,-0.086,2.75,0.023,-0.377
2026-09-10 06:18,2026-09-10 14:18,Thu,6,FP,,3.03,-0.058,3.03,0.01,-0.442
2026-09-10 07:30,2026-09-10 15:30,Thu,7,FP,,2.75,-0.214,2.75,-0.069,0.796
2026-09-10 08:31,2026-09-10 16:31,Thu,8,FP,,2.55,-0.138,2.55,0.029,0.508
2026-09-10 09:32,2026-09-10 17:32,Thu,9,FP,,2.66,-0.272,2.66,-0.136,0.889
2026-09-10 10:33,2026-09-10 18:33,Thu,10,FP,,3.21,-0.131,3.21,0.002,-0.471
2026-09-10 11:50,2026-09-10 19:50,Thu,11,FP,,3.99,-0.065,3.99,-0.15,0.403
2026-09-10 12:50,2026-09-10 20:50,Thu,12,FP,,5.78,-0.58,5.78,-0.427,2.657
2026-09-10 14:33,2026-09-10 22:33,Thu,14,FP,,3.31,-0.114,3.31,0.118,-0.33
2026-09-10 15:40,2026-09-10 23:40,Thu,15,FP,,2.63,-0.058,2.63,-0.01,1.186
2026-09-10 16:42,2026-09-11 00:42,Thu,16,FP,,3.97,-0.18,3.97,-0.109,1.049
2026-09-10 17:46,2026-09-11 01:46,Thu,17,FP,,2.71,-0.069,2.71,-0.136,0.652
2026-09-10 18:49,2026-09-11 02:49,Thu,18,FP,,3.64,-0.599,3.64,-0.069,0.009
2026-09-10 19:50,2026-09-11 03:50,Thu,19,FP,,2.71,-0.265,2.71,0.008,0.712
2026-09-10 23:13,2026-09-11 07:13,Thu,23,FP,,2.8,-0.055,2.8,-0.022,-0.315
2026-09-11 01:45,2026-09-11 09:45,Fri,1,FP,,3.0,-0.094,3.0,-0.013,-0.659
2026-09-11 02:45,2026-09-11 10:45,Fri,2,TP,2026-09-11 03:45 UP↑(B) gap=+60min,3.93,-0.18,3.93,-0.061,0.224
2026-09-11 03:45,2026-09-11 11:45,Fri,3,TP,2026-09-11 03:45 UP↑(B) gap=+0min,3.94,-0.31,3.94,-0.008,0.37
2026-09-11 07:08,2026-09-11 15:08,Fri,7,FP,,2.86,-0.165,2.86,0.056,-0.119
2026-09-11 08:09,2026-09-11 16:09,Fri,8,FP,,3.52,-0.128,3.52,-0.091,0.52
2026-09-11 09:30,2026-09-11 17:30,Fri,9,FP,,2.54,-0.27,2.54,0.05,-0.125
2026-09-11 11:00,2026-09-11 19:00,Fri,11,FP,,3.17,-0.16,3.17,-0.048,-0.67
2026-09-11 12:06,2026-09-11 20:06,Fri,12,FP,,2.92,-0.209,2.92,0.041,0.688
2026-09-11 14:01,2026-09-11 22:01,Fri,14,FP,,9.5,-0.142,9.5,-0.085,0.223
2026-09-11 15:02,2026-09-11 23:02,Fri,15,FP,,3.61,-0.363,3.61,-0.184,0.478
2026-09-11 16:19,2026-09-12 00:19,Fri,16,FP,,4.66,-0.072,4.66,0.007,0.403
2026-09-11 18:09,2026-09-12 02:09,Fri,18,FP,,2.64,-0.234,2.64,-0.009,-0.43
2026-09-11 19:29,2026-09-12 03:29,Fri,19,FP,,3.09,-0.071,3.09,-0.048,0.502
2026-09-13 22:00,2026-09-14 06:00,Sun,22,FP,,13.85,-0.278,13.85,-0.477,2.073
2026-09-13 23:49,2026-09-14 07:49,Sun,23,FP,,3.35,-0.1,3.35,-0.023,0.166
2026-09-14 01:04,2026-09-14 09:04,Mon,1,FP,,4.58,-0.063,4.58,0.051,0.899
2026-09-14 02:51,2026-09-14 10:51,Mon,2,FP,,3.02,-0.14,3.02,0.008,0.351
2026-09-14 03:51,2026-09-14 11:51,Mon,3,FP,,3.35,-0.233,3.35,-0.113,0.437
2026-09-14 04:53,2026-09-14 12:53,Mon,4,FP,,2.61,-0.146,2.61,-0.036,-0.61
2026-09-14 06:32,2026-09-14 14:32,Mon,6,FP,,2.53,-0.103,2.53,-0.021,-0.247
2026-09-14 07:45,2026-09-14 15:45,Mon,7,FP,,3.1,-0.192,3.1,-0.115,0.56
2026-09-14 08:49,2026-09-14 16:49,Mon,8,FP,,2.66,-0.198,2.66,-0.044,0.116
2026-09-14 09:50,2026-09-14 17:50,Mon,9,FP,,3.22,-0.633,3.22,-0.127,-0.412
2026-09-14 11:59,2026-09-14 19:59,Mon,11,FP,,2.61,-0.178,2.61,0.03,0.966
2026-09-14 12:59,2026-09-14 20:59,Mon,12,FP,,3.24,-0.372,3.24,-0.06,0.681
2026-09-14 14:05,2026-09-14 22:05,Mon,14,FP,,2.66,-0.071,2.66,0.242,0.279
2026-09-14 15:14,2026-09-14 23:14,Mon,15,FP,,3.77,-0.105,3.77,-0.244,-1.103
2026-09-14 18:00,2026-09-15 02:00,Mon,18,FP,,4.69,-0.074,4.69,-0.07,0.059
2026-09-14 19:22,2026-09-15 03:22,Mon,19,FP,,3.36,-0.282,3.36,-0.068,-0.31
2026-09-14 22:25,2026-09-15 06:25,Mon,22,FP,,3.5,-0.106,3.5,0.058,0.121
2026-09-14 23:27,2026-09-15 07:27,Mon,23,FP,,2.59,-0.145,2.59,0.006,0.137
2026-09-15 00:30,2026-09-15 08:30,Tue,0,FP,,2.8,-0.099,2.8,0.0,0.612
2026-09-15 03:48,2026-09-15 11:48,Tue,3,FP,,2.53,-0.206,2.53,-0.066,-0.087
2026-09-15 05:15,2026-09-15 13:15,Tue,5,FP,,2.55,-0.194,2.55,-0.207,0.282
2026-09-15 06:25,2026-09-15 14:25,Tue,6,FP,,2.56,-0.207,2.56,0.109,-0.087
2026-09-15 07:43,2026-09-15 15:43,Tue,7,FP,,3.43,-0.176,3.43,-0.145,0.247
2026-09-15 08:55,2026-09-15 16:55,Tue,8,FP,,2.93,-0.281,2.93,-0.061,0.135
2026-09-15 12:17,2026-09-15 20:17,Tue,12,FP,,3.57,-0.266,3.57,0.058,0.41
2026-09-15 14:24,2026-09-15 22:24,Tue,14,FP,,3.55,-0.085,3.55,-0.404,1.547
2026-09-15 15:24,2026-09-15 23:24,Tue,15,FP,,2.9,-0.076,2.9,-0.03,0.795
2026-09-15 19:58,2026-09-16 03:58,Tue,19,FP,,3.15,-0.246,3.15,-0.01,0.024
2026-09-15 20:59,2026-09-16 04:59,Tue,20,FP,,6.83,-0.192,6.83,0.097,-0.376
2026-09-15 23:11,2026-09-16 07:11,Tue,23,FP,,2.71,-0.175,2.71,0.036,-0.009
2026-09-16 00:55,2026-09-16 08:55,Wed,0,FP,,2.95,-0.145,2.95,-0.018,-0.024
2026-09-16 04:20,2026-09-16 12:20,Wed,4,FP,,3.05,-0.267,3.05,-0.029,0.297
2026-09-16 06:43,2026-09-16 14:43,Wed,6,FP,,2.53,-0.076,2.53,-0.022,-0.11
2026-09-16 08:00,2026-09-16 16:00,Wed,8,FP,,3.06,-0.162,3.06,-0.057,0.467
2026-09-16 09:25,2026-09-16 17:25,Wed,9,FP,,4.42,-0.07,4.42,0.02,0.354
2026-09-16 12:06,2026-09-16 20:06,Wed,12,FP,,3.79,-0.071,3.79,0.131,0.039
2026-09-16 13:44,2026-09-16 21:44,Wed,13,FP,,4.21,-0.073,4.21,-0.062,-0.303
2026-09-16 16:21,2026-09-17 00:21,Wed,16,FP,,2.59,-0.099,2.59,-0.044,0.966
2026-09-16 17:48,2026-09-17 01:48,Wed,17,FP,,2.53,-0.062,2.53,-0.078,-0.273
2026-09-16 18:48,2026-09-17 02:48,Wed,18,FP,,4.62,-1.188,4.62,-0.235,0.0
2026-09-16 19:48,2026-09-17 03:48,Wed,19,FP,,3.95,-0.602,3.95,-0.561,-0.386
2026-09-16 20:50,2026-09-17 04:50,Wed,20,FP,,2.9,-0.302,2.9,0.024,0.154
2026-09-16 22:01,2026-09-17 06:01,Wed,22,FP,,4.37,-0.065,4.37,-0.013,0.008
2026-09-16 23:07,2026-09-17 07:07,Wed,23,FP,,4.74,-0.058,4.74,0.158,0.0
2026-09-17 02:05,2026-09-17 10:05,Thu,2,FP,,3.95,-0.096,3.95,-0.047,0.849
2026-09-17 03:19,2026-09-17 11:19,Thu,3,FP,,2.53,-0.131,2.53,0.039,0.196
2026-09-17 05:36,2026-09-17 13:36,Thu,5,FP,,3.09,-0.059,3.09,-0.092,-0.591
2026-09-17 08:17,2026-09-17 16:17,Thu,8,FP,,3.0,-0.213,3.0,-0.138,0.841
2026-09-17 09:26,2026-09-17 17:26,Thu,9,FP,,3.05,-0.187,3.05,0.101,0.448
2026-09-17 13:23,2026-09-17 21:23,Thu,13,FP,,4.29,-0.105,4.29,0.043,0.966
2026-09-17 14:32,2026-09-17 22:32,Thu,14,FP,,3.79,-0.061,3.79,-0.087,0.05
2026-09-17 15:34,2026-09-17 23:34,Thu,15,FP,,3.4,-0.184,3.4,-0.028,0.139
2026-09-17 16:52,2026-09-18 00:52,Thu,16,FP,,2.7,-0.183,2.7,0.01,1.045
2026-09-17 18:30,2026-09-18 02:30,Thu,18,FP,,3.52,-0.187,3.52,0.102,0.005
2026-09-17 19:30,2026-09-18 03:30,Thu,19,FP,,2.9,-0.213,2.9,0.008,-0.799
2026-09-18 01:32,2026-09-18 09:32,Fri,1,FP,,3.54,-0.103,3.54,-0.071,0.301
2026-09-18 02:56,2026-09-18 10:56,Fri,2,FP,,3.4,-0.057,3.4,0.046,-0.01
2026-09-18 07:40,2026-09-18 15:40,Fri,7,FP,,2.58,-0.092,2.58,0.007,-0.534
2026-09-18 09:38,2026-09-18 17:38,Fri,9,FP,,3.32,-0.104,3.32,-0.093,0.324
2026-09-18 11:43,2026-09-18 19:43,Fri,11,FP,,3.13,-0.137,3.13,-0.147,0.427
2026-09-18 12:47,2026-09-18 20:47,Fri,12,FP,,3.22,-0.19,3.22,-0.153,0.582
2026-09-18 13:47,2026-09-18 21:47,Fri,13,FP,,2.7,-0.302,2.7,0.012,0.992
2026-09-18 14:47,2026-09-18 22:47,Fri,14,FP,,2.52,-0.069,2.52,-0.196,-0.369
2026-09-18 15:53,2026-09-18 23:53,Fri,15,FP,,2.58,-0.102,2.58,-0.119,0.102
